IDKSIP,year,date,hour,district,district_commune,road_category,road_number,type_of_road,road_geometry,area,Longitude,Latitude,char_place_of_the_event,weather_conditions,lighting,type_of_accident,num_of_accidents,num_of_fatalities,num_of_injured,type_of_injury,is_offender_intoxicated,,,,,,,,,,,,,,,,,,
EWK-98099139Q,2014,2014-01-16,17,POWIAT OSTROŁĘCKI,MYSZYNIEC - OBSZAR WIEJSKI,Droga krajowa,53,Jednojezdniowa dwukierunkowa,Odcinek prosty,Obszar niezabudowany,"21,4258333333333","53,5386111111111",Jezdnia,Pochmurno,Noc - droga oświetlona,Zderzenie pojazdów boczne,1,0,1,Lekko,N,,,,,,,,,,,,,,,,,,
EWK-98099139Q,2014,2014-01-16,17,POWIAT OSTROŁĘCKI,MYSZYNIEC - OBSZAR WIEJSKI,Droga krajowa,53,Jednojezdniowa dwukierunkowa,Odcinek prosty,Obszar niezabudowany,"21,4258333333333","53,5386111111111",Jezdnia,Pochmurno,Noc - droga oświetlona,Zderzenie pojazdów boczne,1,0,0,Nieokreślone (puste pole),N,,,,,,,,,,,,,,,,,,
EWK-98094346U,2014,2014-01-16,15,POWIAT SOCHACZEWSKI,SOCHACZEW - OBSZAR MIEJSKI,Droga powiatowa,3815W,Jednojezdniowa dwukierunkowa,Odcinek prosty,Obszar zabudowany,"20,3344444444444","52,3730555555556",Jezdnia,Pochmurno,Światło dzienne,Zderzenie pojazdów czołowe,1,0,1,Ciężko,T,,,,,,,,,,,,,,,,,,
EWK-98094346U,2014,2014-01-16,15,POWIAT SOCHACZEWSKI,SOCHACZEW - OBSZAR MIEJSKI,Droga powiatowa,3815W,Jednojezdniowa dwukierunkowa,Odcinek prosty,Obszar zabudowany,"20,3344444444444","52,3730555555556",Jezdnia,Pochmurno,Światło dzienne,Zderzenie pojazdów czołowe,1,0,0,Nieokreślone (puste pole),T,,,,,,,,,,,,,,,,,,
EWK-98095806G,2014,2014-01-17,12,POWIAT SOCHACZEWSKI,TERESIN - OBSZAR WIEJSKI,Droga powiatowa,3831W,Jednojezdniowa dwukierunkowa,Odcinek prosty,Obszar zabudowany,"20,4255555555556","52,2355555555555",Jezdnia,Opady deszczu,Światło dzienne,Zderzenie pojazdów boczne,1,0,1,Lekko,N,,,,,,,,,,,,,,,,,,
EWK-98095806G,2014,2014-01-17,12,POWIAT SOCHACZEWSKI,TERESIN - OBSZAR WIEJSKI,Droga powiatowa,3831W,Jednojezdniowa dwukierunkowa,Odcinek prosty,Obszar zabudowany,"20,4255555555556","52,2355555555555",Jezdnia,Opady deszczu,Światło dzienne,Zderzenie pojazdów boczne,1,0,0,Nieokreślone (puste pole),N,,,,,,,,,,,,,,,,,,
EWK-98096941C,2014,2014-01-17,19,POWIAT RADOMSKI,JEDLIŃSK - OBSZAR WIEJSKI,Droga krajowa,7,Dwie jezdnie jednokierunkowe,,Obszar niezabudowany,"21,2408333333333","51,6544444444445",Jezdnia,Opady deszczu,Noc - droga nieoświetlona,Zderzenie pojazdów tylne,1,0,2,Lekko,T,,,,,,,,,,,,,,,,,,
EWK-98096941C,2014,2014-01-17,19,POWIAT RADOMSKI,JEDLIŃSK - OBSZAR WIEJSKI,Droga krajowa,7,Dwie jezdnie jednokierunkowe,,Obszar niezabudowany,"21,2408333333333","51,6544444444445",Jezdnia,Opady deszczu,Noc - droga nieoświetlona,Zderzenie pojazdów tylne,1,0,0,Nieokreślone (puste pole),T,,,,,,,,,,,,,,,,,,
EWK-98097152C,2014,2014-01-17,9,POWIAT SIERPECKI,ZAWIDZ - OBSZAR WIEJSKI,Droga krajowa,10,Jednojezdniowa dwukierunkowa,"Zakręt, łuk",Obszar niezabudowany,"19,9063888888889","52,8391666666667",Jezdnia,"Opady śniegu, gradu",Światło dzienne,Najechanie na drzewo,1,0,1,Lekko,N,,,,,,,,,,,,,,,,,,
EWK-98097520W,2014,2014-01-17,14,POWIAT RADOM,RADOM - OBSZAR MIEJSKI,Droga krajowa,9,Dwie jezdnie jednokierunkowe,,Obszar zabudowany,"21,2005555555556","51,4622222222222",Jezdnia,Pochmurno,Światło dzienne,Zderzenie pojazdów boczne,1,0,1,Lekko,N,,,,,,,,,,,,,,,,,,
EWK-98097520W,2014,2014-01-17,14,POWIAT RADOM,RADOM - OBSZAR MIEJSKI,Droga krajowa,9,Dwie jezdnie jednokierunkowe,,Obszar zabudowany,"21,2005555555556","51,4622222222222",Jezdnia,Pochmurno,Światło dzienne,Zderzenie pojazdów boczne,1,0,0,Nieokreślone (puste pole),N,,,,,,,,,,,,,,,,,,
EWK-98100881E,2014,2014-01-18,21,POWIAT PŁOCK,PŁOCK - OBSZAR MIEJSKI,Droga wojewódzka,559,Jednojezdniowa dwukierunkowa,Odcinek prosty,Obszar zabudowany,"19,7661111111111","52,5647222222222","Parking, plac",Dobre warunki atmosferyczne,Noc - droga oświetlona,Najechanie na pieszego,1,0,1,Lekko,N,,,,,,,,,,,,,,,,,,
EWK-98100881E,2014,2014-01-18,21,POWIAT PŁOCK,PŁOCK - OBSZAR MIEJSKI,Droga wojewódzka,559,Jednojezdniowa dwukierunkowa,Odcinek prosty,Obszar zabudowany,"19,7661111111111","52,5647222222222","Parking, plac",Dobre warunki atmosferyczne,Noc - droga oświetlona,Najechanie na pieszego,1,0,0,Nieokreślone (puste pole),N,,,,,,,,,,,,,,,,,,
EWK-98118755G,2014,2014-01-18,6,POWIAT GARWOLIŃSKI,ŁASKARZEW - OBSZAR MIEJSKI,Droga powiatowa,31345W,Jednojezdniowa dwukierunkowa,Odcinek prosty,Obszar zabudowany,"21,6669444444444","51,9052777777778",Jezdnia,Dobre warunki atmosferyczne,Noc - droga oświetlona,Zderzenie pojazdów czołowe,1,0,2,Lekko,N,,,,,,,,,,,,,,,,,,
EWK-98118755G,2014,2014-01-18,6,POWIAT GARWOLIŃSKI,ŁASKARZEW - OBSZAR MIEJSKI,Droga powiatowa,31345W,Jednojezdniowa dwukierunkowa,Odcinek prosty,Obszar zabudowany,"21,6669444444444","51,9052777777778",Jezdnia,Dobre warunki atmosferyczne,Noc - droga oświetlona,Zderzenie pojazdów czołowe,1,0,0,Nieokreślone (puste pole),N,,,,,,,,,,,,,,,,,,
EWK-98097596N,2014,2014-01-18,6,POWIAT WYSZKOWSKI,BRAŃSZCZYK - OBSZAR WIEJSKI,Droga krajowa,8,Jednojezdniowa dwukierunkowa,Odcinek prosty,Obszar niezabudowany,"21,5758333333333","52,7763888888889",Jezdnia,Pochmurno,Noc - droga nieoświetlona,Zderzenie pojazdów tylne,1,1,0,Nieokreślone (puste pole),T,,,,,,,,,,,,,,,,,,
EWK-98099343J,2014,2014-01-19,11,POWIAT SZYDŁOWIECKI,OROŃSKO - OBSZAR WIEJSKI,Droga krajowa,7,Jednojezdniowa dwukierunkowa,Odcinek prosty,Obszar niezabudowany,"21,1516666666667","51,4586111111111",Jezdnia,"Opady deszczu; Opady śniegu, gradu","Zmrok, świt",Zderzenie pojazdów czołowe,1,0,1,Lekko,T,,,,,,,,,,,,,,,,,,
EWK-98099343J,2014,2014-01-19,11,POWIAT SZYDŁOWIECKI,OROŃSKO - OBSZAR WIEJSKI,Droga krajowa,7,Jednojezdniowa dwukierunkowa,Odcinek prosty,Obszar niezabudowany,"21,1516666666667","51,4586111111111",Jezdnia,"Opady deszczu; Opady śniegu, gradu","Zmrok, świt",Zderzenie pojazdów czołowe,1,0,0,Nieokreślone (puste pole),T,,,,,,,,,,,,,,,,,,
EWK-98096278L,2014,2014-01-19,20,POWIAT PRZASNYSKI,CZERNICE BOROWE - OBSZAR WIEJSKI,Droga wojewódzka,544,Jednojezdniowa dwukierunkowa,,Obszar niezabudowany,"20,7855555555556","53,0563888888889",Jezdnia,"Opady śniegu, gradu",Noc - droga nieoświetlona,Najechanie na pieszego,1,0,1,Ciężko,N,,,,,,,,,,,,,,,,,,
EWK-98096278L,2014,2014-01-19,20,POWIAT PRZASNYSKI,CZERNICE BOROWE - OBSZAR WIEJSKI,Droga wojewódzka,544,Jednojezdniowa dwukierunkowa,,Obszar niezabudowany,"20,7855555555556","53,0563888888889",Jezdnia,"Opady śniegu, gradu",Noc - droga nieoświetlona,Najechanie na pieszego,1,0,0,Nieokreślone (puste pole),N,,,,,,,,,,,,,,,,,,
EWK-98116789J,2014,2014-01-20,13,POWIAT OSTROWSKI,OSTRÓW MAZOWIECKA - OBSZAR WIEJSKI,Droga krajowa,8,Jednojezdniowa dwukierunkowa,Wzniesienie,Obszar niezabudowany,"22,0925","52,9244444444444",Jezdnia,Dobre warunki atmosferyczne,Światło dzienne,Wywrócenie się pojazdu,1,0,1,Ciężko,N,,,,,,,,,,,,,,,,,,
EWK-98099481Y,2014,2014-01-20,9,POWIAT SZYDŁOWIECKI,OROŃSKO - OBSZAR WIEJSKI,Droga krajowa,7,Jednojezdniowa dwukierunkowa,Odcinek prosty,Obszar niezabudowany,"21,0055555555556","51,3252777777778",Jezdnia,Opady deszczu,Światło dzienne,Zderzenie pojazdów tylne,1,0,1,Lekko,N,,,,,,,,,,,,,,,,,,
EWK-98099481Y,2014,2014-01-20,9,POWIAT SZYDŁOWIECKI,OROŃSKO - OBSZAR WIEJSKI,Droga krajowa,7,Jednojezdniowa dwukierunkowa,Odcinek prosty,Obszar niezabudowany,"21,0055555555556","51,3252777777778",Jezdnia,Opady deszczu,Światło dzienne,Zderzenie pojazdów tylne,1,0,0,Nieokreślone (puste pole),N,,,,,,,,,,,,,,,,,,
EWK-98098048F,2014,2014-01-20,14,POWIAT PŁOCK,PŁOCK - OBSZAR MIEJSKI,Droga gminna,GMINNA,Jednojezdniowa dwukierunkowa,Odcinek prosty,Obszar zabudowany,"19,7872222222222","52,6347222222222",Jezdnia,"Opady śniegu, gradu",Światło dzienne,Najechanie na pieszego,1,0,1,Ciężko,N,,,,,,,,,,,,,,,,,,
EWK-98098048F,2014,2014-01-20,14,POWIAT PŁOCK,PŁOCK - OBSZAR MIEJSKI,Droga gminna,GMINNA,Jednojezdniowa dwukierunkowa,Odcinek prosty,Obszar zabudowany,"19,7872222222222","52,6347222222222",Jezdnia,"Opady śniegu, gradu",Światło dzienne,Najechanie na pieszego,1,0,0,Nieokreślone (puste pole),N,,,,,,,,,,,,,,,,,,
EWK-98100067R,2014,2014-01-20,8,POWIAT SOKOŁOWSKI,SOKOŁÓW PODLASKI - OBSZAR MIEJSKI,Droga krajowa,62,Jednojezdniowa dwukierunkowa,Odcinek prosty,Obszar zabudowany,"22,3594444444444","52,4716666666667",Przejście dla pieszych,"Opady śniegu, gradu",Światło dzienne,Najechanie na pieszego,1,0,1,Lekko,N,,,,,,,,,,,,,,,,,,
EWK-98100067R,2014,2014-01-20,8,POWIAT SOKOŁOWSKI,SOKOŁÓW PODLASKI - OBSZAR MIEJSKI,Droga krajowa,62,Jednojezdniowa dwukierunkowa,Odcinek prosty,Obszar zabudowany,"22,3594444444444","52,4716666666667",Przejście dla pieszych,"Opady śniegu, gradu",Światło dzienne,Najechanie na pieszego,1,0,0,Nieokreślone (puste pole),N,,,,,,,,,,,,,,,,,,
EWK-98105368C,2014,2014-01-20,6,POWIAT PRZYSUSKI,ODRZYWÓŁ - OBSZAR WIEJSKI,Droga wojewódzka,728,Jednojezdniowa dwukierunkowa,Odcinek prosty,Obszar niezabudowany,"20,6305555555556","51,5638888888889",Jezdnia,"Opady śniegu, gradu","Zmrok, świt",Wywrócenie się pojazdu,1,0,2,Lekko,N,,,,,,,,,,,,,,,,,,
EWK-98105368C,2014,2014-01-20,6,POWIAT PRZYSUSKI,ODRZYWÓŁ - OBSZAR WIEJSKI,Droga wojewódzka,728,Jednojezdniowa dwukierunkowa,Odcinek prosty,Obszar niezabudowany,"20,6305555555556","51,5638888888889",Jezdnia,"Opady śniegu, gradu","Zmrok, świt",Wywrócenie się pojazdu,1,0,0,Nieokreślone (puste pole),N,,,,,,,,,,,,,,,,,,
EWK-98105470P,2014,2014-01-20,17,POWIAT PŁOCKI,GĄBIN - OBSZAR WIEJSKI,Droga wojewódzka,574,Jednojezdniowa dwukierunkowa,Odcinek prosty,Obszar niezabudowany,"19,7877777777778","52,5305555555556",Jezdnia,"Opady śniegu, gradu",Noc - droga nieoświetlona,Zderzenie pojazdów czołowe,1,0,1,Lekko,N,,,,,,,,,,,,,,,,,,
EWK-98105470P,2014,2014-01-20,17,POWIAT PŁOCKI,GĄBIN - OBSZAR WIEJSKI,Droga wojewódzka,574,Jednojezdniowa dwukierunkowa,Odcinek prosty,Obszar niezabudowany,"19,7877777777778","52,5305555555556",Jezdnia,"Opady śniegu, gradu",Noc - droga nieoświetlona,Zderzenie pojazdów czołowe,1,0,0,Nieokreślone (puste pole),N,,,,,,,,,,,,,,,,,,
EWK-98106544J,2014,2014-01-20,7,POWIAT ŻUROMIŃSKI,LUTOCIN - OBSZAR WIEJSKI,Droga powiatowa,P,Jednojezdniowa dwukierunkowa,Odcinek prosty,Obszar zabudowany,"19,9283333333333","53,0983333333333",Jezdnia,Pochmurno,Światło dzienne,Zderzenie pojazdów czołowe,1,0,1,Lekko,N,,,,,,,,,,,,,,,,,,
EWK-98106544J,2014,2014-01-20,7,POWIAT ŻUROMIŃSKI,LUTOCIN - OBSZAR WIEJSKI,Droga powiatowa,P,Jednojezdniowa dwukierunkowa,Odcinek prosty,Obszar zabudowany,"19,9283333333333","53,0983333333333",Jezdnia,Pochmurno,Światło dzienne,Zderzenie pojazdów czołowe,1,0,0,Nieokreślone (puste pole),N,,,,,,,,,,,,,,,,,,
EWK-98101182Q,2014,2014-01-21,7,POWIAT RADOM,RADOM - OBSZAR MIEJSKI,Droga powiatowa,P3564W,Dwie jezdnie jednokierunkowe,Odcinek prosty,Obszar zabudowany,"21,1975","51,4122222222222",Jezdnia,Opady deszczu,"Zmrok, świt",Najechanie na pieszego,1,0,1,Lekko,N,,,,,,,,,,,,,,,,,,
EWK-98101182Q,2014,2014-01-21,7,POWIAT RADOM,RADOM - OBSZAR MIEJSKI,Droga powiatowa,P3564W,Dwie jezdnie jednokierunkowe,Odcinek prosty,Obszar zabudowany,"21,1975","51,4122222222222",Jezdnia,Opady deszczu,"Zmrok, świt",Najechanie na pieszego,1,0,0,Nieokreślone (puste pole),N,,,,,,,,,,,,,,,,,,
EWK-98101166F,2014,2014-01-21,17,POWIAT RADOMSKI,JEDLNIA-LETNISKO - OBSZAR WIEJSKI,Droga wojewódzka,737,Jednojezdniowa dwukierunkowa,Odcinek prosty,Obszar zabudowany,"21,4497222222222","51,4697222222222",Jezdnia,"Opady śniegu, gradu",Noc - droga nieoświetlona,Zderzenie pojazdów czołowe,1,0,1,Lekko,N,,,,,,,,,,,,,,,,,,
EWK-98101166F,2014,2014-01-21,17,POWIAT RADOMSKI,JEDLNIA-LETNISKO - OBSZAR WIEJSKI,Droga wojewódzka,737,Jednojezdniowa dwukierunkowa,Odcinek prosty,Obszar zabudowany,"21,4497222222222","51,4697222222222",Jezdnia,"Opady śniegu, gradu",Noc - droga nieoświetlona,Zderzenie pojazdów czołowe,1,0,0,Nieokreślone (puste pole),N,,,,,,,,,,,,,,,,,,
EWK-98112042J,2014,2014-01-21,20,POWIAT OSTROŁĘCKI,RZEKUŃ - OBSZAR WIEJSKI,Droga krajowa,61,Jednojezdniowa dwukierunkowa,Odcinek prosty,Obszar niezabudowany,"21,7058333333333","53,2116666666667",Jezdnia,Pochmurno,Noc - droga nieoświetlona,Najechanie na pieszego,1,1,0,Nieokreślone (puste pole),N,,,,,,,,,,,,,,,,,,
EWK-98117556L,2014,2014-01-22,11,POWIAT OSTROWSKI,OSTRÓW MAZOWIECKA - OBSZAR MIEJSKI,Droga gminna,GMINNA,Jednojezdniowa dwukierunkowa,Odcinek prosty,Obszar zabudowany,"21,9561111111111","52,9472222222222",Jezdnia,Dobre warunki atmosferyczne,Światło dzienne,Najechanie na pieszego,1,1,0,Nieokreślone (puste pole),T,,,,,,,,,,,,,,,,,,
EWK-98112148G,2014,2014-01-22,13,POWIAT OSTROŁĘCKI,MYSZYNIEC - OBSZAR MIEJSKI,Droga krajowa,53,Jednojezdniowa dwukierunkowa,Odcinek prosty,Obszar zabudowany,"21,4283333333333","53,3858333333333",Przejście dla pieszych,Dobre warunki atmosferyczne,Światło dzienne,Najechanie na pieszego,1,0,2,Lekko,N,,,,,,,,,,,,,,,,,,
EWK-98112148G,2014,2014-01-22,13,POWIAT OSTROŁĘCKI,MYSZYNIEC - OBSZAR MIEJSKI,Droga krajowa,53,Jednojezdniowa dwukierunkowa,Odcinek prosty,Obszar zabudowany,"21,4283333333333","53,3858333333333",Przejście dla pieszych,Dobre warunki atmosferyczne,Światło dzienne,Najechanie na pieszego,1,0,0,Nieokreślone (puste pole),N,,,,,,,,,,,,,,,,,,
EWK-98105011J,2014,2014-01-22,10,POWIAT PŁOCK,PŁOCK - OBSZAR MIEJSKI,Droga powiatowa,P,Jednojezdniowa dwukierunkowa,Odcinek prosty,Obszar zabudowany,"19,8391666666667","52,6575","Wjazd, wyjazd z posesji, pola",Dobre warunki atmosferyczne,Światło dzienne,Zderzenie pojazdów boczne,1,0,1,Lekko,N,,,,,,,,,,,,,,,,,,
EWK-98105011J,2014,2014-01-22,10,POWIAT PŁOCK,PŁOCK - OBSZAR MIEJSKI,Droga powiatowa,P,Jednojezdniowa dwukierunkowa,Odcinek prosty,Obszar zabudowany,"19,8391666666667","52,6575","Wjazd, wyjazd z posesji, pola",Dobre warunki atmosferyczne,Światło dzienne,Zderzenie pojazdów boczne,1,0,0,Nieokreślone (puste pole),N,,,,,,,,,,,,,,,,,,
EWK-98105292K,2014,2014-01-22,14,POWIAT OSTROŁĘCKI,OLSZEWO-BORKI - OBSZAR WIEJSKI,Droga krajowa,61,Jednojezdniowa dwukierunkowa,Odcinek prosty,Obszar niezabudowany,"21,5166666666667","53,09",Jezdnia,Oślepiające słońce,Światło dzienne,Zderzenie pojazdów boczne,1,0,1,Lekko,N,,,,,,,,,,,,,,,,,,
EWK-98105292K,2014,2014-01-22,14,POWIAT OSTROŁĘCKI,OLSZEWO-BORKI - OBSZAR WIEJSKI,Droga krajowa,61,Jednojezdniowa dwukierunkowa,Odcinek prosty,Obszar niezabudowany,"21,5166666666667","53,09",Jezdnia,Oślepiające słońce,Światło dzienne,Zderzenie pojazdów boczne,1,0,0,Nieokreślone (puste pole),N,,,,,,,,,,,,,,,,,,
EWK-98107020F,2014,2014-01-22,7,POWIAT KOZIENICKI,GARBATKA-LETNISKO - OBSZAR WIEJSKI,Droga wojewódzka,738,Jednojezdniowa dwukierunkowa,Odcinek prosty,Obszar niezabudowany,"21,8388888888889","51,5608333333333",Pobocze,Pochmurno,Światło dzienne,Wywrócenie się pojazdu,1,0,1,Lekko,N,,,,,,,,,,,,,,,,,,
EWK-98105290W,2014,2014-01-22,2,POWIAT OSTROŁĘKA,OSTROŁĘKA - OBSZAR MIEJSKI,Droga krajowa,61,Jednojezdniowa dwukierunkowa,Odcinek prosty,Obszar zabudowany,"21,5544444444444","53,0688888888889",Jezdnia,Pochmurno,Noc - droga oświetlona,Zderzenie pojazdów tylne,1,0,1,Lekko,N,,,,,,,,,,,,,,,,,,
EWK-98105290W,2014,2014-01-22,2,POWIAT OSTROŁĘKA,OSTROŁĘKA - OBSZAR MIEJSKI,Droga krajowa,61,Jednojezdniowa dwukierunkowa,Odcinek prosty,Obszar zabudowany,"21,5544444444444","53,0688888888889",Jezdnia,Pochmurno,Noc - droga oświetlona,Zderzenie pojazdów tylne,1,0,0,Nieokreślone (puste pole),N,,,,,,,,,,,,,,,,,,
EWK-98118786M,2014,2014-01-22,14,POWIAT GARWOLIŃSKI,MACIEJOWICE - OBSZAR WIEJSKI,Droga wojewódzka,801,Jednojezdniowa dwukierunkowa,Odcinek prosty,Obszar zabudowany,"21,5111111111111","51,8608333333333",Jezdnia,Pochmurno,Światło dzienne,Zderzenie pojazdów tylne,1,0,1,Ciężko,N,,,,,,,,,,,,,,,,,,
EWK-98118786M,2014,2014-01-22,14,POWIAT GARWOLIŃSKI,MACIEJOWICE - OBSZAR WIEJSKI,Droga wojewódzka,801,Jednojezdniowa dwukierunkowa,Odcinek prosty,Obszar zabudowany,"21,5111111111111","51,8608333333333",Jezdnia,Pochmurno,Światło dzienne,Zderzenie pojazdów tylne,1,0,0,Nieokreślone (puste pole),N,,,,,,,,,,,,,,,,,,
EWK-98104921L,2014,2014-01-23,20,POWIAT SOCHACZEWSKI,TERESIN - OBSZAR WIEJSKI,Droga powiatowa,3831W,Jednojezdniowa dwukierunkowa,Odcinek prosty,Obszar niezabudowany,"20,5155555555556","52,2647222222222",Jezdnia,Dobre warunki atmosferyczne,Noc - droga nieoświetlona,Najechanie na pieszego,1,1,0,Nieokreślone (puste pole),N,,,,,,,,,,,,,,,,,,
EWK-98109740R,2014,2014-01-23,17,POWIAT MAKOWSKI,RÓŻAN - OBSZAR MIEJSKI,Droga krajowa,61,Jednojezdniowa dwukierunkowa,Odcinek prosty,Obszar zabudowany,"21,4555555555556","52,9658333333333",Jezdnia,Dobre warunki atmosferyczne,Noc - droga oświetlona,Zderzenie pojazdów czołowe,1,0,1,Ciężko,N,,,,,,,,,,,,,,,,,,
EWK-98109740R,2014,2014-01-23,17,POWIAT MAKOWSKI,RÓŻAN - OBSZAR MIEJSKI,Droga krajowa,61,Jednojezdniowa dwukierunkowa,Odcinek prosty,Obszar zabudowany,"21,4555555555556","52,9658333333333",Jezdnia,Dobre warunki atmosferyczne,Noc - droga oświetlona,Zderzenie pojazdów czołowe,1,0,1,Lekko,N,,,,,,,,,,,,,,,,,,
EWK-98109740R,2014,2014-01-23,17,POWIAT MAKOWSKI,RÓŻAN - OBSZAR MIEJSKI,Droga krajowa,61,Jednojezdniowa dwukierunkowa,Odcinek prosty,Obszar zabudowany,"21,4555555555556","52,9658333333333",Jezdnia,Dobre warunki atmosferyczne,Noc - droga oświetlona,Zderzenie pojazdów czołowe,1,0,0,Nieokreślone (puste pole),N,,,,,,,,,,,,,,,,,,
EWK-98108795C,2014,2014-01-24,10,POWIAT ŻUROMIŃSKI,LUBOWIDZ - OBSZAR WIEJSKI,Nieokreślone (puste pole),,Jednojezdniowa dwukierunkowa,"Zakręt, łuk",Obszar zabudowany,"19,8894444444444","53,1744444444445",Jezdnia,Dobre warunki atmosferyczne,Światło dzienne,Najechanie na pieszego,1,0,1,Ciężko,N,,,,,,,,,,,,,,,,,,
EWK-98108795C,2014,2014-01-24,10,POWIAT ŻUROMIŃSKI,LUBOWIDZ - OBSZAR WIEJSKI,Nieokreślone (puste pole),,Jednojezdniowa dwukierunkowa,"Zakręt, łuk",Obszar zabudowany,"19,8894444444444","53,1744444444445",Jezdnia,Dobre warunki atmosferyczne,Światło dzienne,Najechanie na pieszego,1,0,0,Nieokreślone (puste pole),N,,,,,,,,,,,,,,,,,,
EWK-98108500Q,2014,2014-01-24,10,POWIAT PŁOCK,PŁOCK - OBSZAR MIEJSKI,Droga wojewódzka,559,Jednojezdniowa dwukierunkowa,,Obszar zabudowany,"19,7261111111111","52,6880555555556",Jezdnia,Dobre warunki atmosferyczne,Światło dzienne,Zderzenie pojazdów boczne,1,0,1,Lekko,N,,,,,,,,,,,,,,,,,,
EWK-98108500Q,2014,2014-01-24,10,POWIAT PŁOCK,PŁOCK - OBSZAR MIEJSKI,Droga wojewódzka,559,Jednojezdniowa dwukierunkowa,,Obszar zabudowany,"19,7261111111111","52,6880555555556",Jezdnia,Dobre warunki atmosferyczne,Światło dzienne,Zderzenie pojazdów boczne,1,0,0,Nieokreślone (puste pole),N,,,,,,,,,,,,,,,,,,
EWK-98107958N,2014,2014-01-24,9,POWIAT PŁOCK,PŁOCK - OBSZAR MIEJSKI,Droga gminna,GMINNA,Jednojezdniowa dwukierunkowa,Odcinek prosty,Obszar zabudowany,"19,8213888888889","52,6833333333333",Jezdnia,Dobre warunki atmosferyczne,Światło dzienne,Zderzenie pojazdów tylne,1,0,1,Lekko,N,,,,,,,,,,,,,,,,,,
EWK-98107958N,2014,2014-01-24,9,POWIAT PŁOCK,PŁOCK - OBSZAR MIEJSKI,Droga gminna,GMINNA,Jednojezdniowa dwukierunkowa,Odcinek prosty,Obszar zabudowany,"19,8213888888889","52,6833333333333",Jezdnia,Dobre warunki atmosferyczne,Światło dzienne,Zderzenie pojazdów tylne,1,0,0,Nieokreślone (puste pole),N,,,,,,,,,,,,,,,,,,
EWK-98110955N,2014,2014-01-24,10,POWIAT RADOM,RADOM - OBSZAR MIEJSKI,Droga powiatowa,P,Dwie jezdnie jednokierunkowe,Odcinek prosty,Obszar zabudowany,"21,2486111111111","51,5177777777778",Jezdnia,Pochmurno,Światło dzienne,Najechanie na drzewo,1,0,1,Lekko,N,,,,,,,,,,,,,,,,,,
EWK-98108515E,2014,2014-01-24,19,POWIAT PŁOCK,PŁOCK - OBSZAR MIEJSKI,Droga gminna,GMINNA,Jednojezdniowa dwukierunkowa,,Obszar zabudowany,"19,7763888888889","52,6416666666667",Przejście dla pieszych,Pochmurno,Noc - droga oświetlona,Najechanie na pieszego,1,0,1,Lekko,N,,,,,,,,,,,,,,,,,,
EWK-98108515E,2014,2014-01-24,19,POWIAT PŁOCK,PŁOCK - OBSZAR MIEJSKI,Droga gminna,GMINNA,Jednojezdniowa dwukierunkowa,,Obszar zabudowany,"19,7763888888889","52,6416666666667",Przejście dla pieszych,Pochmurno,Noc - droga oświetlona,Najechanie na pieszego,1,0,0,Nieokreślone (puste pole),N,,,,,,,,,,,,,,,,,,
EWK-98109860E,2014,2014-01-26,19,POWIAT GRÓJECKI,GRÓJEC - OBSZAR WIEJSKI,Nieokreślone (puste pole),,Jednojezdniowa dwukierunkowa,Odcinek prosty,Obszar niezabudowany,"21,0452777777778","52,0486111111111",Jezdnia,"Opady śniegu, gradu",Noc - droga oświetlona,Najechanie na pieszego,1,0,1,Ciężko,N,,,,,,,,,,,,,,,,,,
EWK-98109860E,2014,2014-01-26,19,POWIAT GRÓJECKI,GRÓJEC - OBSZAR WIEJSKI,Nieokreślone (puste pole),,Jednojezdniowa dwukierunkowa,Odcinek prosty,Obszar niezabudowany,"21,0452777777778","52,0486111111111",Jezdnia,"Opady śniegu, gradu",Noc - droga oświetlona,Najechanie na pieszego,1,0,0,Nieokreślone (puste pole),N,,,,,,,,,,,,,,,,,,
EWK-98107726Q,2014,2014-01-26,10,POWIAT RADOM,RADOM - OBSZAR MIEJSKI,Droga krajowa,9,Jednojezdniowa dwukierunkowa,Wierzchołek wzn.,Obszar zabudowany,"21,3261111111111","51,4547222222222",Jezdnia,"Opady śniegu, gradu",Światło dzienne,Zderzenie pojazdów czołowe,1,0,2,Lekko,N,,,,,,,,,,,,,,,,,,
EWK-98107726Q,2014,2014-01-26,10,POWIAT RADOM,RADOM - OBSZAR MIEJSKI,Droga krajowa,9,Jednojezdniowa dwukierunkowa,Wierzchołek wzn.,Obszar zabudowany,"21,3261111111111","51,4547222222222",Jezdnia,"Opady śniegu, gradu",Światło dzienne,Zderzenie pojazdów czołowe,1,0,0,Nieokreślone (puste pole),N,,,,,,,,,,,,,,,,,,
EWK-98108369K,2014,2014-01-27,16,POWIAT GOSTYNIŃSKI,SZCZAWIN KOŚCIELNY - OBSZAR WIEJSKI,Droga wojewódzka,573,Jednojezdniowa dwukierunkowa,Odcinek prosty,Obszar niezabudowany,"19,7675","52,3686111111111",Pobocze,Dobre warunki atmosferyczne,Noc - droga nieoświetlona,Najechanie na drzewo,1,0,1,Lekko,N,,,,,,,,,,,,,,,,,,