IDKSIP,year,date,hour,district,district_commune,road_category,road_number,type_of_road,road_geometry,area,Longitude,Latitude,char_place_of_the_event,weather_conditions,lighting,type_of_accident,num_of_accidents,num_of_fatalities,num_of_injured,type_of_injury,is_offender_intoxicated,,,,,,,,,,,,,,,,,,
EWK-98110826P,2014,2014-01-27,15,POWIAT GRÓJECKI,GRÓJEC - OBSZAR MIEJSKI,Droga gminna,GMINNA,Jednojezdniowa dwukierunkowa,Odcinek prosty,Obszar zabudowany,"20,8747222222222","51,8694444444444",Jezdnia,Dobre warunki atmosferyczne,Światło dzienne,Zderzenie pojazdów tylne,1,0,1,Ciężko,N,,,,,,,,,,,,,,,,,,
EWK-98110826P,2014,2014-01-27,15,POWIAT GRÓJECKI,GRÓJEC - OBSZAR MIEJSKI,Droga gminna,GMINNA,Jednojezdniowa dwukierunkowa,Odcinek prosty,Obszar zabudowany,"20,8747222222222","51,8694444444444",Jezdnia,Dobre warunki atmosferyczne,Światło dzienne,Zderzenie pojazdów tylne,1,0,0,Nieokreślone (puste pole),N,,,,,,,,,,,,,,,,,,
EWK-98109422G,2014,2014-01-27,7,POWIAT PŁOCKI,DROBIN - OBSZAR WIEJSKI,Droga krajowa,60,Jednojezdniowa dwukierunkowa,"Zakręt, łuk",Obszar niezabudowany,"20,1472222222222","52,7955555555556",Pobocze,"Opady śniegu, gradu",Światło dzienne,Najechanie na drzewo,1,0,1,Lekko,N,,,,,,,,,,,,,,,,,,
EWK-98109422G,2014,2014-01-27,7,POWIAT PŁOCKI,DROBIN - OBSZAR WIEJSKI,Droga krajowa,60,Jednojezdniowa dwukierunkowa,"Zakręt, łuk",Obszar niezabudowany,"20,1472222222222","52,7955555555556",Pobocze,"Opady śniegu, gradu",Światło dzienne,Najechanie na drzewo,1,0,0,Nieokreślone (puste pole),N,,,,,,,,,,,,,,,,,,
EWK-98112660E,2014,2014-01-27,15,POWIAT SIEDLECKI,SIEDLCE - OBSZAR WIEJSKI,Droga krajowa,63,Jednojezdniowa dwukierunkowa,,Obszar zabudowany,"22,3555555555556","52,2447222222222",Jezdnia,"Opady śniegu, gradu",Światło dzienne,Zderzenie pojazdów tylne,1,0,2,Lekko,N,,,,,,,,,,,,,,,,,,
EWK-98112660E,2014,2014-01-27,15,POWIAT SIEDLECKI,SIEDLCE - OBSZAR WIEJSKI,Droga krajowa,63,Jednojezdniowa dwukierunkowa,,Obszar zabudowany,"22,3555555555556","52,2447222222222",Jezdnia,"Opady śniegu, gradu",Światło dzienne,Zderzenie pojazdów tylne,1,0,0,Nieokreślone (puste pole),N,,,,,,,,,,,,,,,,,,
EWK-98113628G,2014,2014-01-28,13,POWIAT OSTROŁĘCKI,KADZIDŁO - OBSZAR WIEJSKI,Droga krajowa,53,Jednojezdniowa dwukierunkowa,Odcinek prosty,Obszar niezabudowany,"21,4258333333333","53,5386111111111",Jezdnia,"Opady śniegu, gradu",Światło dzienne,Zderzenie pojazdów czołowe,1,0,2,Lekko,N,,,,,,,,,,,,,,,,,,
EWK-98113099T,2014,2014-01-29,7,POWIAT RADOMSKI,JASTRZĘBIA - OBSZAR WIEJSKI,Droga powiatowa,P1715W,Jednojezdniowa dwukierunkowa,Odcinek prosty,Obszar zabudowany,"21,3169444444444","51,5305555555556",Jezdnia,Dobre warunki atmosferyczne,Światło dzienne,Najechanie na pieszego,1,0,1,Ciężko,N,,,,,,,,,,,,,,,,,,
EWK-98113099T,2014,2014-01-29,7,POWIAT RADOMSKI,JASTRZĘBIA - OBSZAR WIEJSKI,Droga powiatowa,P1715W,Jednojezdniowa dwukierunkowa,Odcinek prosty,Obszar zabudowany,"21,3169444444444","51,5305555555556",Jezdnia,Dobre warunki atmosferyczne,Światło dzienne,Najechanie na pieszego,1,0,0,Nieokreślone (puste pole),N,,,,,,,,,,,,,,,,,,
EWK-98115772Q,2014,2014-01-30,9,POWIAT BIAŁOBRZESKI,WYŚMIERZYCE - OBSZAR WIEJSKI,Droga krajowa,48,Jednojezdniowa dwukierunkowa,"Zakręt, łuk",Obszar niezabudowany,"20,8477777777778","51,6022222222222","Skarpa, rów",Pochmurno,Światło dzienne,Inne,1,0,1,Lekko,N,,,,,,,,,,,,,,,,,,
EWK-98116798Q,2014,2014-01-31,19,POWIAT OSTROŁĘCKI,GOWOROWO - OBSZAR WIEJSKI,Droga gminna,GMINNA,Jednojezdniowa dwukierunkowa,Odcinek prosty,Obszar niezabudowany,"21,5622222222222","53,0458333333333",Jezdnia,Pochmurno,Noc - droga nieoświetlona,Najechanie na pieszego,1,0,1,Ciężko,N,,,,,,,,,,,,,,,,,,
EWK-98116798Q,2014,2014-01-31,19,POWIAT OSTROŁĘCKI,GOWOROWO - OBSZAR WIEJSKI,Droga gminna,GMINNA,Jednojezdniowa dwukierunkowa,Odcinek prosty,Obszar niezabudowany,"21,5622222222222","53,0458333333333",Jezdnia,Pochmurno,Noc - droga nieoświetlona,Najechanie na pieszego,1,0,0,Nieokreślone (puste pole),N,,,,,,,,,,,,,,,,,,
EWK-98115340J,2014,2014-01-31,14,POWIAT RADOM,RADOM - OBSZAR MIEJSKI,Droga powiatowa,P5339W,Jednojezdniowa dwukierunkowa,Odcinek prosty,Obszar zabudowany,"21,1786111111111","51,4875",Jezdnia,Pochmurno,Światło dzienne,Najechanie na pieszego,1,0,1,Ciężko,N,,,,,,,,,,,,,,,,,,
EWK-98115340J,2014,2014-01-31,14,POWIAT RADOM,RADOM - OBSZAR MIEJSKI,Droga powiatowa,P5339W,Jednojezdniowa dwukierunkowa,Odcinek prosty,Obszar zabudowany,"21,1786111111111","51,4875",Jezdnia,Pochmurno,Światło dzienne,Najechanie na pieszego,1,0,0,Nieokreślone (puste pole),N,,,,,,,,,,,,,,,,,,
EWK-98117212C,2014,2014-01-31,16,POWIAT PŁOŃSKI,SOCHOCIN - OBSZAR WIEJSKI,Droga krajowa,50,Jednojezdniowa dwukierunkowa,Odcinek prosty,Obszar niezabudowany,"20,5341666666667","52,7719444444444",Jezdnia,Pochmurno,"Zmrok, świt",Zderzenie pojazdów czołowe,1,0,4,Lekko,T,,,,,,,,,,,,,,,,,,
EWK-98117212C,2014,2014-01-31,16,POWIAT PŁOŃSKI,SOCHOCIN - OBSZAR WIEJSKI,Droga krajowa,50,Jednojezdniowa dwukierunkowa,Odcinek prosty,Obszar niezabudowany,"20,5341666666667","52,7719444444444",Jezdnia,Pochmurno,"Zmrok, świt",Zderzenie pojazdów czołowe,1,0,0,Nieokreślone (puste pole),T,,,,,,,,,,,,,,,,,,
EWK-98119518R,2014,2014-02-01,9,POWIAT GRÓJECKI,WARKA - OBSZAR MIEJSKI,Droga gminna,GMINNA,Jednojezdniowa dwukierunkowa,Odcinek prosty,Obszar zabudowany,"21,2758333333333","51,7947222222222",Jezdnia,Dobre warunki atmosferyczne,Światło dzienne,Najechanie na pieszego,1,0,1,Lekko,N,,,,,,,,,,,,,,,,,,
EWK-98119518R,2014,2014-02-01,9,POWIAT GRÓJECKI,WARKA - OBSZAR MIEJSKI,Droga gminna,GMINNA,Jednojezdniowa dwukierunkowa,Odcinek prosty,Obszar zabudowany,"21,2758333333333","51,7947222222222",Jezdnia,Dobre warunki atmosferyczne,Światło dzienne,Najechanie na pieszego,1,0,0,Nieokreślone (puste pole),N,,,,,,,,,,,,,,,,,,
EWK-98119772P,2014,2014-02-01,6,POWIAT PŁOCKI,BODZANÓW - OBSZAR WIEJSKI,Droga krajowa,62,Jednojezdniowa dwukierunkowa,Odcinek prosty,Obszar niezabudowany,"20,0175","52,5227777777778",Jezdnia,Dobre warunki atmosferyczne,Światło dzienne,Zderzenie pojazdów czołowe,1,0,1,Lekko,N,,,,,,,,,,,,,,,,,,
EWK-98119772P,2014,2014-02-01,6,POWIAT PŁOCKI,BODZANÓW - OBSZAR WIEJSKI,Droga krajowa,62,Jednojezdniowa dwukierunkowa,Odcinek prosty,Obszar niezabudowany,"20,0175","52,5227777777778",Jezdnia,Dobre warunki atmosferyczne,Światło dzienne,Zderzenie pojazdów czołowe,1,0,0,Nieokreślone (puste pole),N,,,,,,,,,,,,,,,,,,
EWK-98123950F,2014,2014-02-01,10,POWIAT WYSZKOWSKI,DŁUGOSIODŁO - OBSZAR WIEJSKI,Droga powiatowa,34403,Jednojezdniowa dwukierunkowa,Odcinek prosty,Obszar niezabudowany,"21,6377777777778","52,8530555555556",Jezdnia,Pochmurno,Światło dzienne,Zderzenie pojazdów boczne,1,0,1,Lekko,N,,,,,,,,,,,,,,,,,,
EWK-98123950F,2014,2014-02-01,10,POWIAT WYSZKOWSKI,DŁUGOSIODŁO - OBSZAR WIEJSKI,Droga powiatowa,34403,Jednojezdniowa dwukierunkowa,Odcinek prosty,Obszar niezabudowany,"21,6377777777778","52,8530555555556",Jezdnia,Pochmurno,Światło dzienne,Zderzenie pojazdów boczne,1,0,0,Nieokreślone (puste pole),N,,,,,,,,,,,,,,,,,,
EWK-98116769L,2014,2014-02-02,11,POWIAT PRZASNYSKI,PRZASNYSZ - OBSZAR MIEJSKI,Droga gminna,GMINNA,Jednojezdniowa dwukierunkowa,,Obszar zabudowany,"20,9836111111111","53,0797222222222",Jezdnia,Dobre warunki atmosferyczne,Światło dzienne,Zderzenie pojazdów boczne,1,0,1,Lekko,N,,,,,,,,,,,,,,,,,,
EWK-98116769L,2014,2014-02-02,11,POWIAT PRZASNYSKI,PRZASNYSZ - OBSZAR MIEJSKI,Droga gminna,GMINNA,Jednojezdniowa dwukierunkowa,,Obszar zabudowany,"20,9836111111111","53,0797222222222",Jezdnia,Dobre warunki atmosferyczne,Światło dzienne,Zderzenie pojazdów boczne,1,0,0,Nieokreślone (puste pole),N,,,,,,,,,,,,,,,,,,
EWK-98147673M,2014,2014-02-03,7,POWIAT ŻYRARDOWSKI,ŻYRARDÓW - OBSZAR MIEJSKI,Droga powiatowa,P4729W,Jednojezdniowa dwukierunkowa,Odcinek prosty,Obszar zabudowany,"20,5272222222222","52,17",Jezdnia,Dobre warunki atmosferyczne,Światło dzienne,Zderzenie pojazdów tylne,1,0,1,Ciężko,N,,,,,,,,,,,,,,,,,,
EWK-98147673M,2014,2014-02-03,7,POWIAT ŻYRARDOWSKI,ŻYRARDÓW - OBSZAR MIEJSKI,Droga powiatowa,P4729W,Jednojezdniowa dwukierunkowa,Odcinek prosty,Obszar zabudowany,"20,5272222222222","52,17",Jezdnia,Dobre warunki atmosferyczne,Światło dzienne,Zderzenie pojazdów tylne,1,0,0,Nieokreślone (puste pole),N,,,,,,,,,,,,,,,,,,
EWK-98121362K,2014,2014-02-04,19,POWIAT SZYDŁOWIECKI,SZYDŁOWIEC - OBSZAR WIEJSKI,Droga krajowa,7,Jednojezdniowa dwukierunkowa,Odcinek prosty,Obszar niezabudowany,"20,9533333333333","51,3194444444444",Jezdnia,Dobre warunki atmosferyczne,Noc - droga nieoświetlona,Zderzenie pojazdów czołowe,1,0,2,Lekko,N,,,,,,,,,,,,,,,,,,
EWK-98122503L,2014,2014-02-04,17,POWIAT PRZYSUSKI,ODRZYWÓŁ - OBSZAR WIEJSKI,Droga krajowa,48,Jednojezdniowa dwukierunkowa,Odcinek prosty,Obszar niezabudowany,"20,6225","51,5702777777778",Jezdnia,Dobre warunki atmosferyczne,"Zmrok, świt",Zderzenie pojazdów czołowe,1,0,1,Ciężko,N,,,,,,,,,,,,,,,,,,
EWK-98122503L,2014,2014-02-04,17,POWIAT PRZYSUSKI,ODRZYWÓŁ - OBSZAR WIEJSKI,Droga krajowa,48,Jednojezdniowa dwukierunkowa,Odcinek prosty,Obszar niezabudowany,"20,6225","51,5702777777778",Jezdnia,Dobre warunki atmosferyczne,"Zmrok, świt",Zderzenie pojazdów czołowe,1,0,4,Lekko,N,,,,,,,,,,,,,,,,,,
EWK-98122503L,2014,2014-02-04,17,POWIAT PRZYSUSKI,ODRZYWÓŁ - OBSZAR WIEJSKI,Droga krajowa,48,Jednojezdniowa dwukierunkowa,Odcinek prosty,Obszar niezabudowany,"20,6225","51,5702777777778",Jezdnia,Dobre warunki atmosferyczne,"Zmrok, świt",Zderzenie pojazdów czołowe,1,1,0,Nieokreślone (puste pole),N,,,,,,,,,,,,,,,,,,
EWK-98124794X,2014,2014-02-04,17,POWIAT WYSZKOWSKI,ZABRODZIE - OBSZAR WIEJSKI,Droga krajowa,8,Ekspresowa,Odcinek prosty,Obszar niezabudowany,"21,4388888888889","52,5413888888889",Jezdnia,Dobre warunki atmosferyczne,Noc - droga nieoświetlona,Zderzenie pojazdów tylne,1,0,2,Lekko,N,,,,,,,,,,,,,,,,,,
EWK-98120212Q,2014,2014-02-05,5,POWIAT SOCHACZEWSKI,SOCHACZEW - OBSZAR WIEJSKI,Droga krajowa,K92S,Jednojezdniowa dwukierunkowa,,Obszar niezabudowany,"20,8305555555556","52,6083333333333",Jezdnia,Dobre warunki atmosferyczne,"Zmrok, świt",Zderzenie pojazdów boczne,1,0,2,Ciężko,N,,,,,,,,,,,,,,,,,,
EWK-98120212Q,2014,2014-02-05,5,POWIAT SOCHACZEWSKI,SOCHACZEW - OBSZAR WIEJSKI,Droga krajowa,K92S,Jednojezdniowa dwukierunkowa,,Obszar niezabudowany,"20,8305555555556","52,6083333333333",Jezdnia,Dobre warunki atmosferyczne,"Zmrok, świt",Zderzenie pojazdów boczne,1,0,0,Nieokreślone (puste pole),N,,,,,,,,,,,,,,,,,,
EWK-98120208U,2014,2014-02-05,11,POWIAT SOCHACZEWSKI,SOCHACZEW - OBSZAR MIEJSKI,Droga wojewódzka,705,Jednojezdniowa dwukierunkowa,,Obszar zabudowany,"20,3911111111111","52,4111111111111",Jezdnia,Dobre warunki atmosferyczne,Światło dzienne,Zderzenie pojazdów boczne,1,0,1,Ciężko,N,,,,,,,,,,,,,,,,,,
EWK-98120208U,2014,2014-02-05,11,POWIAT SOCHACZEWSKI,SOCHACZEW - OBSZAR MIEJSKI,Droga wojewódzka,705,Jednojezdniowa dwukierunkowa,,Obszar zabudowany,"20,3911111111111","52,4111111111111",Jezdnia,Dobre warunki atmosferyczne,Światło dzienne,Zderzenie pojazdów boczne,1,0,0,Nieokreślone (puste pole),N,,,,,,,,,,,,,,,,,,
EWK-98123023L,2014,2014-02-05,8,POWIAT KOZIENICKI,KOZIENICE - OBSZAR MIEJSKI,Droga krajowa,79,Jednojezdniowa dwukierunkowa,Odcinek prosty,Obszar niezabudowany,"21,5780555555556","51,6077777777778",Jezdnia,Oślepiające słońce,Światło dzienne,Zderzenie pojazdów tylne,1,0,1,Ciężko,N,,,,,,,,,,,,,,,,,,
EWK-98123023L,2014,2014-02-05,8,POWIAT KOZIENICKI,KOZIENICE - OBSZAR MIEJSKI,Droga krajowa,79,Jednojezdniowa dwukierunkowa,Odcinek prosty,Obszar niezabudowany,"21,5780555555556","51,6077777777778",Jezdnia,Oślepiające słońce,Światło dzienne,Zderzenie pojazdów tylne,1,0,0,Nieokreślone (puste pole),N,,,,,,,,,,,,,,,,,,
EWK-98120347X,2014,2014-02-05,20,POWIAT RADOMSKI,KOWALA - OBSZAR WIEJSKI,Droga wojewódzka,733,Jednojezdniowa dwukierunkowa,Odcinek prosty,Obszar niezabudowany,"21,1330555555556","51,3252777777778",Jezdnia,Pochmurno,Noc - droga nieoświetlona,Najechanie na pieszego,1,0,1,Lekko,T,,,,,,,,,,,,,,,,,,
EWK-98120347X,2014,2014-02-05,20,POWIAT RADOMSKI,KOWALA - OBSZAR WIEJSKI,Droga wojewódzka,733,Jednojezdniowa dwukierunkowa,Odcinek prosty,Obszar niezabudowany,"21,1330555555556","51,3252777777778",Jezdnia,Pochmurno,Noc - droga nieoświetlona,Najechanie na pieszego,1,0,0,Nieokreślone (puste pole),T,,,,,,,,,,,,,,,,,,
EWK-98147244P,2014,2014-02-06,22,POWIAT ŻYRARDOWSKI,ŻYRARDÓW - OBSZAR MIEJSKI,Droga gminna,GMINNA,Jednojezdniowa dwukierunkowa,,Obszar zabudowany,"20,4663888888889","52,1211111111111",Przejście dla pieszych,Dobre warunki atmosferyczne,Noc - droga oświetlona,Najechanie na pieszego,1,0,1,Lekko,N,,,,,,,,,,,,,,,,,,
EWK-98147244P,2014,2014-02-06,22,POWIAT ŻYRARDOWSKI,ŻYRARDÓW - OBSZAR MIEJSKI,Droga gminna,GMINNA,Jednojezdniowa dwukierunkowa,,Obszar zabudowany,"20,4663888888889","52,1211111111111",Przejście dla pieszych,Dobre warunki atmosferyczne,Noc - droga oświetlona,Najechanie na pieszego,1,0,0,Nieokreślone (puste pole),N,,,,,,,,,,,,,,,,,,
EWK-98131159J,2014,2014-02-06,15,POWIAT ŻUROMIŃSKI,KUCZBORK-OSADA - OBSZAR WIEJSKI,Droga powiatowa,P,Jednojezdniowa dwukierunkowa,Wierzchołek wzn.,Obszar niezabudowany,"20,0366666666667","53,1452777777778",Jezdnia,Dobre warunki atmosferyczne,Światło dzienne,Zderzenie pojazdów czołowe,1,0,1,Lekko,N,,,,,,,,,,,,,,,,,,
EWK-98131159J,2014,2014-02-06,15,POWIAT ŻUROMIŃSKI,KUCZBORK-OSADA - OBSZAR WIEJSKI,Droga powiatowa,P,Jednojezdniowa dwukierunkowa,Wierzchołek wzn.,Obszar niezabudowany,"20,0366666666667","53,1452777777778",Jezdnia,Dobre warunki atmosferyczne,Światło dzienne,Zderzenie pojazdów czołowe,1,0,0,Nieokreślone (puste pole),N,,,,,,,,,,,,,,,,,,
EWK-98183555M,2014,2014-02-06,14,POWIAT PŁOCK,PŁOCK - OBSZAR MIEJSKI,Droga krajowa,60,Dwie jezdnie jednokierunkowe,Odcinek prosty,Obszar zabudowany,"19,8805555555556","52,5894444444444",Jezdnia,Dobre warunki atmosferyczne,Światło dzienne,Zderzenie pojazdów tylne,1,0,1,Lekko,N,,,,,,,,,,,,,,,,,,
EWK-98183555M,2014,2014-02-06,14,POWIAT PŁOCK,PŁOCK - OBSZAR MIEJSKI,Droga krajowa,60,Dwie jezdnie jednokierunkowe,Odcinek prosty,Obszar zabudowany,"19,8805555555556","52,5894444444444",Jezdnia,Dobre warunki atmosferyczne,Światło dzienne,Zderzenie pojazdów tylne,1,0,0,Nieokreślone (puste pole),N,,,,,,,,,,,,,,,,,,
EWK-98121850R,2014,2014-02-06,13,POWIAT RADOM,RADOM - OBSZAR MIEJSKI,Droga krajowa,7,Dwie jezdnie jednokierunkowe,,Obszar zabudowany,"21,1186111111111","51,4302777777778",Jezdnia,Pochmurno,Światło dzienne,Zderzenie pojazdów tylne,1,0,1,Lekko,N,,,,,,,,,,,,,,,,,,
EWK-98121850R,2014,2014-02-06,13,POWIAT RADOM,RADOM - OBSZAR MIEJSKI,Droga krajowa,7,Dwie jezdnie jednokierunkowe,,Obszar zabudowany,"21,1186111111111","51,4302777777778",Jezdnia,Pochmurno,Światło dzienne,Zderzenie pojazdów tylne,1,0,0,Nieokreślone (puste pole),N,,,,,,,,,,,,,,,,,,
EWK-98126434W,2014,2014-02-07,18,POWIAT GRÓJECKI,WARKA - OBSZAR WIEJSKI,Droga wojewódzka,731,Jednojezdniowa dwukierunkowa,"Zakręt, łuk",Obszar zabudowany,"21,165","51,9005555555556",Jezdnia,Dobre warunki atmosferyczne,Noc - droga oświetlona,Inne,1,0,1,Ciężko,N,,,,,,,,,,,,,,,,,,
EWK-98126434W,2014,2014-02-07,18,POWIAT GRÓJECKI,WARKA - OBSZAR WIEJSKI,Droga wojewódzka,731,Jednojezdniowa dwukierunkowa,"Zakręt, łuk",Obszar zabudowany,"21,165","51,9005555555556",Jezdnia,Dobre warunki atmosferyczne,Noc - droga oświetlona,Inne,1,0,0,Nieokreślone (puste pole),N,,,,,,,,,,,,,,,,,,
EWK-98124553M,2014,2014-02-07,6,POWIAT RADOMSKI,GÓZD - OBSZAR WIEJSKI,Droga krajowa,12,Jednojezdniowa dwukierunkowa,Odcinek prosty,Obszar niezabudowany,"21,3383333333333","51,3986111111111",Pobocze,Dobre warunki atmosferyczne,Światło dzienne,"Najechanie na słup, znak",1,0,2,Lekko,N,,,,,,,,,,,,,,,,,,
EWK-98147254P,2014,2014-02-07,19,POWIAT ŻYRARDOWSKI,WISKITKI - OBSZAR WIEJSKI,Droga krajowa,50a,Jednojezdniowa dwukierunkowa,Odcinek prosty,Obszar zabudowany,"20,4894444444444","52,1488888888889",Jezdnia,Dobre warunki atmosferyczne,Noc - droga oświetlona,Zderzenie pojazdów tylne,1,0,4,Lekko,N,,,,,,,,,,,,,,,,,,
EWK-98147254P,2014,2014-02-07,19,POWIAT ŻYRARDOWSKI,WISKITKI - OBSZAR WIEJSKI,Droga krajowa,50a,Jednojezdniowa dwukierunkowa,Odcinek prosty,Obszar zabudowany,"20,4894444444444","52,1488888888889",Jezdnia,Dobre warunki atmosferyczne,Noc - droga oświetlona,Zderzenie pojazdów tylne,1,0,0,Nieokreślone (puste pole),N,,,,,,,,,,,,,,,,,,
EWK-98136825K,2014,2014-02-07,19,POWIAT MAKOWSKI,RZEWNIE - OBSZAR WIEJSKI,Droga powiatowa,02128W,Jednojezdniowa dwukierunkowa,Odcinek prosty,Obszar niezabudowany,"21,3902777777778","52,8530555555556",Jezdnia,Pochmurno,Noc - droga nieoświetlona,Najechanie na pieszego,1,0,1,Ciężko,T,,,,,,,,,,,,,,,,,,
EWK-98136825K,2014,2014-02-07,19,POWIAT MAKOWSKI,RZEWNIE - OBSZAR WIEJSKI,Droga powiatowa,02128W,Jednojezdniowa dwukierunkowa,Odcinek prosty,Obszar niezabudowany,"21,3902777777778","52,8530555555556",Jezdnia,Pochmurno,Noc - droga nieoświetlona,Najechanie na pieszego,1,0,0,Nieokreślone (puste pole),T,,,,,,,,,,,,,,,,,,
EWK-98124603H,2014,2014-02-07,13,POWIAT RADOM,RADOM - OBSZAR MIEJSKI,Droga powiatowa,P5320W,Dwie jezdnie jednokierunkowe,,Obszar zabudowany,"21,1961111111111","51,4694444444444",Jezdnia,Pochmurno,Noc - droga oświetlona,Najechanie na pieszego,1,0,1,Lekko,N,,,,,,,,,,,,,,,,,,
EWK-98124603H,2014,2014-02-07,13,POWIAT RADOM,RADOM - OBSZAR MIEJSKI,Droga powiatowa,P5320W,Dwie jezdnie jednokierunkowe,,Obszar zabudowany,"21,1961111111111","51,4694444444444",Jezdnia,Pochmurno,Noc - droga oświetlona,Najechanie na pieszego,1,0,0,Nieokreślone (puste pole),N,,,,,,,,,,,,,,,,,,
EWK-98124652H,2014,2014-02-07,16,POWIAT RADOM,RADOM - OBSZAR MIEJSKI,Droga powiatowa,P5302W,Jednojezdniowa dwukierunkowa,,Obszar zabudowany,"21,2002777777778","51,4958333333333",Jezdnia,Pochmurno,Światło dzienne,Zderzenie pojazdów czołowe,1,0,2,Lekko,N,,,,,,,,,,,,,,,,,,
EWK-98124652H,2014,2014-02-07,16,POWIAT RADOM,RADOM - OBSZAR MIEJSKI,Droga powiatowa,P5302W,Jednojezdniowa dwukierunkowa,,Obszar zabudowany,"21,2002777777778","51,4958333333333",Jezdnia,Pochmurno,Światło dzienne,Zderzenie pojazdów czołowe,1,0,0,Nieokreślone (puste pole),N,,,,,,,,,,,,,,,,,,
EWK-98127487K,2014,2014-02-07,12,POWIAT GOSTYNIŃSKI,GOSTYNIN - OBSZAR WIEJSKI,Droga powiatowa,P,Jednojezdniowa dwukierunkowa,"Zakręt, łuk",Obszar niezabudowany,"19,5102777777778","52,4961111111111",Jezdnia,Pochmurno,Światło dzienne,Zderzenie pojazdów czołowe,1,0,1,Lekko,N,,,,,,,,,,,,,,,,,,
EWK-98127487K,2014,2014-02-07,12,POWIAT GOSTYNIŃSKI,GOSTYNIN - OBSZAR WIEJSKI,Droga powiatowa,P,Jednojezdniowa dwukierunkowa,"Zakręt, łuk",Obszar niezabudowany,"19,5102777777778","52,4961111111111",Jezdnia,Pochmurno,Światło dzienne,Zderzenie pojazdów czołowe,1,0,0,Nieokreślone (puste pole),N,,,,,,,,,,,,,,,,,,
EWK-98124522L,2014,2014-02-08,18,POWIAT RADOM,RADOM - OBSZAR MIEJSKI,Droga krajowa,7,Dwie jezdnie jednokierunkowe,,Obszar zabudowany,"21,2544444444444","51,5186111111111",Jezdnia,Dobre warunki atmosferyczne,Noc - droga oświetlona,Zderzenie pojazdów boczne,1,0,2,Lekko,N,,,,,,,,,,,,,,,,,,
EWK-98124522L,2014,2014-02-08,18,POWIAT RADOM,RADOM - OBSZAR MIEJSKI,Droga krajowa,7,Dwie jezdnie jednokierunkowe,,Obszar zabudowany,"21,2544444444444","51,5186111111111",Jezdnia,Dobre warunki atmosferyczne,Noc - droga oświetlona,Zderzenie pojazdów boczne,1,0,0,Nieokreślone (puste pole),N,,,,,,,,,,,,,,,,,,
EWK-98123615R,2014,2014-02-08,8,POWIAT OSTROŁĘCKI,OLSZEWO-BORKI - OBSZAR WIEJSKI,Droga gminna,GMINNA,Jednojezdniowa dwukierunkowa,"Zakręt, łuk",Obszar zabudowany,"21,6933333333333","53,1711111111111",Jezdnia,Dobre warunki atmosferyczne,Światło dzienne,Zderzenie pojazdów boczne,1,0,1,Lekko,N,,,,,,,,,,,,,,,,,,
EWK-98123615R,2014,2014-02-08,8,POWIAT OSTROŁĘCKI,OLSZEWO-BORKI - OBSZAR WIEJSKI,Droga gminna,GMINNA,Jednojezdniowa dwukierunkowa,"Zakręt, łuk",Obszar zabudowany,"21,6933333333333","53,1711111111111",Jezdnia,Dobre warunki atmosferyczne,Światło dzienne,Zderzenie pojazdów boczne,1,0,0,Nieokreślone (puste pole),N,,,,,,,,,,,,,,,,,,
EWK-98126228L,2014,2014-02-08,14,POWIAT RADOMSKI,WIERZBICA - OBSZAR WIEJSKI,Droga powiatowa,P3545W,Jednojezdniowa dwukierunkowa,,Obszar niezabudowany,"21,1236111111111","51,3119444444444",Jezdnia,Dobre warunki atmosferyczne,Światło dzienne,Zderzenie pojazdów boczne,1,0,2,Lekko,N,,,,,,,,,,,,,,,,,,
EWK-98126228L,2014,2014-02-08,14,POWIAT RADOMSKI,WIERZBICA - OBSZAR WIEJSKI,Droga powiatowa,P3545W,Jednojezdniowa dwukierunkowa,,Obszar niezabudowany,"21,1236111111111","51,3119444444444",Jezdnia,Dobre warunki atmosferyczne,Światło dzienne,Zderzenie pojazdów boczne,1,0,0,Nieokreślone (puste pole),N,,,,,,,,,,,,,,,,,,
EWK-98126023N,2014,2014-02-08,12,POWIAT PŁOCK,PŁOCK - OBSZAR MIEJSKI,Droga krajowa,60,Dwie jezdnie jednokierunkowe,,Obszar zabudowany,"19,7380555555556","52,6347222222222",Przejście dla pieszych,Oślepiające słońce,Światło dzienne,Zderzenie pojazdów boczne,1,0,1,Lekko,N,,,,,,,,,,,,,,,,,,
EWK-98126023N,2014,2014-02-08,12,POWIAT PŁOCK,PŁOCK - OBSZAR MIEJSKI,Droga krajowa,60,Dwie jezdnie jednokierunkowe,,Obszar zabudowany,"19,7380555555556","52,6347222222222",Przejście dla pieszych,Oślepiające słońce,Światło dzienne,Zderzenie pojazdów boczne,1,0,0,Nieokreślone (puste pole),N,,,,,,,,,,,,,,,,,,
EWK-98125970Q,2014,2014-02-08,22,POWIAT GRÓJECKI,CHYNÓW - OBSZAR WIEJSKI,Droga gminna,GMINNA,Jednojezdniowa dwukierunkowa,"Zakręt, łuk",Obszar zabudowany,"21,2011111111111","51,9186111111111",Jezdnia,Pochmurno,Noc - droga oświetlona,"Najechanie na słup, znak",1,0,1,Lekko,N,,,,,,,,,,,,,,,,,,