IDKSIP,year,date,hour,district,district_commune,road_category,road_number,type_of_road,road_geometry,area,Longitude,Latitude,char_place_of_the_event,weather_conditions,lighting,type_of_accident,num_of_accidents,num_of_fatalities,num_of_injured,type_of_injury,is_offender_intoxicated,,,,,,,,,,,,,,,,,,
EWK-98124490P,2014,2014-02-08,23,POWIAT RADOMSKI,JEDLIŃSK - OBSZAR WIEJSKI,Droga powiatowa,34410W,Jednojezdniowa dwukierunkowa,Odcinek prosty,Obszar zabudowany,"21,0913888888889","51,6652777777778",Jezdnia,Pochmurno,Noc - droga oświetlona,Wywrócenie się pojazdu,1,0,1,Lekko,N,,,,,,,,,,,,,,,,,,
EWK-98124490P,2014,2014-02-08,23,POWIAT RADOMSKI,JEDLIŃSK - OBSZAR WIEJSKI,Droga powiatowa,34410W,Jednojezdniowa dwukierunkowa,Odcinek prosty,Obszar zabudowany,"21,0913888888889","51,6652777777778",Jezdnia,Pochmurno,Noc - droga oświetlona,Wywrócenie się pojazdu,1,0,0,Nieokreślone (puste pole),N,,,,,,,,,,,,,,,,,,
EWK-98124634T,2014,2014-02-09,5,POWIAT PUŁTUSKI,PUŁTUSK - OBSZAR MIEJSKI,Droga wojewódzka,618,Jednojezdniowa dwukierunkowa,"Zakręt, łuk",Obszar zabudowany,"21,0975","52,7988888888889",Jezdnia,Opady deszczu,Noc - droga oświetlona,Zderzenie pojazdów czołowe,1,0,1,Ciężko,T,,,,,,,,,,,,,,,,,,
EWK-98124634T,2014,2014-02-09,5,POWIAT PUŁTUSKI,PUŁTUSK - OBSZAR MIEJSKI,Droga wojewódzka,618,Jednojezdniowa dwukierunkowa,"Zakręt, łuk",Obszar zabudowany,"21,0975","52,7988888888889",Jezdnia,Opady deszczu,Noc - droga oświetlona,Zderzenie pojazdów czołowe,1,0,1,Lekko,T,,,,,,,,,,,,,,,,,,
EWK-98124634T,2014,2014-02-09,5,POWIAT PUŁTUSKI,PUŁTUSK - OBSZAR MIEJSKI,Droga wojewódzka,618,Jednojezdniowa dwukierunkowa,"Zakręt, łuk",Obszar zabudowany,"21,0975","52,7988888888889",Jezdnia,Opady deszczu,Noc - droga oświetlona,Zderzenie pojazdów czołowe,1,0,0,Nieokreślone (puste pole),T,,,,,,,,,,,,,,,,,,
EWK-98124831U,2014,2014-02-09,9,POWIAT SIERPECKI,ROŚCISZEWO - OBSZAR WIEJSKI,Droga wojewódzka,541,Jednojezdniowa dwukierunkowa,"Zakręt, łuk",Obszar niezabudowany,"19,8936111111111","53,0469444444444",Pobocze,Pochmurno,Światło dzienne,Najechanie na drzewo,1,0,1,Ciężko,N,,,,,,,,,,,,,,,,,,
EWK-98127248T,2014,2014-02-10,19,POWIAT PŁOCK,PŁOCK - OBSZAR MIEJSKI,Droga krajowa,62,Jednojezdniowa dwukierunkowa,Odcinek prosty,Obszar zabudowany,"19,8094444444444","52,6752777777778",Jezdnia,Dobre warunki atmosferyczne,Noc - droga nieoświetlona,Najechanie na pieszego,1,0,1,Ciężko,N,,,,,,,,,,,,,,,,,,
EWK-98127248T,2014,2014-02-10,19,POWIAT PŁOCK,PŁOCK - OBSZAR MIEJSKI,Droga krajowa,62,Jednojezdniowa dwukierunkowa,Odcinek prosty,Obszar zabudowany,"19,8094444444444","52,6752777777778",Jezdnia,Dobre warunki atmosferyczne,Noc - droga nieoświetlona,Najechanie na pieszego,1,0,0,Nieokreślone (puste pole),N,,,,,,,,,,,,,,,,,,
EWK-98125354E,2014,2014-02-10,17,POWIAT RADOMSKI,JEDLIŃSK - OBSZAR WIEJSKI,Droga gminna,GMINNA,Dwie jezdnie jednokierunkowe,,Obszar niezabudowany,"21,2225","51,5225",Jezdnia,Dobre warunki atmosferyczne,Światło dzienne,Najechanie na pieszego,1,1,0,Nieokreślone (puste pole),T,,,,,,,,,,,,,,,,,,
EWK-98126039E,2014,2014-02-10,7,POWIAT PŁOCK,PŁOCK - OBSZAR MIEJSKI,Droga krajowa,62,Dwie jezdnie jednokierunkowe,Odcinek prosty,Obszar zabudowany,"19,8530555555556","52,5511111111111",Jezdnia,Dobre warunki atmosferyczne,Światło dzienne,Najechanie na pieszego,1,0,1,Lekko,N,,,,,,,,,,,,,,,,,,
EWK-98126039E,2014,2014-02-10,7,POWIAT PŁOCK,PŁOCK - OBSZAR MIEJSKI,Droga krajowa,62,Dwie jezdnie jednokierunkowe,Odcinek prosty,Obszar zabudowany,"19,8530555555556","52,5511111111111",Jezdnia,Dobre warunki atmosferyczne,Światło dzienne,Najechanie na pieszego,1,0,0,Nieokreślone (puste pole),N,,,,,,,,,,,,,,,,,,
EWK-98126617Q,2014,2014-02-10,14,POWIAT PUŁTUSKI,PUŁTUSK - OBSZAR MIEJSKI,Droga krajowa,61,Jednojezdniowa dwukierunkowa,,Obszar zabudowany,"21,2088888888889","52,7833333333333",Przejście dla pieszych,Dobre warunki atmosferyczne,Światło dzienne,Najechanie na pieszego,1,0,1,Lekko,N,,,,,,,,,,,,,,,,,,
EWK-98126617Q,2014,2014-02-10,14,POWIAT PUŁTUSKI,PUŁTUSK - OBSZAR MIEJSKI,Droga krajowa,61,Jednojezdniowa dwukierunkowa,,Obszar zabudowany,"21,2088888888889","52,7833333333333",Przejście dla pieszych,Dobre warunki atmosferyczne,Światło dzienne,Najechanie na pieszego,1,0,0,Nieokreślone (puste pole),N,,,,,,,,,,,,,,,,,,
EWK-98126045R,2014,2014-02-10,8,POWIAT PŁOCK,PŁOCK - OBSZAR MIEJSKI,Droga powiatowa,P,Jednojezdniowa dwukierunkowa,,Obszar zabudowany,"19,7733333333333","52,5927777777778",Jezdnia,Dobre warunki atmosferyczne,Światło dzienne,Zderzenie pojazdów boczne,1,0,3,Lekko,N,,,,,,,,,,,,,,,,,,
EWK-98126045R,2014,2014-02-10,8,POWIAT PŁOCK,PŁOCK - OBSZAR MIEJSKI,Droga powiatowa,P,Jednojezdniowa dwukierunkowa,,Obszar zabudowany,"19,7733333333333","52,5927777777778",Jezdnia,Dobre warunki atmosferyczne,Światło dzienne,Zderzenie pojazdów boczne,1,0,0,Nieokreślone (puste pole),N,,,,,,,,,,,,,,,,,,
EWK-98129782T,2014,2014-02-10,21,POWIAT PRZYSUSKI,KLWÓW - OBSZAR WIEJSKI,Droga krajowa,48,Jednojezdniowa dwukierunkowa,Odcinek prosty,Obszar niezabudowany,"20,6833333333333","51,6402777777778",Jezdnia,Dobre warunki atmosferyczne,Noc - droga nieoświetlona,Zderzenie pojazdów czołowe,1,0,1,Lekko,T,,,,,,,,,,,,,,,,,,
EWK-98129782T,2014,2014-02-10,21,POWIAT PRZYSUSKI,KLWÓW - OBSZAR WIEJSKI,Droga krajowa,48,Jednojezdniowa dwukierunkowa,Odcinek prosty,Obszar niezabudowany,"20,6833333333333","51,6402777777778",Jezdnia,Dobre warunki atmosferyczne,Noc - droga nieoświetlona,Zderzenie pojazdów czołowe,1,0,0,Nieokreślone (puste pole),T,,,,,,,,,,,,,,,,,,
EWK-98134131R,2014,2014-02-10,17,POWIAT SIEDLECKI,SIEDLCE - OBSZAR WIEJSKI,Droga krajowa,2,Jednojezdniowa dwukierunkowa,Odcinek prosty,Obszar zabudowany,"22,24","52,2422222222222",Jezdnia,Dobre warunki atmosferyczne,Noc - droga oświetlona,Zderzenie pojazdów czołowe,1,0,1,Lekko,N,,,,,,,,,,,,,,,,,,
EWK-98134131R,2014,2014-02-10,17,POWIAT SIEDLECKI,SIEDLCE - OBSZAR WIEJSKI,Droga krajowa,2,Jednojezdniowa dwukierunkowa,Odcinek prosty,Obszar zabudowany,"22,24","52,2422222222222",Jezdnia,Dobre warunki atmosferyczne,Noc - droga oświetlona,Zderzenie pojazdów czołowe,1,0,0,Nieokreślone (puste pole),N,,,,,,,,,,,,,,,,,,
EWK-98125342P,2014,2014-02-10,10,POWIAT RADOM,RADOM - OBSZAR MIEJSKI,Droga krajowa,9,Dwie jezdnie jednokierunkowe,,Obszar zabudowany,"21,1791666666667","51,4788888888889",Przejście dla pieszych,Opady deszczu,Światło dzienne,Najechanie na pieszego,1,0,1,Lekko,N,,,,,,,,,,,,,,,,,,
EWK-98125342P,2014,2014-02-10,10,POWIAT RADOM,RADOM - OBSZAR MIEJSKI,Droga krajowa,9,Dwie jezdnie jednokierunkowe,,Obszar zabudowany,"21,1791666666667","51,4788888888889",Przejście dla pieszych,Opady deszczu,Światło dzienne,Najechanie na pieszego,1,0,0,Nieokreślone (puste pole),N,,,,,,,,,,,,,,,,,,
EWK-98126469L,2014,2014-02-10,14,POWIAT GRÓJECKI,GRÓJEC - OBSZAR MIEJSKI,Droga powiatowa,P,Jednojezdniowa dwukierunkowa,,Obszar zabudowany,"20,8702777777778","51,9944444444444",Przejście dla pieszych,Oślepiające słońce,Światło dzienne,Najechanie na pieszego,1,0,1,Ciężko,N,,,,,,,,,,,,,,,,,,
EWK-98126469L,2014,2014-02-10,14,POWIAT GRÓJECKI,GRÓJEC - OBSZAR MIEJSKI,Droga powiatowa,P,Jednojezdniowa dwukierunkowa,,Obszar zabudowany,"20,8702777777778","51,9944444444444",Przejście dla pieszych,Oślepiające słońce,Światło dzienne,Najechanie na pieszego,1,0,0,Nieokreślone (puste pole),N,,,,,,,,,,,,,,,,,,
EWK-98130018X,2014,2014-02-10,19,POWIAT SZYDŁOWIECKI,SZYDŁOWIEC - OBSZAR WIEJSKI,Droga krajowa,7,Jednojezdniowa dwukierunkowa,Spadek,Obszar niezabudowany,"20,9127777777778","51,3716666666667",Jezdnia,Pochmurno,Noc - droga nieoświetlona,Najechanie na pieszego,1,1,0,Nieokreślone (puste pole),N,,,,,,,,,,,,,,,,,,
EWK-98129793J,2014,2014-02-10,11,POWIAT PRZYSUSKI,GIELNIÓW - OBSZAR WIEJSKI,Droga krajowa,12,Jednojezdniowa dwukierunkowa,,Obszar niezabudowany,"20,5469444444444","51,4916666666667",Jezdnia,Pochmurno,Światło dzienne,Zderzenie pojazdów czołowe,1,0,2,Lekko,N,,,,,,,,,,,,,,,,,,
EWK-98129793J,2014,2014-02-10,11,POWIAT PRZYSUSKI,GIELNIÓW - OBSZAR WIEJSKI,Droga krajowa,12,Jednojezdniowa dwukierunkowa,,Obszar niezabudowany,"20,5469444444444","51,4916666666667",Jezdnia,Pochmurno,Światło dzienne,Zderzenie pojazdów czołowe,1,0,0,Nieokreślone (puste pole),N,,,,,,,,,,,,,,,,,,
EWK-98127825T,2014,2014-02-11,19,POWIAT MŁAWSKI,MŁAWA - OBSZAR MIEJSKI,Droga powiatowa,P,Jednojezdniowa dwukierunkowa,Odcinek prosty,Obszar zabudowany,"20,4558333333333","53,1752777777778",Jezdnia,Dobre warunki atmosferyczne,Noc - droga oświetlona,Najechanie na pieszego,1,0,1,Lekko,T,,,,,,,,,,,,,,,,,,
EWK-98127825T,2014,2014-02-11,19,POWIAT MŁAWSKI,MŁAWA - OBSZAR MIEJSKI,Droga powiatowa,P,Jednojezdniowa dwukierunkowa,Odcinek prosty,Obszar zabudowany,"20,4558333333333","53,1752777777778",Jezdnia,Dobre warunki atmosferyczne,Noc - droga oświetlona,Najechanie na pieszego,1,0,0,Nieokreślone (puste pole),T,,,,,,,,,,,,,,,,,,
EWK-98126270U,2014,2014-02-11,17,POWIAT MAKOWSKI,CZERWONKA - OBSZAR WIEJSKI,Droga krajowa,60,Jednojezdniowa dwukierunkowa,Odcinek prosty,Obszar niezabudowany,"21,3225","52,9011111111111",Jezdnia,Dobre warunki atmosferyczne,Noc - droga nieoświetlona,Najechanie na zwierzę,1,0,1,Lekko,N,,,,,,,,,,,,,,,,,,
EWK-98126270U,2014,2014-02-11,17,POWIAT MAKOWSKI,CZERWONKA - OBSZAR WIEJSKI,Droga krajowa,60,Jednojezdniowa dwukierunkowa,Odcinek prosty,Obszar niezabudowany,"21,3225","52,9011111111111",Jezdnia,Dobre warunki atmosferyczne,Noc - droga nieoświetlona,Najechanie na zwierzę,1,0,0,Nieokreślone (puste pole),N,,,,,,,,,,,,,,,,,,
EWK-98130954T,2014,2014-02-11,19,POWIAT PŁOŃSKI,PŁOŃSK - OBSZAR WIEJSKI,Droga krajowa,7,Jednojezdniowa dwukierunkowa,Odcinek prosty,Obszar niezabudowany,"20,4555555555556","52,6222222222222","Skarpa, rów",Dobre warunki atmosferyczne,"Zmrok, świt",Najechanie na zwierzę,1,0,2,Ciężko,N,,,,,,,,,,,,,,,,,,
EWK-98130954T,2014,2014-02-11,19,POWIAT PŁOŃSKI,PŁOŃSK - OBSZAR WIEJSKI,Droga krajowa,7,Jednojezdniowa dwukierunkowa,Odcinek prosty,Obszar niezabudowany,"20,4555555555556","52,6222222222222","Skarpa, rów",Dobre warunki atmosferyczne,"Zmrok, świt",Najechanie na zwierzę,1,0,2,Lekko,N,,,,,,,,,,,,,,,,,,
EWK-98127808D,2014,2014-02-11,15,POWIAT MŁAWSKI,STUPSK - OBSZAR WIEJSKI,Droga powiatowa,P,Jednojezdniowa dwukierunkowa,Odcinek prosty,Obszar niezabudowany,"20,4466666666667","53,1219444444444",Jezdnia,Dobre warunki atmosferyczne,Światło dzienne,Zderzenie pojazdów boczne,1,0,1,Lekko,T,,,,,,,,,,,,,,,,,,
EWK-98127808D,2014,2014-02-11,15,POWIAT MŁAWSKI,STUPSK - OBSZAR WIEJSKI,Droga powiatowa,P,Jednojezdniowa dwukierunkowa,Odcinek prosty,Obszar niezabudowany,"20,4466666666667","53,1219444444444",Jezdnia,Dobre warunki atmosferyczne,Światło dzienne,Zderzenie pojazdów boczne,1,0,0,Nieokreślone (puste pole),T,,,,,,,,,,,,,,,,,,
EWK-98140636E,2014,2014-02-11,6,POWIAT SOKOŁOWSKI,SABNIE - OBSZAR WIEJSKI,Droga krajowa,63,Jednojezdniowa dwukierunkowa,"Zakręt, łuk",Obszar zabudowany,"22,3425","52,5958333333333",Jezdnia,Dobre warunki atmosferyczne,"Zmrok, świt",Zderzenie pojazdów czołowe,1,0,1,Ciężko,N,,,,,,,,,,,,,,,,,,
EWK-98140636E,2014,2014-02-11,6,POWIAT SOKOŁOWSKI,SABNIE - OBSZAR WIEJSKI,Droga krajowa,63,Jednojezdniowa dwukierunkowa,"Zakręt, łuk",Obszar zabudowany,"22,3425","52,5958333333333",Jezdnia,Dobre warunki atmosferyczne,"Zmrok, świt",Zderzenie pojazdów czołowe,1,0,1,Lekko,N,,,,,,,,,,,,,,,,,,
EWK-98140636E,2014,2014-02-11,6,POWIAT SOKOŁOWSKI,SABNIE - OBSZAR WIEJSKI,Droga krajowa,63,Jednojezdniowa dwukierunkowa,"Zakręt, łuk",Obszar zabudowany,"22,3425","52,5958333333333",Jezdnia,Dobre warunki atmosferyczne,"Zmrok, świt",Zderzenie pojazdów czołowe,1,0,0,Nieokreślone (puste pole),N,,,,,,,,,,,,,,,,,,
EWK-98128321M,2014,2014-02-11,17,POWIAT RADOMSKI,PRZYTYK - OBSZAR WIEJSKI,Droga wojewódzka,732,Jednojezdniowa dwukierunkowa,"Zakręt, łuk",Obszar zabudowany,"21,0091666666667","51,6183333333333",Jezdnia,Dobre warunki atmosferyczne,Światło dzienne,Zderzenie pojazdów czołowe,1,0,2,Lekko,N,,,,,,,,,,,,,,,,,,
EWK-98128494T,2014,2014-02-11,11,POWIAT RADOM,RADOM - OBSZAR MIEJSKI,Droga krajowa,9,Dwie jezdnie jednokierunkowe,Odcinek prosty,Obszar zabudowany,"21,2230555555556","51,5119444444444",Jezdnia,Dobre warunki atmosferyczne,Światło dzienne,Zderzenie pojazdów tylne,1,0,1,Lekko,N,,,,,,,,,,,,,,,,,,
EWK-98128494T,2014,2014-02-11,11,POWIAT RADOM,RADOM - OBSZAR MIEJSKI,Droga krajowa,9,Dwie jezdnie jednokierunkowe,Odcinek prosty,Obszar zabudowany,"21,2230555555556","51,5119444444444",Jezdnia,Dobre warunki atmosferyczne,Światło dzienne,Zderzenie pojazdów tylne,1,0,0,Nieokreślone (puste pole),N,,,,,,,,,,,,,,,,,,
EWK-98277803Y,2014,2014-02-11,5,POWIAT SIERPECKI,SIERPC - OBSZAR MIEJSKI,Droga wojewódzka,560,Jednojezdniowa dwukierunkowa,Wzniesienie,Obszar niezabudowany,"19,6819444444444","52,9308333333333",Jezdnia,Opady deszczu,Noc - droga nieoświetlona,Zderzenie pojazdów boczne,1,0,1,Ciężko,N,,,,,,,,,,,,,,,,,,
EWK-98277803Y,2014,2014-02-11,5,POWIAT SIERPECKI,SIERPC - OBSZAR MIEJSKI,Droga wojewódzka,560,Jednojezdniowa dwukierunkowa,Wzniesienie,Obszar niezabudowany,"19,6819444444444","52,9308333333333",Jezdnia,Opady deszczu,Noc - droga nieoświetlona,Zderzenie pojazdów boczne,1,0,0,Nieokreślone (puste pole),N,,,,,,,,,,,,,,,,,,
EWK-98131741K,2014,2014-02-11,11,POWIAT ŻUROMIŃSKI,LUBOWIDZ - OBSZAR WIEJSKI,Droga wojewódzka,541,Jednojezdniowa dwukierunkowa,,Obszar zabudowany,"19,9633333333333","53,13",Jezdnia,Pochmurno,Światło dzienne,Najechanie na pieszego,1,0,1,Lekko,N,,,,,,,,,,,,,,,,,,
EWK-98131741K,2014,2014-02-11,11,POWIAT ŻUROMIŃSKI,LUBOWIDZ - OBSZAR WIEJSKI,Droga wojewódzka,541,Jednojezdniowa dwukierunkowa,,Obszar zabudowany,"19,9633333333333","53,13",Jezdnia,Pochmurno,Światło dzienne,Najechanie na pieszego,1,0,0,Nieokreślone (puste pole),N,,,,,,,,,,,,,,,,,,
EWK-98128372N,2014,2014-02-12,15,POWIAT PŁOCKI,GĄBIN - OBSZAR WIEJSKI,Droga powiatowa,P,Jednojezdniowa dwukierunkowa,Odcinek prosty,Obszar niezabudowany,"19,8163888888889","52,4305555555556",Pobocze,Dobre warunki atmosferyczne,Światło dzienne,Najechanie na drzewo,1,1,0,Nieokreślone (puste pole),N,,,,,,,,,,,,,,,,,,
EWK-98128351P,2014,2014-02-12,1,POWIAT GRÓJECKI,GRÓJEC - OBSZAR WIEJSKI,Droga krajowa,S7,Ekspresowa,Odcinek prosty,Obszar niezabudowany,"20,9677777777778","51,855",Jezdnia,Dobre warunki atmosferyczne,Noc - droga nieoświetlona,Najechanie na pieszego,1,0,1,Lekko,N,,,,,,,,,,,,,,,,,,
EWK-98128351P,2014,2014-02-12,1,POWIAT GRÓJECKI,GRÓJEC - OBSZAR WIEJSKI,Droga krajowa,S7,Ekspresowa,Odcinek prosty,Obszar niezabudowany,"20,9677777777778","51,855",Jezdnia,Dobre warunki atmosferyczne,Noc - droga nieoświetlona,Najechanie na pieszego,1,0,0,Nieokreślone (puste pole),N,,,,,,,,,,,,,,,,,,
EWK-98128361T,2014,2014-02-12,8,POWIAT PŁOCKI,STARA BIAŁA - OBSZAR WIEJSKI,Droga powiatowa,P,Jednojezdniowa dwukierunkowa,"Zakręt, łuk",Obszar zabudowany,"19,6727777777778","52,6763888888889",Jezdnia,Dobre warunki atmosferyczne,"Zmrok, świt",Zderzenie pojazdów czołowe,1,0,1,Lekko,N,,,,,,,,,,,,,,,,,,
EWK-98128361T,2014,2014-02-12,8,POWIAT PŁOCKI,STARA BIAŁA - OBSZAR WIEJSKI,Droga powiatowa,P,Jednojezdniowa dwukierunkowa,"Zakręt, łuk",Obszar zabudowany,"19,6727777777778","52,6763888888889",Jezdnia,Dobre warunki atmosferyczne,"Zmrok, świt",Zderzenie pojazdów czołowe,1,0,0,Nieokreślone (puste pole),N,,,,,,,,,,,,,,,,,,
EWK-98131403C,2014,2014-02-12,11,POWIAT PŁOCKI,MAŁA WIEŚ - OBSZAR WIEJSKI,Droga krajowa,62,Jednojezdniowa dwukierunkowa,Odcinek prosty,Obszar zabudowany,"20,1055555555556","52,4172222222222","Wjazd, wyjazd z posesji, pola",Dobre warunki atmosferyczne,Światło dzienne,Zderzenie pojazdów tylne,1,0,1,Lekko,N,,,,,,,,,,,,,,,,,,
EWK-98131403C,2014,2014-02-12,11,POWIAT PŁOCKI,MAŁA WIEŚ - OBSZAR WIEJSKI,Droga krajowa,62,Jednojezdniowa dwukierunkowa,Odcinek prosty,Obszar zabudowany,"20,1055555555556","52,4172222222222","Wjazd, wyjazd z posesji, pola",Dobre warunki atmosferyczne,Światło dzienne,Zderzenie pojazdów tylne,1,0,0,Nieokreślone (puste pole),N,,,,,,,,,,,,,,,,,,
EWK-98130916Y,2014,2014-02-12,6,POWIAT KOZIENICKI,KOZIENICE - OBSZAR WIEJSKI,Droga powiatowa,34522W,Jednojezdniowa dwukierunkowa,Odcinek prosty,Obszar niezabudowany,"21,7933333333333","51,6680555555556",Jezdnia,"Mgła, dym",Światło dzienne,Zderzenie pojazdów czołowe,1,0,1,Ciężko,N,,,,,,,,,,,,,,,,,,
EWK-98130916Y,2014,2014-02-12,6,POWIAT KOZIENICKI,KOZIENICE - OBSZAR WIEJSKI,Droga powiatowa,34522W,Jednojezdniowa dwukierunkowa,Odcinek prosty,Obszar niezabudowany,"21,7933333333333","51,6680555555556",Jezdnia,"Mgła, dym",Światło dzienne,Zderzenie pojazdów czołowe,1,0,0,Nieokreślone (puste pole),N,,,,,,,,,,,,,,,,,,
EWK-98128561L,2014,2014-02-12,14,POWIAT OSTROŁĘCKI,LELIS - OBSZAR WIEJSKI,Droga krajowa,53,Jednojezdniowa dwukierunkowa,"Zakręt, łuk",Obszar niezabudowany,"21,6094444444444","53,2130555555556",Jezdnia,Opady deszczu,Światło dzienne,Najechanie na drzewo,1,0,1,Lekko,N,,,,,,,,,,,,,,,,,,
EWK-98130521N,2014,2014-02-12,17,POWIAT WĘGROWSKI,SADOWNE - OBSZAR WIEJSKI,Droga krajowa,50,Jednojezdniowa dwukierunkowa,,Obszar zabudowany,"21,9527777777778","52,7108333333333",Jezdnia,Opady deszczu,Noc - droga oświetlona,Najechanie na pieszego,1,1,0,Nieokreślone (puste pole),N,,,,,,,,,,,,,,,,,,
EWK-98129492Q,2014,2014-02-12,17,POWIAT RADOM,RADOM - OBSZAR MIEJSKI,Droga powiatowa,P5309W,Jednojezdniowa dwukierunkowa,,Obszar zabudowany,"21,1794444444444","51,4786111111111",Przejście dla pieszych,Opady deszczu,Noc - droga oświetlona,Najechanie na pieszego,1,0,1,Ciężko,N,,,,,,,,,,,,,,,,,,
EWK-98129492Q,2014,2014-02-12,17,POWIAT RADOM,RADOM - OBSZAR MIEJSKI,Droga powiatowa,P5309W,Jednojezdniowa dwukierunkowa,,Obszar zabudowany,"21,1794444444444","51,4786111111111",Przejście dla pieszych,Opady deszczu,Noc - droga oświetlona,Najechanie na pieszego,1,0,0,Nieokreślone (puste pole),N,,,,,,,,,,,,,,,,,,
EWK-98130924N,2014,2014-02-12,13,POWIAT KOZIENICKI,MAGNUSZEW - OBSZAR WIEJSKI,Droga krajowa,79,Jednojezdniowa dwukierunkowa,Odcinek prosty,Obszar niezabudowany,"21,3911111111111","51,7938888888889",Jezdnia,Opady deszczu,Światło dzienne,Zderzenie pojazdów tylne,1,0,1,Lekko,N,,,,,,,,,,,,,,,,,,
EWK-98130924N,2014,2014-02-12,13,POWIAT KOZIENICKI,MAGNUSZEW - OBSZAR WIEJSKI,Droga krajowa,79,Jednojezdniowa dwukierunkowa,Odcinek prosty,Obszar niezabudowany,"21,3911111111111","51,7938888888889",Jezdnia,Opady deszczu,Światło dzienne,Zderzenie pojazdów tylne,1,0,0,Nieokreślone (puste pole),N,,,,,,,,,,,,,,,,,,
EWK-98135370D,2014,2014-02-12,20,POWIAT SIEDLECKI,MOKOBODY - OBSZAR WIEJSKI,Droga wojewódzka,696,Jednojezdniowa dwukierunkowa,Odcinek prosty,Obszar niezabudowany,"22,1986111111111","52,2841666666667",Jezdnia,"Opady śniegu, gradu",Noc - droga nieoświetlona,Zderzenie pojazdów czołowe,1,0,1,Lekko,N,,,,,,,,,,,,,,,,,,
EWK-98135370D,2014,2014-02-12,20,POWIAT SIEDLECKI,MOKOBODY - OBSZAR WIEJSKI,Droga wojewódzka,696,Jednojezdniowa dwukierunkowa,Odcinek prosty,Obszar niezabudowany,"22,1986111111111","52,2841666666667",Jezdnia,"Opady śniegu, gradu",Noc - droga nieoświetlona,Zderzenie pojazdów czołowe,1,0,0,Nieokreślone (puste pole),N,,,,,,,,,,,,,,,,,,
EWK-98130527E,2014,2014-02-12,22,POWIAT MŁAWSKI,WIŚNIEWO - OBSZAR WIEJSKI,Droga krajowa,7,Jednojezdniowa dwukierunkowa,,Obszar niezabudowany,"20,4141666666667","53,1280555555556",Jezdnia,"Pochmurno; Mgła, dym",Noc - droga nieoświetlona,Zderzenie pojazdów boczne,1,0,1,Lekko,N,,,,,,,,,,,,,,,,,,
EWK-98130527E,2014,2014-02-12,22,POWIAT MŁAWSKI,WIŚNIEWO - OBSZAR WIEJSKI,Droga krajowa,7,Jednojezdniowa dwukierunkowa,,Obszar niezabudowany,"20,4141666666667","53,1280555555556",Jezdnia,"Pochmurno; Mgła, dym",Noc - droga nieoświetlona,Zderzenie pojazdów boczne,1,0,0,Nieokreślone (puste pole),N,,,,,,,,,,,,,,,,,,
EWK-98130273E,2014,2014-02-13,15,POWIAT GOSTYNIŃSKI,GOSTYNIN - OBSZAR MIEJSKI,Droga gminna,G140189W,Jednokierunkowa,Odcinek prosty,Obszar zabudowany,"19,5672222222222","52,5302777777778",Przejście dla pieszych,Dobre warunki atmosferyczne,Światło dzienne,Najechanie na pieszego,1,0,1,Lekko,N,,,,,,,,,,,,,,,,,,
EWK-98130273E,2014,2014-02-13,15,POWIAT GOSTYNIŃSKI,GOSTYNIN - OBSZAR MIEJSKI,Droga gminna,G140189W,Jednokierunkowa,Odcinek prosty,Obszar zabudowany,"19,5672222222222","52,5302777777778",Przejście dla pieszych,Dobre warunki atmosferyczne,Światło dzienne,Najechanie na pieszego,1,0,0,Nieokreślone (puste pole),N,,,,,,,,,,,,,,,,,,
EWK-98129071T,2014,2014-02-13,15,POWIAT PŁOCK,PŁOCK - OBSZAR MIEJSKI,Droga powiatowa,P,Jednojezdniowa dwukierunkowa,Odcinek prosty,Obszar zabudowany,"19,9083333333333","52,5205555555556",Przystanek komunikacji publicznej,Dobre warunki atmosferyczne,Światło dzienne,Najechanie na pieszego,1,0,1,Lekko,N,,,,,,,,,,,,,,,,,,
EWK-98129071T,2014,2014-02-13,15,POWIAT PŁOCK,PŁOCK - OBSZAR MIEJSKI,Droga powiatowa,P,Jednojezdniowa dwukierunkowa,Odcinek prosty,Obszar zabudowany,"19,9083333333333","52,5205555555556",Przystanek komunikacji publicznej,Dobre warunki atmosferyczne,Światło dzienne,Najechanie na pieszego,1,0,0,Nieokreślone (puste pole),N,,,,,,,,,,,,,,,,,,
EWK-98148754K,2014,2014-02-13,6,POWIAT GARWOLIŃSKI,PILAWA - OBSZAR WIEJSKI,Droga wojewódzka,805,Jednojezdniowa dwukierunkowa,Odcinek prosty,Obszar niezabudowany,"21,5669444444444","52,0577777777778",Jezdnia,Dobre warunki atmosferyczne,Światło dzienne,Wywrócenie się pojazdu,1,0,1,Lekko,N,,,,,,,,,,,,,,,,,,
EWK-98148754K,2014,2014-02-13,6,POWIAT GARWOLIŃSKI,PILAWA - OBSZAR WIEJSKI,Droga wojewódzka,805,Jednojezdniowa dwukierunkowa,Odcinek prosty,Obszar niezabudowany,"21,5669444444444","52,0577777777778",Jezdnia,Dobre warunki atmosferyczne,Światło dzienne,Wywrócenie się pojazdu,1,0,0,Nieokreślone (puste pole),N,,,,,,,,,,,,,,,,,,