IDKSIP,year,date,hour,district,district_commune,road_category,road_number,type_of_road,road_geometry,area,Longitude,Latitude,char_place_of_the_event,weather_conditions,lighting,type_of_accident,num_of_accidents,num_of_fatalities,num_of_injured,type_of_injury,is_offender_intoxicated,,,,,,,,,,,,,,,,,,
EWK-98136501L,2014,2014-02-13,5,POWIAT SIEDLECKI,SUCHOŻEBRY - OBSZAR WIEJSKI,Droga wojewódzka,696,Jednojezdniowa dwukierunkowa,Odcinek prosty,Obszar niezabudowany,"22,2758333333333","52,3705555555556",Jezdnia,Dobre warunki atmosferyczne,"Zmrok, świt",Zderzenie pojazdów czołowe,1,0,2,Lekko,N,,,,,,,,,,,,,,,,,,
EWK-98129060G,2014,2014-02-13,8,POWIAT PŁOCKI,BULKOWO - OBSZAR WIEJSKI,Droga powiatowa,P,Jednojezdniowa dwukierunkowa,,Obszar niezabudowany,"20,1369444444444","52,6025",Jezdnia,"Mgła, dym",Światło dzienne,Zderzenie pojazdów boczne,1,0,1,Ciężko,N,,,,,,,,,,,,,,,,,,
EWK-98129060G,2014,2014-02-13,8,POWIAT PŁOCKI,BULKOWO - OBSZAR WIEJSKI,Droga powiatowa,P,Jednojezdniowa dwukierunkowa,,Obszar niezabudowany,"20,1369444444444","52,6025",Jezdnia,"Mgła, dym",Światło dzienne,Zderzenie pojazdów boczne,1,0,6,Lekko,N,,,,,,,,,,,,,,,,,,
EWK-98129060G,2014,2014-02-13,8,POWIAT PŁOCKI,BULKOWO - OBSZAR WIEJSKI,Droga powiatowa,P,Jednojezdniowa dwukierunkowa,,Obszar niezabudowany,"20,1369444444444","52,6025",Jezdnia,"Mgła, dym",Światło dzienne,Zderzenie pojazdów boczne,1,0,0,Nieokreślone (puste pole),N,,,,,,,,,,,,,,,,,,
EWK-98131411U,2014,2014-02-13,17,POWIAT PŁOCK,PŁOCK - OBSZAR MIEJSKI,Droga krajowa,60,Jednokierunkowa,Odcinek prosty,Obszar zabudowany,"19,7322222222222","52,6369444444445",Przejście dla pieszych,Pochmurno,Noc - droga oświetlona,Najechanie na pieszego,1,0,1,Lekko,N,,,,,,,,,,,,,,,,,,
EWK-98131411U,2014,2014-02-13,17,POWIAT PŁOCK,PŁOCK - OBSZAR MIEJSKI,Droga krajowa,60,Jednokierunkowa,Odcinek prosty,Obszar zabudowany,"19,7322222222222","52,6369444444445",Przejście dla pieszych,Pochmurno,Noc - droga oświetlona,Najechanie na pieszego,1,0,0,Nieokreślone (puste pole),N,,,,,,,,,,,,,,,,,,
EWK-98130164M,2014,2014-02-13,16,POWIAT RADOM,RADOM - OBSZAR MIEJSKI,Droga krajowa,12,Dwie jezdnie jednokierunkowe,,Obszar zabudowany,"21,2072222222222","51,4230555555556",Jezdnia,Pochmurno,Światło dzienne,Zderzenie pojazdów tylne,1,0,1,Lekko,N,,,,,,,,,,,,,,,,,,
EWK-98130164M,2014,2014-02-13,16,POWIAT RADOM,RADOM - OBSZAR MIEJSKI,Droga krajowa,12,Dwie jezdnie jednokierunkowe,,Obszar zabudowany,"21,2072222222222","51,4230555555556",Jezdnia,Pochmurno,Światło dzienne,Zderzenie pojazdów tylne,1,0,0,Nieokreślone (puste pole),N,,,,,,,,,,,,,,,,,,
EWK-98140321F,2014,2014-02-14,15,POWIAT RADOM,RADOM - OBSZAR MIEJSKI,Droga gminna,G530148W,Jednojezdniowa dwukierunkowa,,Obszar zabudowany,"21,2277777777778","51,4777777777778",Jezdnia,Dobre warunki atmosferyczne,Światło dzienne,Zderzenie pojazdów boczne,1,0,1,Lekko,N,,,,,,,,,,,,,,,,,,
EWK-98140321F,2014,2014-02-14,15,POWIAT RADOM,RADOM - OBSZAR MIEJSKI,Droga gminna,G530148W,Jednojezdniowa dwukierunkowa,,Obszar zabudowany,"21,2277777777778","51,4777777777778",Jezdnia,Dobre warunki atmosferyczne,Światło dzienne,Zderzenie pojazdów boczne,1,0,0,Nieokreślone (puste pole),N,,,,,,,,,,,,,,,,,,
EWK-98132111R,2014,2014-02-14,21,POWIAT RADOM,RADOM - OBSZAR MIEJSKI,Droga powiatowa,P3539W,Jednojezdniowa dwukierunkowa,Odcinek prosty,Obszar zabudowany,"21,1688888888889","51,4741666666667",Jezdnia,Dobre warunki atmosferyczne,Noc - droga nieoświetlona,Zderzenie pojazdów czołowe,1,0,1,Ciężko,N,,,,,,,,,,,,,,,,,,
EWK-98132111R,2014,2014-02-14,21,POWIAT RADOM,RADOM - OBSZAR MIEJSKI,Droga powiatowa,P3539W,Jednojezdniowa dwukierunkowa,Odcinek prosty,Obszar zabudowany,"21,1688888888889","51,4741666666667",Jezdnia,Dobre warunki atmosferyczne,Noc - droga nieoświetlona,Zderzenie pojazdów czołowe,1,1,0,Nieokreślone (puste pole),N,,,,,,,,,,,,,,,,,,
EWK-98147955T,2014,2014-02-14,18,POWIAT ŻYRARDOWSKI,WISKITKI - OBSZAR WIEJSKI,Autostrada,A2,Autostrada,Odcinek prosty,Obszar niezabudowany,"20,3272222222222","52,1288888888889",Jezdnia,Dobre warunki atmosferyczne,Noc - droga nieoświetlona,Zderzenie pojazdów tylne,1,0,1,Lekko,N,,,,,,,,,,,,,,,,,,
EWK-98147955T,2014,2014-02-14,18,POWIAT ŻYRARDOWSKI,WISKITKI - OBSZAR WIEJSKI,Autostrada,A2,Autostrada,Odcinek prosty,Obszar niezabudowany,"20,3272222222222","52,1288888888889",Jezdnia,Dobre warunki atmosferyczne,Noc - droga nieoświetlona,Zderzenie pojazdów tylne,1,0,0,Nieokreślone (puste pole),N,,,,,,,,,,,,,,,,,,
EWK-98132048P,2014,2014-02-15,8,POWIAT RADOMSKI,JEDLIŃSK - OBSZAR WIEJSKI,Droga krajowa,7,Dwie jezdnie jednokierunkowe,,Obszar zabudowany,21.753214,,Jezdnia,Dobre warunki atmosferyczne,Światło dzienne,Zderzenie pojazdów czołowe,1,0,1,Ciężko,N,,,,,,,,,,,,,,,,,,
EWK-98132048P,2014,2014-02-15,8,POWIAT RADOMSKI,JEDLIŃSK - OBSZAR WIEJSKI,Droga krajowa,7,Dwie jezdnie jednokierunkowe,,Obszar zabudowany,21.753214,,Jezdnia,Dobre warunki atmosferyczne,Światło dzienne,Zderzenie pojazdów czołowe,1,0,0,Nieokreślone (puste pole),N,,,,,,,,,,,,,,,,,,
EWK-98146532F,2014,2014-02-15,20,POWIAT OSTROWSKI,WĄSEWO - OBSZAR WIEJSKI,Droga krajowa,60,Jednojezdniowa dwukierunkowa,Odcinek prosty,Obszar niezabudowany,"21,8994444444444","52,8708333333333",Jezdnia,Dobre warunki atmosferyczne,Noc - droga nieoświetlona,Zderzenie pojazdów tylne,1,0,1,Lekko,N,,,,,,,,,,,,,,,,,,
EWK-98146532F,2014,2014-02-15,20,POWIAT OSTROWSKI,WĄSEWO - OBSZAR WIEJSKI,Droga krajowa,60,Jednojezdniowa dwukierunkowa,Odcinek prosty,Obszar niezabudowany,"21,8994444444444","52,8708333333333",Jezdnia,Dobre warunki atmosferyczne,Noc - droga nieoświetlona,Zderzenie pojazdów tylne,1,0,0,Nieokreślone (puste pole),N,,,,,,,,,,,,,,,,,,
EWK-98137598Q,2014,2014-02-15,10,POWIAT KOZIENICKI,GRABÓW NAD PILICĄ - OBSZAR WIEJSKI,Droga wojewódzka,W736,Jednojezdniowa dwukierunkowa,Odcinek prosty,Obszar zabudowany,"21,3211111111111","51,7986111111111",Jezdnia,Dobre warunki atmosferyczne,Światło dzienne,Zderzenie pojazdów tylne,1,0,1,Lekko,T,,,,,,,,,,,,,,,,,,
EWK-98137598Q,2014,2014-02-15,10,POWIAT KOZIENICKI,GRABÓW NAD PILICĄ - OBSZAR WIEJSKI,Droga wojewódzka,W736,Jednojezdniowa dwukierunkowa,Odcinek prosty,Obszar zabudowany,"21,3211111111111","51,7986111111111",Jezdnia,Dobre warunki atmosferyczne,Światło dzienne,Zderzenie pojazdów tylne,1,0,0,Nieokreślone (puste pole),T,,,,,,,,,,,,,,,,,,
EWK-98132177N,2014,2014-02-16,22,POWIAT GRÓJECKI,BELSK DUŻY - OBSZAR WIEJSKI,Droga wojewódzka,728,Jednojezdniowa dwukierunkowa,Odcinek prosty,Obszar zabudowany,"20,8847222222222","51,8969444444445",Przejście dla pieszych,Dobre warunki atmosferyczne,Noc - droga oświetlona,Najechanie na pieszego,1,0,1,Lekko,N,,,,,,,,,,,,,,,,,,
EWK-98132177N,2014,2014-02-16,22,POWIAT GRÓJECKI,BELSK DUŻY - OBSZAR WIEJSKI,Droga wojewódzka,728,Jednojezdniowa dwukierunkowa,Odcinek prosty,Obszar zabudowany,"20,8847222222222","51,8969444444445",Przejście dla pieszych,Dobre warunki atmosferyczne,Noc - droga oświetlona,Najechanie na pieszego,1,0,0,Nieokreślone (puste pole),N,,,,,,,,,,,,,,,,,,
EWK-98137207A,2014,2014-02-16,17,POWIAT OSTROWSKI,OSTRÓW MAZOWIECKA - OBSZAR WIEJSKI,Droga wojewódzka,627,Jednojezdniowa dwukierunkowa,"Zakręt, łuk",Obszar zabudowany,"21,91","52,835",Jezdnia,Dobre warunki atmosferyczne,Noc - droga oświetlona,Zderzenie pojazdów boczne,1,0,3,Lekko,T,,,,,,,,,,,,,,,,,,
EWK-98137207A,2014,2014-02-16,17,POWIAT OSTROWSKI,OSTRÓW MAZOWIECKA - OBSZAR WIEJSKI,Droga wojewódzka,627,Jednojezdniowa dwukierunkowa,"Zakręt, łuk",Obszar zabudowany,"21,91","52,835",Jezdnia,Dobre warunki atmosferyczne,Noc - droga oświetlona,Zderzenie pojazdów boczne,1,0,0,Nieokreślone (puste pole),T,,,,,,,,,,,,,,,,,,
EWK-98131402H,2014,2014-02-16,3,POWIAT RADOMSKI,GÓZD - OBSZAR WIEJSKI,Droga krajowa,12,Jednokierunkowa,Odcinek prosty,Obszar niezabudowany,"21,4772222222222","51,5191666666667",Jezdnia,Dobre warunki atmosferyczne,Noc - droga nieoświetlona,Zderzenie pojazdów czołowe,1,0,1,Ciężko,N,,,,,,,,,,,,,,,,,,
EWK-98131402H,2014,2014-02-16,3,POWIAT RADOMSKI,GÓZD - OBSZAR WIEJSKI,Droga krajowa,12,Jednokierunkowa,Odcinek prosty,Obszar niezabudowany,"21,4772222222222","51,5191666666667",Jezdnia,Dobre warunki atmosferyczne,Noc - droga nieoświetlona,Zderzenie pojazdów czołowe,1,0,0,Nieokreślone (puste pole),N,,,,,,,,,,,,,,,,,,
EWK-98131934U,2014,2014-02-16,18,POWIAT RADOM,RADOM - OBSZAR MIEJSKI,Droga powiatowa,P5304W  ,Jednojezdniowa dwukierunkowa,,Obszar zabudowany,"21,2508333333333","51,5",Jezdnia,Dobre warunki atmosferyczne,Noc - droga oświetlona,Zderzenie pojazdów czołowe,1,0,1,Lekko,N,,,,,,,,,,,,,,,,,,
EWK-98131934U,2014,2014-02-16,18,POWIAT RADOM,RADOM - OBSZAR MIEJSKI,Droga powiatowa,P5304W  ,Jednojezdniowa dwukierunkowa,,Obszar zabudowany,"21,2508333333333","51,5",Jezdnia,Dobre warunki atmosferyczne,Noc - droga oświetlona,Zderzenie pojazdów czołowe,1,0,0,Nieokreślone (puste pole),N,,,,,,,,,,,,,,,,,,
EWK-98137627Q,2014,2014-02-17,11,POWIAT MŁAWSKI,WIŚNIEWO - OBSZAR WIEJSKI,Droga gminna,GMINNA,Jednojezdniowa dwukierunkowa,Odcinek prosty,Obszar zabudowany,"20,2830555555556","53,1808333333333",Jezdnia,Dobre warunki atmosferyczne,Światło dzienne,Najechanie na pieszego,1,0,1,Lekko,N,,,,,,,,,,,,,,,,,,
EWK-98137627Q,2014,2014-02-17,11,POWIAT MŁAWSKI,WIŚNIEWO - OBSZAR WIEJSKI,Droga gminna,GMINNA,Jednojezdniowa dwukierunkowa,Odcinek prosty,Obszar zabudowany,"20,2830555555556","53,1808333333333",Jezdnia,Dobre warunki atmosferyczne,Światło dzienne,Najechanie na pieszego,1,0,0,Nieokreślone (puste pole),N,,,,,,,,,,,,,,,,,,
EWK-98137384X,2014,2014-02-17,6,POWIAT PŁOŃSKI,PŁOŃSK - OBSZAR WIEJSKI,Droga krajowa,7,Dwie jezdnie jednokierunkowe,"Zakręt, łuk",Obszar niezabudowany,"20,4875","52,6213888888889","Skarpa, rów",Dobre warunki atmosferyczne,"Zmrok, świt","Najechanie na słup, znak",1,0,2,Ciężko,N,,,,,,,,,,,,,,,,,,
EWK-98137384X,2014,2014-02-17,6,POWIAT PŁOŃSKI,PŁOŃSK - OBSZAR WIEJSKI,Droga krajowa,7,Dwie jezdnie jednokierunkowe,"Zakręt, łuk",Obszar niezabudowany,"20,4875","52,6213888888889","Skarpa, rów",Dobre warunki atmosferyczne,"Zmrok, świt","Najechanie na słup, znak",1,0,3,Lekko,N,,,,,,,,,,,,,,,,,,
EWK-98136585L,2014,2014-02-17,8,POWIAT GRÓJECKI,BELSK DUŻY - OBSZAR WIEJSKI,Droga powiatowa,P,Jednojezdniowa dwukierunkowa,Odcinek prosty,Obszar niezabudowany,"20,9144444444444","51,9172222222222",Jezdnia,Dobre warunki atmosferyczne,Światło dzienne,Wywrócenie się pojazdu,1,0,1,Lekko,N,,,,,,,,,,,,,,,,,,
EWK-98136585L,2014,2014-02-17,8,POWIAT GRÓJECKI,BELSK DUŻY - OBSZAR WIEJSKI,Droga powiatowa,P,Jednojezdniowa dwukierunkowa,Odcinek prosty,Obszar niezabudowany,"20,9144444444444","51,9172222222222",Jezdnia,Dobre warunki atmosferyczne,Światło dzienne,Wywrócenie się pojazdu,1,0,0,Nieokreślone (puste pole),N,,,,,,,,,,,,,,,,,,
EWK-98144722F,2014,2014-02-17,6,POWIAT RADOMSKI,ZAKRZEW - OBSZAR WIEJSKI,Droga wojewódzka,740,Jednojezdniowa dwukierunkowa,Odcinek prosty,Obszar zabudowany,"21,0913888888889","51,4172222222222",Jezdnia,Dobre warunki atmosferyczne,Światło dzienne,Zdarzenie z pasażerem,1,0,2,Lekko,N,,,,,,,,,,,,,,,,,,
EWK-98140463F,2014,2014-02-17,11,POWIAT SIERPECKI,ZAWIDZ - OBSZAR WIEJSKI,Droga krajowa,10,Jednojezdniowa dwukierunkowa,,Obszar niezabudowany,"19,9616666666667","52,9333333333333",Jezdnia,Dobre warunki atmosferyczne,Światło dzienne,Zderzenie pojazdów boczne,1,0,1,Lekko,N,,,,,,,,,,,,,,,,,,
EWK-98140463F,2014,2014-02-17,11,POWIAT SIERPECKI,ZAWIDZ - OBSZAR WIEJSKI,Droga krajowa,10,Jednojezdniowa dwukierunkowa,,Obszar niezabudowany,"19,9616666666667","52,9333333333333",Jezdnia,Dobre warunki atmosferyczne,Światło dzienne,Zderzenie pojazdów boczne,1,0,0,Nieokreślone (puste pole),N,,,,,,,,,,,,,,,,,,
EWK-98138113A,2014,2014-02-17,7,POWIAT PŁOŃSKI,ZAŁUSKI - OBSZAR WIEJSKI,Droga krajowa,7,Jednojezdniowa dwukierunkowa,"Zakręt, łuk",Obszar niezabudowany,"20,6016666666667","52,6747222222222",Jezdnia,Dobre warunki atmosferyczne,Światło dzienne,Zderzenie pojazdów tylne,1,0,1,Ciężko,N,,,,,,,,,,,,,,,,,,
EWK-98138113A,2014,2014-02-17,7,POWIAT PŁOŃSKI,ZAŁUSKI - OBSZAR WIEJSKI,Droga krajowa,7,Jednojezdniowa dwukierunkowa,"Zakręt, łuk",Obszar niezabudowany,"20,6016666666667","52,6747222222222",Jezdnia,Dobre warunki atmosferyczne,Światło dzienne,Zderzenie pojazdów tylne,1,0,1,Lekko,N,,,,,,,,,,,,,,,,,,
EWK-98138113A,2014,2014-02-17,7,POWIAT PŁOŃSKI,ZAŁUSKI - OBSZAR WIEJSKI,Droga krajowa,7,Jednojezdniowa dwukierunkowa,"Zakręt, łuk",Obszar niezabudowany,"20,6016666666667","52,6747222222222",Jezdnia,Dobre warunki atmosferyczne,Światło dzienne,Zderzenie pojazdów tylne,1,0,0,Nieokreślone (puste pole),N,,,,,,,,,,,,,,,,,,
EWK-98148146P,2014,2014-02-18,18,POWIAT GARWOLIŃSKI,WILGA - OBSZAR WIEJSKI,Droga powiatowa,31304W,Jednojezdniowa dwukierunkowa,Odcinek prosty,Obszar zabudowany,"21,4430555555556","51,8844444444444",Jezdnia,Dobre warunki atmosferyczne,Noc - droga nieoświetlona,Najechanie na pieszego,1,1,0,Nieokreślone (puste pole),N,,,,,,,,,,,,,,,,,,
EWK-98136448F,2014,2014-02-18,13,POWIAT SZYDŁOWIECKI,JASTRZĄB - OBSZAR WIEJSKI,Droga wojewódzka,727,Jednojezdniowa dwukierunkowa,,Obszar zabudowany,"21,0433333333333","51,3558333333333",Jezdnia,Dobre warunki atmosferyczne,Światło dzienne,Zderzenie pojazdów boczne,1,0,1,Ciężko,N,,,,,,,,,,,,,,,,,,
EWK-98136448F,2014,2014-02-18,13,POWIAT SZYDŁOWIECKI,JASTRZĄB - OBSZAR WIEJSKI,Droga wojewódzka,727,Jednojezdniowa dwukierunkowa,,Obszar zabudowany,"21,0433333333333","51,3558333333333",Jezdnia,Dobre warunki atmosferyczne,Światło dzienne,Zderzenie pojazdów boczne,1,0,0,Nieokreślone (puste pole),N,,,,,,,,,,,,,,,,,,
EWK-98136411L,2014,2014-02-19,7,POWIAT SIERPECKI,SIERPC - OBSZAR WIEJSKI,Droga krajowa,10,Jednokierunkowa,Odcinek prosty,Obszar niezabudowany,"19,6161111111111","52,9830555555556",Jezdnia,Dobre warunki atmosferyczne,Światło dzienne,"Najechanie na słup, znak",1,0,3,Ciężko,N,,,,,,,,,,,,,,,,,,
EWK-98136411L,2014,2014-02-19,7,POWIAT SIERPECKI,SIERPC - OBSZAR WIEJSKI,Droga krajowa,10,Jednokierunkowa,Odcinek prosty,Obszar niezabudowany,"19,6161111111111","52,9830555555556",Jezdnia,Dobre warunki atmosferyczne,Światło dzienne,"Najechanie na słup, znak",1,0,0,Nieokreślone (puste pole),N,,,,,,,,,,,,,,,,,,
EWK-98136910M,2014,2014-02-19,13,POWIAT RADOM,RADOM - OBSZAR MIEJSKI,Droga powiatowa,P5301W,Dwie jezdnie jednokierunkowe,,Obszar zabudowany,"21,305","51,5686111111111",Przejście dla pieszych,Pochmurno,Światło dzienne,Najechanie na pieszego,1,0,1,Ciężko,N,,,,,,,,,,,,,,,,,,
EWK-98136910M,2014,2014-02-19,13,POWIAT RADOM,RADOM - OBSZAR MIEJSKI,Droga powiatowa,P5301W,Dwie jezdnie jednokierunkowe,,Obszar zabudowany,"21,305","51,5686111111111",Przejście dla pieszych,Pochmurno,Światło dzienne,Najechanie na pieszego,1,0,0,Nieokreślone (puste pole),N,,,,,,,,,,,,,,,,,,
EWK-98136176R,2014,2014-02-19,13,POWIAT PŁOCKI,SŁUPNO - OBSZAR WIEJSKI,Droga powiatowa,P,Jednojezdniowa dwukierunkowa,"Zakręt, łuk",Obszar zabudowany,"19,9416666666667","52,6491666666667",Jezdnia,Pochmurno,Światło dzienne,"Najechanie na słup, znak",1,0,1,Lekko,N,,,,,,,,,,,,,,,,,,
EWK-98146014K,2014,2014-02-20,8,POWIAT CIECHANOWSKI,GLINOJECK - OBSZAR WIEJSKI,Droga gminna,G120448W,Jednojezdniowa dwukierunkowa,Odcinek prosty,Obszar niezabudowany,"20,7566666666667","53,0177777777778",Jezdnia,Dobre warunki atmosferyczne,Światło dzienne,Zderzenie pojazdów boczne,1,0,1,Lekko,N,,,,,,,,,,,,,,,,,,
EWK-98146014K,2014,2014-02-20,8,POWIAT CIECHANOWSKI,GLINOJECK - OBSZAR WIEJSKI,Droga gminna,G120448W,Jednojezdniowa dwukierunkowa,Odcinek prosty,Obszar niezabudowany,"20,7566666666667","53,0177777777778",Jezdnia,Dobre warunki atmosferyczne,Światło dzienne,Zderzenie pojazdów boczne,1,0,0,Nieokreślone (puste pole),N,,,,,,,,,,,,,,,,,,
EWK-98139611P,2014,2014-02-21,18,POWIAT PRZASNYSKI,PRZASNYSZ - OBSZAR MIEJSKI,Droga gminna,GMINNA,Jednojezdniowa dwukierunkowa,Odcinek prosty,Obszar zabudowany,"20,9480555555556","53,1022222222222",Przejście dla pieszych,Dobre warunki atmosferyczne,"Zmrok, świt",Najechanie na pieszego,1,0,1,Ciężko,N,,,,,,,,,,,,,,,,,,
EWK-98139611P,2014,2014-02-21,18,POWIAT PRZASNYSKI,PRZASNYSZ - OBSZAR MIEJSKI,Droga gminna,GMINNA,Jednojezdniowa dwukierunkowa,Odcinek prosty,Obszar zabudowany,"20,9480555555556","53,1022222222222",Przejście dla pieszych,Dobre warunki atmosferyczne,"Zmrok, świt",Najechanie na pieszego,1,0,0,Nieokreślone (puste pole),N,,,,,,,,,,,,,,,,,,
EWK-98139947F,2014,2014-02-21,7,POWIAT GRÓJECKI,GRÓJEC - OBSZAR WIEJSKI,Droga krajowa,50,Jednojezdniowa dwukierunkowa,"Zakręt, łuk",Obszar niezabudowany,"20,9575","51,9608333333333",Jezdnia,Dobre warunki atmosferyczne,Światło dzienne,Najechanie na pieszego,1,0,1,Lekko,N,,,,,,,,,,,,,,,,,,
EWK-98139947F,2014,2014-02-21,7,POWIAT GRÓJECKI,GRÓJEC - OBSZAR WIEJSKI,Droga krajowa,50,Jednojezdniowa dwukierunkowa,"Zakręt, łuk",Obszar niezabudowany,"20,9575","51,9608333333333",Jezdnia,Dobre warunki atmosferyczne,Światło dzienne,Najechanie na pieszego,1,0,0,Nieokreślone (puste pole),N,,,,,,,,,,,,,,,,,,
EWK-98144676D,2014,2014-02-21,11,POWIAT OSTROWSKI,OSTRÓW MAZOWIECKA - OBSZAR WIEJSKI,Droga krajowa,8,Jednojezdniowa dwukierunkowa,Odcinek prosty,Obszar niezabudowany,"21,7997222222222","52,8316666666667",Jezdnia,Dobre warunki atmosferyczne,Światło dzienne,Zderzenie pojazdów czołowe,1,0,1,Lekko,N,,,,,,,,,,,,,,,,,,
EWK-98144676D,2014,2014-02-21,11,POWIAT OSTROWSKI,OSTRÓW MAZOWIECKA - OBSZAR WIEJSKI,Droga krajowa,8,Jednojezdniowa dwukierunkowa,Odcinek prosty,Obszar niezabudowany,"21,7997222222222","52,8316666666667",Jezdnia,Dobre warunki atmosferyczne,Światło dzienne,Zderzenie pojazdów czołowe,1,0,0,Nieokreślone (puste pole),N,,,,,,,,,,,,,,,,,,
EWK-98140724G,2014,2014-02-21,6,POWIAT WYSZKOWSKI,SOMIANKA - OBSZAR WIEJSKI,Droga gminna,G440403W,Jednojezdniowa dwukierunkowa,Odcinek prosty,Obszar zabudowany,"21,3952777777778","52,6422222222222",Jezdnia,"Pochmurno; Mgła, dym","Zmrok, świt",Najechanie na drzewo,1,0,1,Ciężko,N,,,,,,,,,,,,,,,,,,
EWK-98142982T,2014,2014-02-22,20,POWIAT CIECHANOWSKI,CIECHANÓW - OBSZAR MIEJSKI,Droga gminna,G121265W,Jednojezdniowa dwukierunkowa,,Obszar zabudowany,"20,7619444444444","52,9552777777778",Jezdnia,Dobre warunki atmosferyczne,Noc - droga oświetlona,Zderzenie pojazdów boczne,1,0,2,Lekko,N,,,,,,,,,,,,,,,,,,
EWK-98142982T,2014,2014-02-22,20,POWIAT CIECHANOWSKI,CIECHANÓW - OBSZAR MIEJSKI,Droga gminna,G121265W,Jednojezdniowa dwukierunkowa,,Obszar zabudowany,"20,7619444444444","52,9552777777778",Jezdnia,Dobre warunki atmosferyczne,Noc - droga oświetlona,Zderzenie pojazdów boczne,1,0,0,Nieokreślone (puste pole),N,,,,,,,,,,,,,,,,,,
EWK-98143440J,2014,2014-02-23,23,POWIAT PŁOŃSKI,PŁOŃSK - OBSZAR MIEJSKI,Nieokreślone (puste pole),I,Jednojezdniowa dwukierunkowa,,Obszar zabudowany,"20,4341666666667","52,7608333333333","Wjazd, wyjazd z posesji, pola",Dobre warunki atmosferyczne,Noc - droga oświetlona,Najechanie na drzewo,1,0,1,Lekko,N,,,,,,,,,,,,,,,,,,
EWK-98143440J,2014,2014-02-23,23,POWIAT PŁOŃSKI,PŁOŃSK - OBSZAR MIEJSKI,Nieokreślone (puste pole),I,Jednojezdniowa dwukierunkowa,,Obszar zabudowany,"20,4341666666667","52,7608333333333","Wjazd, wyjazd z posesji, pola",Dobre warunki atmosferyczne,Noc - droga oświetlona,Najechanie na drzewo,1,0,0,Nieokreślone (puste pole),N,,,,,,,,,,,,,,,,,,
EWK-98141165U,2014,2014-02-23,19,POWIAT SIEDLECKI,SIEDLCE - OBSZAR WIEJSKI,Droga krajowa,63,Jednojezdniowa dwukierunkowa,,Obszar zabudowany,"22,3708333333333","52,2563888888889",Przejście dla pieszych,Dobre warunki atmosferyczne,Noc - droga nieoświetlona,Najechanie na pieszego,1,1,0,Nieokreślone (puste pole),N,,,,,,,,,,,,,,,,,,
EWK-98142989F,2014,2014-02-23,18,POWIAT CIECHANOWSKI,CIECHANÓW - OBSZAR MIEJSKI,Droga krajowa,60,Jednojezdniowa dwukierunkowa,Odcinek prosty,Obszar zabudowany,"20,7566666666667","53,0177777777778","Chodnik, droga dla pieszych",Dobre warunki atmosferyczne,Noc - droga oświetlona,Najechanie na pieszego,1,0,1,Ciężko,N,,,,,,,,,,,,,,,,,,
EWK-98142989F,2014,2014-02-23,18,POWIAT CIECHANOWSKI,CIECHANÓW - OBSZAR MIEJSKI,Droga krajowa,60,Jednojezdniowa dwukierunkowa,Odcinek prosty,Obszar zabudowany,"20,7566666666667","53,0177777777778","Chodnik, droga dla pieszych",Dobre warunki atmosferyczne,Noc - droga oświetlona,Najechanie na pieszego,1,0,1,Lekko,N,,,,,,,,,,,,,,,,,,
EWK-98142989F,2014,2014-02-23,18,POWIAT CIECHANOWSKI,CIECHANÓW - OBSZAR MIEJSKI,Droga krajowa,60,Jednojezdniowa dwukierunkowa,Odcinek prosty,Obszar zabudowany,"20,7566666666667","53,0177777777778","Chodnik, droga dla pieszych",Dobre warunki atmosferyczne,Noc - droga oświetlona,Najechanie na pieszego,1,0,0,Nieokreślone (puste pole),N,,,,,,,,,,,,,,,,,,
EWK-98142988R,2014,2014-02-23,16,POWIAT CIECHANOWSKI,SOŃSK - OBSZAR WIEJSKI,Droga powiatowa,P1224W,Jednojezdniowa dwukierunkowa,Odcinek prosty,Obszar zabudowany,"20,7197222222222","52,8980555555556","Skarpa, rów",Dobre warunki atmosferyczne,Światło dzienne,Wywrócenie się pojazdu,1,0,2,Lekko,N,,,,,,,,,,,,,,,,,,
EWK-98142988R,2014,2014-02-23,16,POWIAT CIECHANOWSKI,SOŃSK - OBSZAR WIEJSKI,Droga powiatowa,P1224W,Jednojezdniowa dwukierunkowa,Odcinek prosty,Obszar zabudowany,"20,7197222222222","52,8980555555556","Skarpa, rów",Dobre warunki atmosferyczne,Światło dzienne,Wywrócenie się pojazdu,1,0,0,Nieokreślone (puste pole),N,,,,,,,,,,,,,,,,,,
EWK-98139253P,2014,2014-02-23,11,POWIAT PRZYSUSKI,PRZYSUCHA - OBSZAR MIEJSKI,Droga wojewódzka,727,Jednojezdniowa dwukierunkowa,Odcinek prosty,Obszar zabudowany,"20,6705555555556","51,4605555555556",Jezdnia,Dobre warunki atmosferyczne,Światło dzienne,Zderzenie pojazdów boczne,1,0,1,Lekko,N,,,,,,,,,,,,,,,,,,