IDKSIP,year,date,hour,district,district_commune,road_category,road_number,type_of_road,road_geometry,area,Longitude,Latitude,char_place_of_the_event,weather_conditions,lighting,type_of_accident,num_of_accidents,num_of_fatalities,num_of_injured,type_of_injury,is_offender_intoxicated,,,,,,,,,,,,,,,,,,
EWK-98178452H,2014,2014-03-28,16,POWIAT MŁAWSKI,DZIERZGOWO - OBSZAR WIEJSKI,Droga powiatowa,P,Jednojezdniowa dwukierunkowa,Odcinek prosty,Obszar niezabudowany,"20,69","53,2138888888889",Jezdnia,Dobre warunki atmosferyczne,Światło dzienne,Zderzenie pojazdów boczne,1,0,1,Lekko,N,,,,,,,,,,,,,,,,,,
EWK-98178452H,2014,2014-03-28,16,POWIAT MŁAWSKI,DZIERZGOWO - OBSZAR WIEJSKI,Droga powiatowa,P,Jednojezdniowa dwukierunkowa,Odcinek prosty,Obszar niezabudowany,"20,69","53,2138888888889",Jezdnia,Dobre warunki atmosferyczne,Światło dzienne,Zderzenie pojazdów boczne,1,0,0,Nieokreślone (puste pole),N,,,,,,,,,,,,,,,,,,
EWK-98178282E,2014,2014-03-28,7,POWIAT RADOM,RADOM - OBSZAR MIEJSKI,Droga powiatowa,P1715W,Jednokierunkowa,,Obszar zabudowany,"21,2847222222222","51,5947222222222",Jezdnia,Pochmurno,Światło dzienne,Zderzenie pojazdów boczne,1,0,1,Lekko,N,,,,,,,,,,,,,,,,,,
EWK-98178282E,2014,2014-03-28,7,POWIAT RADOM,RADOM - OBSZAR MIEJSKI,Droga powiatowa,P1715W,Jednokierunkowa,,Obszar zabudowany,"21,2847222222222","51,5947222222222",Jezdnia,Pochmurno,Światło dzienne,Zderzenie pojazdów boczne,1,0,0,Nieokreślone (puste pole),N,,,,,,,,,,,,,,,,,,
EWK-98177083D,2014,2014-03-29,11,POWIAT PŁOŃSKI,NARUSZEWO - OBSZAR WIEJSKI,Droga powiatowa,P3065W,Jednojezdniowa dwukierunkowa,Odcinek prosty,Obszar zabudowany,"20,3872222222222","52,5505555555556",Jezdnia,Dobre warunki atmosferyczne,Światło dzienne,Najechanie na drzewo,1,1,0,Nieokreślone (puste pole),T,,,,,,,,,,,,,,,,,,
EWK-98180332Q,2014,2014-03-29,12,POWIAT PŁOCKI,GĄBIN - OBSZAR WIEJSKI,Droga powiatowa,P,Jednojezdniowa dwukierunkowa,Odcinek prosty,Obszar niezabudowany,"19,8363888888889","52,4344444444444","Skarpa, rów",Dobre warunki atmosferyczne,Światło dzienne,Najechanie na drzewo,1,0,1,Lekko,N,,,,,,,,,,,,,,,,,,
EWK-98178209A,2014,2014-03-29,18,POWIAT GRÓJECKI,GRÓJEC - OBSZAR WIEJSKI,Droga powiatowa,P,Jednojezdniowa dwukierunkowa,Odcinek prosty,Obszar niezabudowany,"20,9141666666667","51,8916666666667",Jezdnia,Dobre warunki atmosferyczne,Noc - droga nieoświetlona,Najechanie na pieszego,1,1,0,Nieokreślone (puste pole),N,,,,,,,,,,,,,,,,,,
EWK-98177300M,2014,2014-03-29,13,POWIAT RADOM,RADOM - OBSZAR MIEJSKI,Droga wojewódzka,744,Jednojezdniowa dwukierunkowa,Odcinek prosty,Obszar zabudowany,"21,2488888888889","51,5255555555556",Jezdnia,Dobre warunki atmosferyczne,Światło dzienne,Zderzenie pojazdów tylne,1,0,1,Lekko,N,,,,,,,,,,,,,,,,,,
EWK-98177300M,2014,2014-03-29,13,POWIAT RADOM,RADOM - OBSZAR MIEJSKI,Droga wojewódzka,744,Jednojezdniowa dwukierunkowa,Odcinek prosty,Obszar zabudowany,"21,2488888888889","51,5255555555556",Jezdnia,Dobre warunki atmosferyczne,Światło dzienne,Zderzenie pojazdów tylne,1,0,0,Nieokreślone (puste pole),N,,,,,,,,,,,,,,,,,,
EWK-98176509K,2014,2014-03-30,20,POWIAT PŁOCKI,WYSZOGRÓD - OBSZAR WIEJSKI,Droga krajowa,50,Jednojezdniowa dwukierunkowa,,Obszar zabudowany,"20,3391666666667","52,5125",Jezdnia,Dobre warunki atmosferyczne,Noc - droga nieoświetlona,Najechanie na pieszego,1,0,1,Ciężko,T,,,,,,,,,,,,,,,,,,
EWK-98176509K,2014,2014-03-30,20,POWIAT PŁOCKI,WYSZOGRÓD - OBSZAR WIEJSKI,Droga krajowa,50,Jednojezdniowa dwukierunkowa,,Obszar zabudowany,"20,3391666666667","52,5125",Jezdnia,Dobre warunki atmosferyczne,Noc - droga nieoświetlona,Najechanie na pieszego,1,0,0,Nieokreślone (puste pole),T,,,,,,,,,,,,,,,,,,
EWK-98181203Y,2014,2014-03-30,19,POWIAT SIEDLECKI,SKÓRZEC - OBSZAR WIEJSKI,Droga powiatowa,P3310C,Jednojezdniowa dwukierunkowa,Odcinek prosty,Obszar niezabudowany,"22,1861111111111","52,2825",Jezdnia,Dobre warunki atmosferyczne,Noc - droga nieoświetlona,Najechanie na pieszego,1,0,1,Ciężko,N,,,,,,,,,,,,,,,,,,
EWK-98181203Y,2014,2014-03-30,19,POWIAT SIEDLECKI,SKÓRZEC - OBSZAR WIEJSKI,Droga powiatowa,P3310C,Jednojezdniowa dwukierunkowa,Odcinek prosty,Obszar niezabudowany,"22,1861111111111","52,2825",Jezdnia,Dobre warunki atmosferyczne,Noc - droga nieoświetlona,Najechanie na pieszego,1,0,0,Nieokreślone (puste pole),N,,,,,,,,,,,,,,,,,,
EWK-98180977P,2014,2014-03-30,18,POWIAT SIERPECKI,SIERPC - OBSZAR MIEJSKI,Droga krajowa,10,Jednojezdniowa dwukierunkowa,Odcinek prosty,Obszar zabudowany,"19,7936111111111","52,9880555555556",Jezdnia,Dobre warunki atmosferyczne,Światło dzienne,Najechanie na pieszego,1,0,1,Ciężko,N,,,,,,,,,,,,,,,,,,
EWK-98180977P,2014,2014-03-30,18,POWIAT SIERPECKI,SIERPC - OBSZAR MIEJSKI,Droga krajowa,10,Jednojezdniowa dwukierunkowa,Odcinek prosty,Obszar zabudowany,"19,7936111111111","52,9880555555556",Jezdnia,Dobre warunki atmosferyczne,Światło dzienne,Najechanie na pieszego,1,0,0,Nieokreślone (puste pole),N,,,,,,,,,,,,,,,,,,
EWK-98178166K,2014,2014-03-30,20,POWIAT WĘGROWSKI,GRĘBKÓW - OBSZAR WIEJSKI,Droga wojewódzka,697,Jednojezdniowa dwukierunkowa,Odcinek prosty,Obszar niezabudowany,"21,9319444444444","52,3636111111111",Jezdnia,Dobre warunki atmosferyczne,Noc - droga nieoświetlona,Wywrócenie się pojazdu,1,0,1,Lekko,N,,,,,,,,,,,,,,,,,,
EWK-98178166K,2014,2014-03-30,20,POWIAT WĘGROWSKI,GRĘBKÓW - OBSZAR WIEJSKI,Droga wojewódzka,697,Jednojezdniowa dwukierunkowa,Odcinek prosty,Obszar niezabudowany,"21,9319444444444","52,3636111111111",Jezdnia,Dobre warunki atmosferyczne,Noc - droga nieoświetlona,Wywrócenie się pojazdu,1,0,0,Nieokreślone (puste pole),N,,,,,,,,,,,,,,,,,,
EWK-98178531C,2014,2014-03-30,19,POWIAT SIERPECKI,SIERPC - OBSZAR WIEJSKI,Droga powiatowa,P3734W,Jednojezdniowa dwukierunkowa,Odcinek prosty,Obszar zabudowany,"19,6619444444444","52,9063888888889",Jezdnia,Dobre warunki atmosferyczne,Światło dzienne,Wywrócenie się pojazdu,1,0,1,Ciężko,N,,,,,,,,,,,,,,,,,,
EWK-98178531C,2014,2014-03-30,19,POWIAT SIERPECKI,SIERPC - OBSZAR WIEJSKI,Droga powiatowa,P3734W,Jednojezdniowa dwukierunkowa,Odcinek prosty,Obszar zabudowany,"19,6619444444444","52,9063888888889",Jezdnia,Dobre warunki atmosferyczne,Światło dzienne,Wywrócenie się pojazdu,1,0,1,Lekko,N,,,,,,,,,,,,,,,,,,
EWK-98177535F,2014,2014-03-30,14,POWIAT PRZYSUSKI,GIELNIÓW - OBSZAR WIEJSKI,Droga krajowa,12,Jednojezdniowa dwukierunkowa,,Obszar niezabudowany,"20,5469444444444","51,4916666666667",Jezdnia,Dobre warunki atmosferyczne,Światło dzienne,Zderzenie pojazdów boczne,1,0,3,Lekko,N,,,,,,,,,,,,,,,,,,
EWK-98177535F,2014,2014-03-30,14,POWIAT PRZYSUSKI,GIELNIÓW - OBSZAR WIEJSKI,Droga krajowa,12,Jednojezdniowa dwukierunkowa,,Obszar niezabudowany,"20,5469444444444","51,4916666666667",Jezdnia,Dobre warunki atmosferyczne,Światło dzienne,Zderzenie pojazdów boczne,1,0,0,Nieokreślone (puste pole),N,,,,,,,,,,,,,,,,,,
EWK-98178719K,2014,2014-03-30,20,POWIAT PRZASNYSKI,CZERNICE BOROWE - OBSZAR WIEJSKI,Droga wojewódzka,544,Jednojezdniowa dwukierunkowa,"Zakręt, łuk",Obszar niezabudowany,"20,7261111111111","53,1433333333333",Jezdnia,Dobre warunki atmosferyczne,Noc - droga nieoświetlona,Zderzenie pojazdów czołowe,1,1,0,Nieokreślone (puste pole),N,,,,,,,,,,,,,,,,,,
EWK-98178430Y,2014,2014-03-30,15,POWIAT MŁAWSKI,SZREŃSK - OBSZAR WIEJSKI,Nieokreślone (puste pole),,Jednojezdniowa dwukierunkowa,"Zakręt, łuk",Obszar niezabudowany,"20,4455555555556","53,2613888888889",Jezdnia,Dobre warunki atmosferyczne,Światło dzienne,Zderzenie pojazdów czołowe,1,0,1,Ciężko,N,,,,,,,,,,,,,,,,,,
EWK-98178430Y,2014,2014-03-30,15,POWIAT MŁAWSKI,SZREŃSK - OBSZAR WIEJSKI,Nieokreślone (puste pole),,Jednojezdniowa dwukierunkowa,"Zakręt, łuk",Obszar niezabudowany,"20,4455555555556","53,2613888888889",Jezdnia,Dobre warunki atmosferyczne,Światło dzienne,Zderzenie pojazdów czołowe,1,0,0,Nieokreślone (puste pole),N,,,,,,,,,,,,,,,,,,
EWK-98180048M,2014,2014-03-30,18,POWIAT SIEDLECKI,ZBUCZYN - OBSZAR WIEJSKI,Droga powiatowa,P3760W,Jednojezdniowa dwukierunkowa,Odcinek prosty,Obszar zabudowany,"22,3908333333333","52,1122222222222",Jezdnia,Dobre warunki atmosferyczne,Światło dzienne,Zderzenie pojazdów czołowe,1,0,1,Ciężko,N,,,,,,,,,,,,,,,,,,
EWK-98180048M,2014,2014-03-30,18,POWIAT SIEDLECKI,ZBUCZYN - OBSZAR WIEJSKI,Droga powiatowa,P3760W,Jednojezdniowa dwukierunkowa,Odcinek prosty,Obszar zabudowany,"22,3908333333333","52,1122222222222",Jezdnia,Dobre warunki atmosferyczne,Światło dzienne,Zderzenie pojazdów czołowe,1,0,0,Nieokreślone (puste pole),N,,,,,,,,,,,,,,,,,,
EWK-98181006C,2014,2014-03-30,14,POWIAT RADOMSKI,IŁŻA - OBSZAR WIEJSKI,Droga powiatowa,P3555W,Jednojezdniowa dwukierunkowa,Odcinek prosty,Obszar niezabudowany,"21,2863888888889","51,285",Jezdnia,Dobre warunki atmosferyczne,Światło dzienne,Zderzenie pojazdów tylne,1,0,1,Ciężko,N,,,,,,,,,,,,,,,,,,
EWK-98181006C,2014,2014-03-30,14,POWIAT RADOMSKI,IŁŻA - OBSZAR WIEJSKI,Droga powiatowa,P3555W,Jednojezdniowa dwukierunkowa,Odcinek prosty,Obszar niezabudowany,"21,2863888888889","51,285",Jezdnia,Dobre warunki atmosferyczne,Światło dzienne,Zderzenie pojazdów tylne,1,0,1,Lekko,N,,,,,,,,,,,,,,,,,,
EWK-98181006C,2014,2014-03-30,14,POWIAT RADOMSKI,IŁŻA - OBSZAR WIEJSKI,Droga powiatowa,P3555W,Jednojezdniowa dwukierunkowa,Odcinek prosty,Obszar niezabudowany,"21,2863888888889","51,285",Jezdnia,Dobre warunki atmosferyczne,Światło dzienne,Zderzenie pojazdów tylne,1,0,0,Nieokreślone (puste pole),N,,,,,,,,,,,,,,,,,,
EWK-98183590D,2014,2014-03-30,18,POWIAT GARWOLIŃSKI,PILAWA - OBSZAR WIEJSKI,Droga wojewódzka,805,Jednojezdniowa dwukierunkowa,Odcinek prosty,Obszar zabudowany,"21,5652777777778","51,9875",Jezdnia,Dobre warunki atmosferyczne,Światło dzienne,Zderzenie pojazdów tylne,1,0,2,Lekko,N,,,,,,,,,,,,,,,,,,
EWK-98183590D,2014,2014-03-30,18,POWIAT GARWOLIŃSKI,PILAWA - OBSZAR WIEJSKI,Droga wojewódzka,805,Jednojezdniowa dwukierunkowa,Odcinek prosty,Obszar zabudowany,"21,5652777777778","51,9875",Jezdnia,Dobre warunki atmosferyczne,Światło dzienne,Zderzenie pojazdów tylne,1,0,0,Nieokreślone (puste pole),N,,,,,,,,,,,,,,,,,,
EWK-98177614D,2014,2014-03-30,16,POWIAT OSTROWSKI,OSTRÓW MAZOWIECKA - OBSZAR WIEJSKI,Droga krajowa,50,Jednojezdniowa dwukierunkowa,Odcinek prosty,Obszar niezabudowany,"21,9052777777778","52,7527777777778",Jezdnia,Oślepiające słońce,Światło dzienne,Zderzenie pojazdów czołowe,1,0,2,Lekko,N,,,,,,,,,,,,,,,,,,
EWK-98177614D,2014,2014-03-30,16,POWIAT OSTROWSKI,OSTRÓW MAZOWIECKA - OBSZAR WIEJSKI,Droga krajowa,50,Jednojezdniowa dwukierunkowa,Odcinek prosty,Obszar niezabudowany,"21,9052777777778","52,7527777777778",Jezdnia,Oślepiające słońce,Światło dzienne,Zderzenie pojazdów czołowe,1,0,0,Nieokreślone (puste pole),N,,,,,,,,,,,,,,,,,,
EWK-98178743J,2014,2014-03-30,8,POWIAT OSTROWSKI,OSTRÓW MAZOWIECKA - OBSZAR WIEJSKI,Droga powiatowa,P,Jednojezdniowa dwukierunkowa,Odcinek prosty,Obszar niezabudowany,"22,1247222222222","52,7988888888889",Jezdnia,Oślepiające słońce,Światło dzienne,Zderzenie pojazdów czołowe,1,0,1,Ciężko,N,,,,,,,,,,,,,,,,,,
EWK-98178743J,2014,2014-03-30,8,POWIAT OSTROWSKI,OSTRÓW MAZOWIECKA - OBSZAR WIEJSKI,Droga powiatowa,P,Jednojezdniowa dwukierunkowa,Odcinek prosty,Obszar niezabudowany,"22,1247222222222","52,7988888888889",Jezdnia,Oślepiające słońce,Światło dzienne,Zderzenie pojazdów czołowe,1,0,2,Lekko,N,,,,,,,,,,,,,,,,,,
EWK-98178743J,2014,2014-03-30,8,POWIAT OSTROWSKI,OSTRÓW MAZOWIECKA - OBSZAR WIEJSKI,Droga powiatowa,P,Jednojezdniowa dwukierunkowa,Odcinek prosty,Obszar niezabudowany,"22,1247222222222","52,7988888888889",Jezdnia,Oślepiające słońce,Światło dzienne,Zderzenie pojazdów czołowe,1,0,0,Nieokreślone (puste pole),N,,,,,,,,,,,,,,,,,,
EWK-98178936P,2014,2014-03-31,20,POWIAT PUŁTUSKI,ZATORY - OBSZAR WIEJSKI,Droga powiatowa,P3432W,Jednojezdniowa dwukierunkowa,Odcinek prosty,Obszar zabudowany,"21,3416666666667","52,6727777777778",Jezdnia,Dobre warunki atmosferyczne,"Zmrok, świt",Inne,1,0,1,Ciężko,N,,,,,,,,,,,,,,,,,,
EWK-98178936P,2014,2014-03-31,20,POWIAT PUŁTUSKI,ZATORY - OBSZAR WIEJSKI,Droga powiatowa,P3432W,Jednojezdniowa dwukierunkowa,Odcinek prosty,Obszar zabudowany,"21,3416666666667","52,6727777777778",Jezdnia,Dobre warunki atmosferyczne,"Zmrok, świt",Inne,1,0,0,Nieokreślone (puste pole),N,,,,,,,,,,,,,,,,,,
EWK-98178913T,2014,2014-03-31,20,POWIAT WYSZKOWSKI,WYSZKÓW - OBSZAR MIEJSKI,Droga gminna,GMINNA,Jednojezdniowa dwukierunkowa,Odcinek prosty,Obszar zabudowany,"21,5672222222222","52,7161111111111",Jezdnia,Dobre warunki atmosferyczne,Noc - droga oświetlona,Najechanie na pieszego,1,1,0,Nieokreślone (puste pole),T,,,,,,,,,,,,,,,,,,
EWK-98180936J,2014,2014-03-31,11,POWIAT SIEDLCE,SIEDLCE - OBSZAR MIEJSKI,Droga wojewódzka,W628,Jednojezdniowa dwukierunkowa,Odcinek prosty,Obszar zabudowany,"22,3358333333333","52,1991666666667","Chodnik, droga dla pieszych",Dobre warunki atmosferyczne,Światło dzienne,Najechanie na pieszego,1,0,1,Lekko,N,,,,,,,,,,,,,,,,,,
EWK-98180936J,2014,2014-03-31,11,POWIAT SIEDLCE,SIEDLCE - OBSZAR MIEJSKI,Droga wojewódzka,W628,Jednojezdniowa dwukierunkowa,Odcinek prosty,Obszar zabudowany,"22,3358333333333","52,1991666666667","Chodnik, droga dla pieszych",Dobre warunki atmosferyczne,Światło dzienne,Najechanie na pieszego,1,0,0,Nieokreślone (puste pole),N,,,,,,,,,,,,,,,,,,
EWK-98183702C,2014,2014-03-31,11,POWIAT GARWOLIŃSKI,GARWOLIN - OBSZAR MIEJSKI,Droga krajowa,76,Jednojezdniowa dwukierunkowa,,Obszar zabudowany,"21,6741666666667","51,9177777777778",Jezdnia,Dobre warunki atmosferyczne,Światło dzienne,Zderzenie pojazdów boczne,1,0,1,Lekko,N,,,,,,,,,,,,,,,,,,
EWK-98183702C,2014,2014-03-31,11,POWIAT GARWOLIŃSKI,GARWOLIN - OBSZAR MIEJSKI,Droga krajowa,76,Jednojezdniowa dwukierunkowa,,Obszar zabudowany,"21,6741666666667","51,9177777777778",Jezdnia,Dobre warunki atmosferyczne,Światło dzienne,Zderzenie pojazdów boczne,1,0,0,Nieokreślone (puste pole),N,,,,,,,,,,,,,,,,,,
EWK-98180959J,2014,2014-03-31,12,POWIAT SIERPECKI,GOZDOWO - OBSZAR WIEJSKI,Droga gminna,G370139W,Jednojezdniowa dwukierunkowa,Odcinek prosty,Obszar zabudowany,#VALUE!,#VALUE!,Jezdnia,Dobre warunki atmosferyczne,Światło dzienne,Zderzenie pojazdów czołowe,1,0,1,Lekko,N,,,,,,,,,,,,,,,,,,
EWK-98180959J,2014,2014-03-31,12,POWIAT SIERPECKI,GOZDOWO - OBSZAR WIEJSKI,Droga gminna,G370139W,Jednojezdniowa dwukierunkowa,Odcinek prosty,Obszar zabudowany,#VALUE!,#VALUE!,Jezdnia,Dobre warunki atmosferyczne,Światło dzienne,Zderzenie pojazdów czołowe,1,0,0,Nieokreślone (puste pole),N,,,,,,,,,,,,,,,,,,
EWK-98180998U,2014,2014-03-31,16,POWIAT ŁOSICKI,ŁOSICE - OBSZAR WIEJSKI,Droga powiatowa,02103W,Jednojezdniowa dwukierunkowa,Odcinek prosty,Obszar zabudowany,"22,9511111111111","52,3558333333333",Jezdnia,Dobre warunki atmosferyczne,Światło dzienne,Zderzenie pojazdów czołowe,1,0,1,Lekko,N,,,,,,,,,,,,,,,,,,
EWK-98180998U,2014,2014-03-31,16,POWIAT ŁOSICKI,ŁOSICE - OBSZAR WIEJSKI,Droga powiatowa,02103W,Jednojezdniowa dwukierunkowa,Odcinek prosty,Obszar zabudowany,"22,9511111111111","52,3558333333333",Jezdnia,Dobre warunki atmosferyczne,Światło dzienne,Zderzenie pojazdów czołowe,1,0,0,Nieokreślone (puste pole),N,,,,,,,,,,,,,,,,,,
EWK-98181750G,2014,2014-03-31,13,POWIAT SOKOŁOWSKI,SOKOŁÓW PODLASKI - OBSZAR WIEJSKI,Droga wojewódzka,627,Jednojezdniowa dwukierunkowa,Odcinek prosty,Obszar niezabudowany,"22,2663888888889","52,5327777777778",Jezdnia,Oślepiające słońce,Światło dzienne,Zderzenie pojazdów boczne,1,0,1,Lekko,N,,,,,,,,,,,,,,,,,,
EWK-98181750G,2014,2014-03-31,13,POWIAT SOKOŁOWSKI,SOKOŁÓW PODLASKI - OBSZAR WIEJSKI,Droga wojewódzka,627,Jednojezdniowa dwukierunkowa,Odcinek prosty,Obszar niezabudowany,"22,2663888888889","52,5327777777778",Jezdnia,Oślepiające słońce,Światło dzienne,Zderzenie pojazdów boczne,1,0,0,Nieokreślone (puste pole),N,,,,,,,,,,,,,,,,,,
EWK-98180631P,2014,2014-04-01,17,POWIAT RADOM,RADOM - OBSZAR MIEJSKI,Droga powiatowa,P5309W,Jednojezdniowa dwukierunkowa,Odcinek prosty,Obszar zabudowany,"21,1852777777778","51,4730555555556",Jezdnia,Dobre warunki atmosferyczne,Światło dzienne,Najechanie na pieszego,1,0,1,Lekko,N,,,,,,,,,,,,,,,,,,
EWK-98180631P,2014,2014-04-01,17,POWIAT RADOM,RADOM - OBSZAR MIEJSKI,Droga powiatowa,P5309W,Jednojezdniowa dwukierunkowa,Odcinek prosty,Obszar zabudowany,"21,1852777777778","51,4730555555556",Jezdnia,Dobre warunki atmosferyczne,Światło dzienne,Najechanie na pieszego,1,0,0,Nieokreślone (puste pole),N,,,,,,,,,,,,,,,,,,
EWK-98183570Q,2014,2014-04-01,20,POWIAT PŁOŃSKI,JONIEC - OBSZAR WIEJSKI,Droga wojewódzka,571,Jednojezdniowa dwukierunkowa,Odcinek prosty,Obszar niezabudowany,"20,7216666666667","52,6575",Jezdnia,Dobre warunki atmosferyczne,Noc - droga nieoświetlona,Zderzenie pojazdów tylne,1,0,1,Ciężko,N,,,,,,,,,,,,,,,,,,
EWK-98183570Q,2014,2014-04-01,20,POWIAT PŁOŃSKI,JONIEC - OBSZAR WIEJSKI,Droga wojewódzka,571,Jednojezdniowa dwukierunkowa,Odcinek prosty,Obszar niezabudowany,"20,7216666666667","52,6575",Jezdnia,Dobre warunki atmosferyczne,Noc - droga nieoświetlona,Zderzenie pojazdów tylne,1,0,0,Nieokreślone (puste pole),N,,,,,,,,,,,,,,,,,,
EWK-98183772P,2014,2014-04-02,5,POWIAT PŁOCK,PŁOCK - OBSZAR MIEJSKI,Droga krajowa,62,Dwie jezdnie jednokierunkowe,Odcinek prosty,Obszar zabudowany,"19,8872222222222","52,5758333333333",Przejście dla pieszych,Dobre warunki atmosferyczne,"Zmrok, świt",Najechanie na pieszego,1,0,1,Ciężko,N,,,,,,,,,,,,,,,,,,
EWK-98183772P,2014,2014-04-02,5,POWIAT PŁOCK,PŁOCK - OBSZAR MIEJSKI,Droga krajowa,62,Dwie jezdnie jednokierunkowe,Odcinek prosty,Obszar zabudowany,"19,8872222222222","52,5758333333333",Przejście dla pieszych,Dobre warunki atmosferyczne,"Zmrok, świt",Najechanie na pieszego,1,0,0,Nieokreślone (puste pole),N,,,,,,,,,,,,,,,,,,
EWK-98182368K,2014,2014-04-02,6,POWIAT SIERPECKI,SIERPC - OBSZAR WIEJSKI,Droga powiatowa,P3751W,Jednojezdniowa dwukierunkowa,Odcinek prosty,Obszar zabudowany,"19,7611111111111","52,8305555555556",Pobocze,Dobre warunki atmosferyczne,Światło dzienne,Najechanie na pieszego,1,0,1,Lekko,N,,,,,,,,,,,,,,,,,,
EWK-98182368K,2014,2014-04-02,6,POWIAT SIERPECKI,SIERPC - OBSZAR WIEJSKI,Droga powiatowa,P3751W,Jednojezdniowa dwukierunkowa,Odcinek prosty,Obszar zabudowany,"19,7611111111111","52,8305555555556",Pobocze,Dobre warunki atmosferyczne,Światło dzienne,Najechanie na pieszego,1,0,0,Nieokreślone (puste pole),N,,,,,,,,,,,,,,,,,,
EWK-98181576U,2014,2014-04-02,16,POWIAT SOCHACZEWSKI,TERESIN - OBSZAR WIEJSKI,Droga krajowa,92,Jednojezdniowa dwukierunkowa,,Obszar niezabudowany,"20,5825","52,2891666666667",Jezdnia,Dobre warunki atmosferyczne,Światło dzienne,Zderzenie pojazdów tylne,1,0,1,Ciężko,N,,,,,,,,,,,,,,,,,,
EWK-98181576U,2014,2014-04-02,16,POWIAT SOCHACZEWSKI,TERESIN - OBSZAR WIEJSKI,Droga krajowa,92,Jednojezdniowa dwukierunkowa,,Obszar niezabudowany,"20,5825","52,2891666666667",Jezdnia,Dobre warunki atmosferyczne,Światło dzienne,Zderzenie pojazdów tylne,1,0,0,Nieokreślone (puste pole),N,,,,,,,,,,,,,,,,,,
EWK-98182116W,2014,2014-04-02,14,POWIAT MŁAWSKI,SZYDŁOWO - OBSZAR WIEJSKI,Droga wojewódzka,615,Jednojezdniowa dwukierunkowa,"Zakręt, łuk",Obszar niezabudowany,"20,4302777777778","53,2141666666667",Jezdnia,Dobre warunki atmosferyczne,Światło dzienne,Zderzenie pojazdów tylne,1,0,1,Lekko,N,,,,,,,,,,,,,,,,,,
EWK-98182116W,2014,2014-04-02,14,POWIAT MŁAWSKI,SZYDŁOWO - OBSZAR WIEJSKI,Droga wojewódzka,615,Jednojezdniowa dwukierunkowa,"Zakręt, łuk",Obszar niezabudowany,"20,4302777777778","53,2141666666667",Jezdnia,Dobre warunki atmosferyczne,Światło dzienne,Zderzenie pojazdów tylne,1,0,0,Nieokreślone (puste pole),N,,,,,,,,,,,,,,,,,,
EWK-98182396P,2014,2014-04-02,8,POWIAT SIERPECKI,SIERPC - OBSZAR WIEJSKI,Droga krajowa,10,Jednojezdniowa dwukierunkowa,Odcinek prosty,Obszar niezabudowany,"19,6925","52,9569444444445",Jezdnia,Dobre warunki atmosferyczne,Światło dzienne,Zderzenie pojazdów tylne,1,0,1,Lekko,N,,,,,,,,,,,,,,,,,,
EWK-98182396P,2014,2014-04-02,8,POWIAT SIERPECKI,SIERPC - OBSZAR WIEJSKI,Droga krajowa,10,Jednojezdniowa dwukierunkowa,Odcinek prosty,Obszar niezabudowany,"19,6925","52,9569444444445",Jezdnia,Dobre warunki atmosferyczne,Światło dzienne,Zderzenie pojazdów tylne,1,0,0,Nieokreślone (puste pole),N,,,,,,,,,,,,,,,,,,
EWK-98184076H,2014,2014-04-02,16,POWIAT WĘGROWSKI,ŁOCHÓW - OBSZAR WIEJSKI,Droga powiatowa,P4209P,Jednojezdniowa dwukierunkowa,Odcinek prosty,Obszar zabudowany,"21,8483333333333","52,705",Jezdnia,Dobre warunki atmosferyczne,Światło dzienne,Zderzenie pojazdów tylne,1,0,1,Lekko,N,,,,,,,,,,,,,,,,,,
EWK-98184076H,2014,2014-04-02,16,POWIAT WĘGROWSKI,ŁOCHÓW - OBSZAR WIEJSKI,Droga powiatowa,P4209P,Jednojezdniowa dwukierunkowa,Odcinek prosty,Obszar zabudowany,"21,8483333333333","52,705",Jezdnia,Dobre warunki atmosferyczne,Światło dzienne,Zderzenie pojazdów tylne,1,0,0,Nieokreślone (puste pole),N,,,,,,,,,,,,,,,,,,
EWK-98184174E,2014,2014-04-03,7,POWIAT PUŁTUSKI,ŚWIERCZE - OBSZAR WIEJSKI,Droga gminna,G340539W,Jednojezdniowa dwukierunkowa,Odcinek prosty,Obszar niezabudowany,"20,8980555555556","52,6791666666667",Jezdnia,Dobre warunki atmosferyczne,Światło dzienne,Najechanie na drzewo,1,0,1,Lekko,N,,,,,,,,,,,,,,,,,,
EWK-98184686G,2014,2014-04-03,17,POWIAT RADOM,RADOM - OBSZAR MIEJSKI,Droga powiatowa,P5302W,Jednojezdniowa dwukierunkowa,,Obszar zabudowany,"21,1594444444444","51,5041666666667",Jezdnia,Dobre warunki atmosferyczne,Światło dzienne,Najechanie na pieszego,1,0,1,Lekko,N,,,,,,,,,,,,,,,,,,
EWK-98184686G,2014,2014-04-03,17,POWIAT RADOM,RADOM - OBSZAR MIEJSKI,Droga powiatowa,P5302W,Jednojezdniowa dwukierunkowa,,Obszar zabudowany,"21,1594444444444","51,5041666666667",Jezdnia,Dobre warunki atmosferyczne,Światło dzienne,Najechanie na pieszego,1,0,0,Nieokreślone (puste pole),N,,,,,,,,,,,,,,,,,,