IDKSIP,year,date,hour,district,district_commune,road_category,road_number,type_of_road,road_geometry,area,Longitude,Latitude,char_place_of_the_event,weather_conditions,lighting,type_of_accident,num_of_accidents,num_of_fatalities,num_of_injured,type_of_injury,is_offender_intoxicated,,,,,,,,,,,,,,,,,,
EWK-98183344X,2014,2014-04-03,19,POWIAT PRZASNYSKI,JEDNOROŻEC - OBSZAR WIEJSKI,Droga powiatowa,2519W,Jednojezdniowa dwukierunkowa,Odcinek prosty,Obszar niezabudowany,"21,0025","53,1663888888889",Jezdnia,Dobre warunki atmosferyczne,"Zmrok, świt",Najechanie na zwierzę,1,0,3,Ciężko,N,,,,,,,,,,,,,,,,,,
EWK-98185257U,2014,2014-04-03,19,POWIAT PŁOCK,PŁOCK - OBSZAR MIEJSKI,Droga gminna,GMINNA,Dwie jezdnie jednokierunkowe,,Obszar zabudowany,"19,8786111111111","52,8786111111111",Droga dla rowerzystów,Dobre warunki atmosferyczne,Noc - droga oświetlona,Zderzenie pojazdów boczne,1,0,1,Lekko,N,,,,,,,,,,,,,,,,,,
EWK-98185257U,2014,2014-04-03,19,POWIAT PŁOCK,PŁOCK - OBSZAR MIEJSKI,Droga gminna,GMINNA,Dwie jezdnie jednokierunkowe,,Obszar zabudowany,"19,8786111111111","52,8786111111111",Droga dla rowerzystów,Dobre warunki atmosferyczne,Noc - droga oświetlona,Zderzenie pojazdów boczne,1,0,0,Nieokreślone (puste pole),N,,,,,,,,,,,,,,,,,,
EWK-98187021N,2014,2014-04-03,14,POWIAT WYSZKOWSKI,RZĄŚNIK - OBSZAR WIEJSKI,Droga powiatowa,2648W,Jednojezdniowa dwukierunkowa,Odcinek prosty,Obszar niezabudowany,"21,5147222222222","52,9161111111111",Jezdnia,Dobre warunki atmosferyczne,Światło dzienne,Zderzenie pojazdów boczne,1,0,1,Lekko,N,,,,,,,,,,,,,,,,,,
EWK-98187021N,2014,2014-04-03,14,POWIAT WYSZKOWSKI,RZĄŚNIK - OBSZAR WIEJSKI,Droga powiatowa,2648W,Jednojezdniowa dwukierunkowa,Odcinek prosty,Obszar niezabudowany,"21,5147222222222","52,9161111111111",Jezdnia,Dobre warunki atmosferyczne,Światło dzienne,Zderzenie pojazdów boczne,1,0,0,Nieokreślone (puste pole),N,,,,,,,,,,,,,,,,,,
EWK-98184192X,2014,2014-04-04,8,POWIAT RADOM,RADOM - OBSZAR MIEJSKI,Droga powiatowa,P5305W,Dwie jezdnie jednokierunkowe,Odcinek prosty,Obszar zabudowany,"21,2966666666667","51,5375",Przejście dla pieszych,Dobre warunki atmosferyczne,Światło dzienne,Najechanie na pieszego,1,0,1,Ciężko,N,,,,,,,,,,,,,,,,,,
EWK-98184192X,2014,2014-04-04,8,POWIAT RADOM,RADOM - OBSZAR MIEJSKI,Droga powiatowa,P5305W,Dwie jezdnie jednokierunkowe,Odcinek prosty,Obszar zabudowany,"21,2966666666667","51,5375",Przejście dla pieszych,Dobre warunki atmosferyczne,Światło dzienne,Najechanie na pieszego,1,1,0,Nieokreślone (puste pole),N,,,,,,,,,,,,,,,,,,
EWK-98189664F,2014,2014-04-04,10,POWIAT RADOMSKI,SKARYSZEW - OBSZAR WIEJSKI,Droga wojewódzka,733,Jednojezdniowa dwukierunkowa,Odcinek prosty,Obszar zabudowany,"21,2802777777778","51,3225",Pobocze,Dobre warunki atmosferyczne,Światło dzienne,"Najechanie na słup, znak",1,0,1,Lekko,N,,,,,,,,,,,,,,,,,,
EWK-98187010G,2014,2014-04-04,19,POWIAT WYSZKOWSKI,WYSZKÓW - OBSZAR WIEJSKI,Droga krajowa,62,Jednojezdniowa dwukierunkowa,Odcinek prosty,Obszar niezabudowany,"21,6266666666667","52,7322222222222",Jezdnia,Dobre warunki atmosferyczne,Noc - droga nieoświetlona,Zderzenie pojazdów boczne,1,0,2,Lekko,N,,,,,,,,,,,,,,,,,,
EWK-98187010G,2014,2014-04-04,19,POWIAT WYSZKOWSKI,WYSZKÓW - OBSZAR WIEJSKI,Droga krajowa,62,Jednojezdniowa dwukierunkowa,Odcinek prosty,Obszar niezabudowany,"21,6266666666667","52,7322222222222",Jezdnia,Dobre warunki atmosferyczne,Noc - droga nieoświetlona,Zderzenie pojazdów boczne,1,0,0,Nieokreślone (puste pole),N,,,,,,,,,,,,,,,,,,
EWK-98185270A,2014,2014-04-04,17,POWIAT PŁOCKI,WYSZOGRÓD - OBSZAR MIEJSKI,Droga gminna,GMINNA,Jednojezdniowa dwukierunkowa,,Obszar zabudowany,"20,2125","52,4513888888889",Jezdnia,Dobre warunki atmosferyczne,Światło dzienne,Zderzenie pojazdów boczne,1,0,1,Ciężko,N,,,,,,,,,,,,,,,,,,
EWK-98185270A,2014,2014-04-04,17,POWIAT PŁOCKI,WYSZOGRÓD - OBSZAR MIEJSKI,Droga gminna,GMINNA,Jednojezdniowa dwukierunkowa,,Obszar zabudowany,"20,2125","52,4513888888889",Jezdnia,Dobre warunki atmosferyczne,Światło dzienne,Zderzenie pojazdów boczne,1,0,0,Nieokreślone (puste pole),N,,,,,,,,,,,,,,,,,,
EWK-98186792F,2014,2014-04-04,16,POWIAT RADOMSKI,KOWALA - OBSZAR WIEJSKI,Droga krajowa,7,Jednojezdniowa dwukierunkowa,,Obszar niezabudowany,"21,0988888888889","51,4841666666667",Jezdnia,Dobre warunki atmosferyczne,Światło dzienne,Zderzenie pojazdów boczne,1,0,2,Lekko,N,,,,,,,,,,,,,,,,,,
EWK-98186792F,2014,2014-04-04,16,POWIAT RADOMSKI,KOWALA - OBSZAR WIEJSKI,Droga krajowa,7,Jednojezdniowa dwukierunkowa,,Obszar niezabudowany,"21,0988888888889","51,4841666666667",Jezdnia,Dobre warunki atmosferyczne,Światło dzienne,Zderzenie pojazdów boczne,1,0,0,Nieokreślone (puste pole),N,,,,,,,,,,,,,,,,,,
EWK-98189619W,2014,2014-04-05,21,POWIAT SIERPECKI,ZAWIDZ - OBSZAR WIEJSKI,Droga krajowa,10,Jednojezdniowa dwukierunkowa,Odcinek prosty,Obszar niezabudowany,"19,9563888888889","52,8983333333333",Jezdnia,Dobre warunki atmosferyczne,Noc - droga nieoświetlona,Najechanie na pieszego,1,1,0,Nieokreślone (puste pole),T,,,,,,,,,,,,,,,,,,
EWK-98185471J,2014,2014-04-05,19,POWIAT RADOMSKI,SKARYSZEW - OBSZAR WIEJSKI,Droga wojewódzka,733,Jednojezdniowa dwukierunkowa,Odcinek prosty,Obszar zabudowany,"21,3819444444444","51,3613888888889",Jezdnia,Dobre warunki atmosferyczne,Noc - droga oświetlona,Najechanie na pieszego,1,0,1,Lekko,T,,,,,,,,,,,,,,,,,,
EWK-98185471J,2014,2014-04-05,19,POWIAT RADOMSKI,SKARYSZEW - OBSZAR WIEJSKI,Droga wojewódzka,733,Jednojezdniowa dwukierunkowa,Odcinek prosty,Obszar zabudowany,"21,3819444444444","51,3613888888889",Jezdnia,Dobre warunki atmosferyczne,Noc - droga oświetlona,Najechanie na pieszego,1,0,0,Nieokreślone (puste pole),T,,,,,,,,,,,,,,,,,,
EWK-98183653F,2014,2014-04-05,14,POWIAT OSTROŁĘKA,OSTROŁĘKA - OBSZAR MIEJSKI,Droga powiatowa,P5107W,Jednokierunkowa,Odcinek prosty,Obszar zabudowany,"21,6188888888889","53,2269444444445",Jezdnia,Dobre warunki atmosferyczne,Światło dzienne,Najechanie na pieszego,1,0,1,Lekko,N,,,,,,,,,,,,,,,,,,
EWK-98183653F,2014,2014-04-05,14,POWIAT OSTROŁĘKA,OSTROŁĘKA - OBSZAR MIEJSKI,Droga powiatowa,P5107W,Jednokierunkowa,Odcinek prosty,Obszar zabudowany,"21,6188888888889","53,2269444444445",Jezdnia,Dobre warunki atmosferyczne,Światło dzienne,Najechanie na pieszego,1,0,0,Nieokreślone (puste pole),N,,,,,,,,,,,,,,,,,,
EWK-98185091G,2014,2014-04-05,14,POWIAT SOCHACZEWSKI,NOWA SUCHA - OBSZAR WIEJSKI,Droga gminna,GMINNA,Jednojezdniowa dwukierunkowa,Odcinek prosty,Obszar zabudowany,"20,4808333333333","52,3236111111111",Jezdnia,Dobre warunki atmosferyczne,Światło dzienne,Wywrócenie się pojazdu,1,0,1,Ciężko,N,,,,,,,,,,,,,,,,,,
EWK-98191794K,2014,2014-04-05,8,POWIAT GRÓJECKI,CHYNÓW - OBSZAR WIEJSKI,Droga gminna,GMINNA,Jednojezdniowa dwukierunkowa,"Zakręt, łuk",Obszar zabudowany,"21,1316666666667","52,0075",Jezdnia,Dobre warunki atmosferyczne,Światło dzienne,Wywrócenie się pojazdu,1,0,2,Lekko,N,,,,,,,,,,,,,,,,,,
EWK-98183652Q,2014,2014-04-05,11,POWIAT OSTROŁĘKA,OSTROŁĘKA - OBSZAR MIEJSKI,Droga krajowa,53,Jednojezdniowa dwukierunkowa,,Obszar zabudowany,"21,5711111111111","53,1675",Jezdnia,Dobre warunki atmosferyczne,Światło dzienne,Zderzenie pojazdów boczne,1,0,1,Lekko,N,,,,,,,,,,,,,,,,,,
EWK-98183652Q,2014,2014-04-05,11,POWIAT OSTROŁĘKA,OSTROŁĘKA - OBSZAR MIEJSKI,Droga krajowa,53,Jednojezdniowa dwukierunkowa,,Obszar zabudowany,"21,5711111111111","53,1675",Jezdnia,Dobre warunki atmosferyczne,Światło dzienne,Zderzenie pojazdów boczne,1,0,0,Nieokreślone (puste pole),N,,,,,,,,,,,,,,,,,,
EWK-98187507N,2014,2014-04-05,9,POWIAT WYSZKOWSKI,WYSZKÓW - OBSZAR WIEJSKI,Droga krajowa,62,Jednojezdniowa dwukierunkowa,Odcinek prosty,Obszar niezabudowany,"21,5077777777778","52,6175",Jezdnia,Dobre warunki atmosferyczne,Światło dzienne,Zderzenie pojazdów boczne,1,0,1,Lekko,N,,,,,,,,,,,,,,,,,,
EWK-98187507N,2014,2014-04-05,9,POWIAT WYSZKOWSKI,WYSZKÓW - OBSZAR WIEJSKI,Droga krajowa,62,Jednojezdniowa dwukierunkowa,Odcinek prosty,Obszar niezabudowany,"21,5077777777778","52,6175",Jezdnia,Dobre warunki atmosferyczne,Światło dzienne,Zderzenie pojazdów boczne,1,0,0,Nieokreślone (puste pole),N,,,,,,,,,,,,,,,,,,
EWK-98188683G,2014,2014-04-05,16,POWIAT SIEDLECKI,SUCHOŻEBRY - OBSZAR WIEJSKI,Droga krajowa,63,Jednojezdniowa dwukierunkowa,Odcinek prosty,Obszar niezabudowany,"22,2897222222222","52,3297222222222",Jezdnia,Dobre warunki atmosferyczne,Światło dzienne,Zderzenie pojazdów boczne,1,0,1,Ciężko,N,,,,,,,,,,,,,,,,,,
EWK-98188683G,2014,2014-04-05,16,POWIAT SIEDLECKI,SUCHOŻEBRY - OBSZAR WIEJSKI,Droga krajowa,63,Jednojezdniowa dwukierunkowa,Odcinek prosty,Obszar niezabudowany,"22,2897222222222","52,3297222222222",Jezdnia,Dobre warunki atmosferyczne,Światło dzienne,Zderzenie pojazdów boczne,1,0,0,Nieokreślone (puste pole),N,,,,,,,,,,,,,,,,,,
EWK-98185485C,2014,2014-04-05,16,POWIAT PRZYSUSKI,WIENIAWA - OBSZAR WIEJSKI,Droga krajowa,12,Jednojezdniowa dwukierunkowa,Odcinek prosty,Obszar niezabudowany,"20,8275","51,4805555555556",Jezdnia,Pochmurno,Światło dzienne,Zderzenie pojazdów tylne,1,0,1,Lekko,N,,,,,,,,,,,,,,,,,,
EWK-98185485C,2014,2014-04-05,16,POWIAT PRZYSUSKI,WIENIAWA - OBSZAR WIEJSKI,Droga krajowa,12,Jednojezdniowa dwukierunkowa,Odcinek prosty,Obszar niezabudowany,"20,8275","51,4805555555556",Jezdnia,Pochmurno,Światło dzienne,Zderzenie pojazdów tylne,1,0,0,Nieokreślone (puste pole),N,,,,,,,,,,,,,,,,,,
EWK-98188873P,2014,2014-04-06,21,POWIAT GARWOLIŃSKI,GARWOLIN - OBSZAR WIEJSKI,Droga powiatowa,31325W,Jednojezdniowa dwukierunkowa,Odcinek prosty,Obszar niezabudowany,"21,6625","51,9677777777778",Jezdnia,Dobre warunki atmosferyczne,Noc - droga nieoświetlona,Najechanie na pieszego,1,1,0,Nieokreślone (puste pole),N,,,,,,,,,,,,,,,,,,
EWK-98185429R,2014,2014-04-06,0,POWIAT PUŁTUSKI,ŚWIERCZE - OBSZAR WIEJSKI,Droga powiatowa,P3419W,Jednojezdniowa dwukierunkowa,Odcinek prosty,Obszar niezabudowany,"20,8227777777778","52,7186111111111",Jezdnia,Dobre warunki atmosferyczne,Noc - droga oświetlona,Najechanie na pieszego,1,1,0,Nieokreślone (puste pole),T,,,,,,,,,,,,,,,,,,
EWK-98187317J,2014,2014-04-06,5,POWIAT PŁOŃSKI,PŁOŃSK - OBSZAR MIEJSKI,Droga powiatowa,P3021W,Jednojezdniowa dwukierunkowa,Odcinek prosty,Obszar zabudowany,"20,4686111111111","52,7022222222222",Jezdnia,Dobre warunki atmosferyczne,Światło dzienne,Wywrócenie się pojazdu,1,0,2,Ciężko,N,,,,,,,,,,,,,,,,,,
EWK-98185294C,2014,2014-04-06,16,POWIAT PŁOCKI,DROBIN - OBSZAR MIEJSKI,Droga krajowa,60,Jednokierunkowa,,Obszar zabudowany,"20,1030555555556","52,7719444444444",Jezdnia,Dobre warunki atmosferyczne,Światło dzienne,Zderzenie pojazdów boczne,1,0,1,Lekko,N,,,,,,,,,,,,,,,,,,
EWK-98185294C,2014,2014-04-06,16,POWIAT PŁOCKI,DROBIN - OBSZAR MIEJSKI,Droga krajowa,60,Jednokierunkowa,,Obszar zabudowany,"20,1030555555556","52,7719444444444",Jezdnia,Dobre warunki atmosferyczne,Światło dzienne,Zderzenie pojazdów boczne,1,0,0,Nieokreślone (puste pole),N,,,,,,,,,,,,,,,,,,
EWK-98185434C,2014,2014-04-06,16,POWIAT PŁOCKI,BIELSK - OBSZAR WIEJSKI,Droga krajowa,60,Jednojezdniowa dwukierunkowa,,Obszar niezabudowany,"19,8908333333333","52,6988888888889",Jezdnia,Dobre warunki atmosferyczne,Światło dzienne,Zderzenie pojazdów tylne,1,0,1,Lekko,N,,,,,,,,,,,,,,,,,,
EWK-98185434C,2014,2014-04-06,16,POWIAT PŁOCKI,BIELSK - OBSZAR WIEJSKI,Droga krajowa,60,Jednojezdniowa dwukierunkowa,,Obszar niezabudowany,"19,8908333333333","52,6988888888889",Jezdnia,Dobre warunki atmosferyczne,Światło dzienne,Zderzenie pojazdów tylne,1,0,0,Nieokreślone (puste pole),N,,,,,,,,,,,,,,,,,,
EWK-98192691X,2014,2014-04-06,3,POWIAT RADOMSKI,IŁŻA - OBSZAR WIEJSKI,Droga powiatowa,P3555W,Jednojezdniowa dwukierunkowa,Odcinek prosty,Obszar niezabudowany,"21,2636111111111","51,2611111111111",Jezdnia,Opady deszczu,Noc - droga nieoświetlona,Wywrócenie się pojazdu,1,0,1,Ciężko,T,,,,,,,,,,,,,,,,,,
EWK-98192691X,2014,2014-04-06,3,POWIAT RADOMSKI,IŁŻA - OBSZAR WIEJSKI,Droga powiatowa,P3555W,Jednojezdniowa dwukierunkowa,Odcinek prosty,Obszar niezabudowany,"21,2636111111111","51,2611111111111",Jezdnia,Opady deszczu,Noc - droga nieoświetlona,Wywrócenie się pojazdu,1,0,1,Lekko,T,,,,,,,,,,,,,,,,,,
EWK-98188872R,2014,2014-04-06,14,POWIAT GARWOLIŃSKI,PILAWA - OBSZAR WIEJSKI,Droga krajowa,17,Jednojezdniowa dwukierunkowa,Odcinek prosty,Obszar niezabudowany,"21,6330555555556","51,9955555555556","Skarpa, rów",Pochmurno,Światło dzienne,Najechanie na drzewo,1,1,0,Nieokreślone (puste pole),N,,,,,,,,,,,,,,,,,,
EWK-98217000R,2014,2014-04-07,16,POWIAT GARWOLIŃSKI,GARWOLIN - OBSZAR WIEJSKI,Nieokreślone (puste pole),G,Jednojezdniowa dwukierunkowa,Odcinek prosty,Obszar zabudowany,"21,7155555555556","51,9211111111111",Jezdnia,Dobre warunki atmosferyczne,Światło dzienne,Najechanie na zwierzę,1,0,2,Lekko,N,,,,,,,,,,,,,,,,,,
EWK-98218063H,2014,2014-04-07,19,POWIAT GARWOLIŃSKI,GARWOLIN - OBSZAR MIEJSKI,Droga gminna,GMINNA,Jednojezdniowa dwukierunkowa,,Obszar zabudowany,"21,7436111111111","52,0269444444445",Jezdnia,Dobre warunki atmosferyczne,Noc - droga oświetlona,Zderzenie pojazdów boczne,1,0,1,Lekko,N,,,,,,,,,,,,,,,,,,
EWK-98218063H,2014,2014-04-07,19,POWIAT GARWOLIŃSKI,GARWOLIN - OBSZAR MIEJSKI,Droga gminna,GMINNA,Jednojezdniowa dwukierunkowa,,Obszar zabudowany,"21,7436111111111","52,0269444444445",Jezdnia,Dobre warunki atmosferyczne,Noc - droga oświetlona,Zderzenie pojazdów boczne,1,0,0,Nieokreślone (puste pole),N,,,,,,,,,,,,,,,,,,
EWK-98188341J,2014,2014-04-07,17,POWIAT BIAŁOBRZESKI,STARA BŁOTNICA - OBSZAR WIEJSKI,Droga gminna,GMINNA,Jednojezdniowa dwukierunkowa,"Zakręt, łuk",Obszar zabudowany,"21,1441666666667","51,6980555555556",Jezdnia,Dobre warunki atmosferyczne,Światło dzienne,Zderzenie pojazdów boczne,1,0,1,Lekko,N,,,,,,,,,,,,,,,,,,
EWK-98188341J,2014,2014-04-07,17,POWIAT BIAŁOBRZESKI,STARA BŁOTNICA - OBSZAR WIEJSKI,Droga gminna,GMINNA,Jednojezdniowa dwukierunkowa,"Zakręt, łuk",Obszar zabudowany,"21,1441666666667","51,6980555555556",Jezdnia,Dobre warunki atmosferyczne,Światło dzienne,Zderzenie pojazdów boczne,1,0,0,Nieokreślone (puste pole),N,,,,,,,,,,,,,,,,,,
EWK-98188778D,2014,2014-04-07,19,POWIAT RADOMSKI,PIONKI - OBSZAR WIEJSKI,Droga wojewódzka,787,Jednojezdniowa dwukierunkowa,Odcinek prosty,Obszar niezabudowany,"21,5344444444444","51,6141666666667",Jezdnia,Dobre warunki atmosferyczne,Światło dzienne,Zderzenie pojazdów boczne,1,0,1,Lekko,N,,,,,,,,,,,,,,,,,,
EWK-98188778D,2014,2014-04-07,19,POWIAT RADOMSKI,PIONKI - OBSZAR WIEJSKI,Droga wojewódzka,787,Jednojezdniowa dwukierunkowa,Odcinek prosty,Obszar niezabudowany,"21,5344444444444","51,6141666666667",Jezdnia,Dobre warunki atmosferyczne,Światło dzienne,Zderzenie pojazdów boczne,1,0,0,Nieokreślone (puste pole),N,,,,,,,,,,,,,,,,,,
EWK-98187307C,2014,2014-04-07,7,POWIAT PUŁTUSKI,OBRYTE - OBSZAR WIEJSKI,Droga powiatowa,4407W,Jednojezdniowa dwukierunkowa,,Obszar zabudowany,"21,2552777777778","52,8386111111111",Jezdnia,Dobre warunki atmosferyczne,Światło dzienne,Zderzenie pojazdów tylne,1,0,2,Lekko,N,,,,,,,,,,,,,,,,,,
EWK-98187307C,2014,2014-04-07,7,POWIAT PUŁTUSKI,OBRYTE - OBSZAR WIEJSKI,Droga powiatowa,4407W,Jednojezdniowa dwukierunkowa,,Obszar zabudowany,"21,2552777777778","52,8386111111111",Jezdnia,Dobre warunki atmosferyczne,Światło dzienne,Zderzenie pojazdów tylne,1,0,0,Nieokreślone (puste pole),N,,,,,,,,,,,,,,,,,,
EWK-98192815K,2014,2014-04-08,9,POWIAT OSTROŁĘCKI,BARANOWO - OBSZAR WIEJSKI,Droga gminna,G250119W,Jednojezdniowa dwukierunkowa,"Zakręt, łuk",Obszar zabudowany,"21,4111111111111","53,3097222222222",Jezdnia,Dobre warunki atmosferyczne,Światło dzienne,Najechanie na drzewo,1,0,1,Lekko,N,,,,,,,,,,,,,,,,,,
EWK-98188014P,2014,2014-04-08,7,POWIAT SOKOŁOWSKI,BIELANY - OBSZAR WIEJSKI,Droga krajowa,63,Jednojezdniowa dwukierunkowa,Odcinek prosty,Obszar niezabudowany,"22,2602777777778","52,3594444444444","Skarpa, rów",Dobre warunki atmosferyczne,Światło dzienne,Najechanie na drzewo,1,0,1,Ciężko,N,,,,,,,,,,,,,,,,,,
EWK-98188014P,2014,2014-04-08,7,POWIAT SOKOŁOWSKI,BIELANY - OBSZAR WIEJSKI,Droga krajowa,63,Jednojezdniowa dwukierunkowa,Odcinek prosty,Obszar niezabudowany,"22,2602777777778","52,3594444444444","Skarpa, rów",Dobre warunki atmosferyczne,Światło dzienne,Najechanie na drzewo,1,0,0,Nieokreślone (puste pole),N,,,,,,,,,,,,,,,,,,
EWK-98193132W,2014,2014-04-08,20,POWIAT KOZIENICKI,KOZIENICE - OBSZAR MIEJSKI,Droga krajowa,79,Jednojezdniowa dwukierunkowa,,Obszar zabudowany,"21,6216666666667","51,6575",Przejście dla pieszych,Dobre warunki atmosferyczne,Noc - droga oświetlona,Najechanie na pieszego,1,0,1,Lekko,N,,,,,,,,,,,,,,,,,,
EWK-98193132W,2014,2014-04-08,20,POWIAT KOZIENICKI,KOZIENICE - OBSZAR MIEJSKI,Droga krajowa,79,Jednojezdniowa dwukierunkowa,,Obszar zabudowany,"21,6216666666667","51,6575",Przejście dla pieszych,Dobre warunki atmosferyczne,Noc - droga oświetlona,Najechanie na pieszego,1,0,0,Nieokreślone (puste pole),N,,,,,,,,,,,,,,,,,,
EWK-98188552E,2014,2014-04-08,7,POWIAT RADOM,RADOM - OBSZAR MIEJSKI,Droga wojewódzka,744,Dwie jezdnie jednokierunkowe,,Obszar zabudowany,"21,2147222222222","51,4302777777778",Jezdnia,Dobre warunki atmosferyczne,Światło dzienne,Najechanie na pieszego,1,0,1,Lekko,N,,,,,,,,,,,,,,,,,,
EWK-98188552E,2014,2014-04-08,7,POWIAT RADOM,RADOM - OBSZAR MIEJSKI,Droga wojewódzka,744,Dwie jezdnie jednokierunkowe,,Obszar zabudowany,"21,2147222222222","51,4302777777778",Jezdnia,Dobre warunki atmosferyczne,Światło dzienne,Najechanie na pieszego,1,0,0,Nieokreślone (puste pole),N,,,,,,,,,,,,,,,,,,
EWK-98217422Y,2014,2014-04-08,15,POWIAT GARWOLIŃSKI,GÓRZNO - OBSZAR WIEJSKI,Droga powiatowa,31328W,Jednojezdniowa dwukierunkowa,Odcinek prosty,Obszar zabudowany,"21,7305555555556","51,8694444444444",Jezdnia,Dobre warunki atmosferyczne,Światło dzienne,Najechanie na pieszego,1,0,1,Lekko,N,,,,,,,,,,,,,,,,,,
EWK-98217422Y,2014,2014-04-08,15,POWIAT GARWOLIŃSKI,GÓRZNO - OBSZAR WIEJSKI,Droga powiatowa,31328W,Jednojezdniowa dwukierunkowa,Odcinek prosty,Obszar zabudowany,"21,7305555555556","51,8694444444444",Jezdnia,Dobre warunki atmosferyczne,Światło dzienne,Najechanie na pieszego,1,0,0,Nieokreślone (puste pole),N,,,,,,,,,,,,,,,,,,
EWK-98191118M,2014,2014-04-08,13,POWIAT ŻYRARDOWSKI,RADZIEJOWICE - OBSZAR WIEJSKI,Droga gminna,GMINNA,Jednojezdniowa dwukierunkowa,,Obszar zabudowany,"20,5611111111111","52,1125",Jezdnia,Dobre warunki atmosferyczne,Światło dzienne,Wywrócenie się pojazdu,1,0,1,Lekko,N,,,,,,,,,,,,,,,,,,
EWK-98191118M,2014,2014-04-08,13,POWIAT ŻYRARDOWSKI,RADZIEJOWICE - OBSZAR WIEJSKI,Droga gminna,GMINNA,Jednojezdniowa dwukierunkowa,,Obszar zabudowany,"20,5611111111111","52,1125",Jezdnia,Dobre warunki atmosferyczne,Światło dzienne,Wywrócenie się pojazdu,1,0,0,Nieokreślone (puste pole),N,,,,,,,,,,,,,,,,,,
EWK-98188532N,2014,2014-04-08,15,POWIAT RADOM,RADOM - OBSZAR MIEJSKI,Droga powiatowa,P5331W,Jednojezdniowa dwukierunkowa,,Obszar zabudowany,"21,2794444444444","51,4011111111111",Jezdnia,Dobre warunki atmosferyczne,Światło dzienne,Zderzenie pojazdów boczne,1,0,1,Lekko,N,,,,,,,,,,,,,,,,,,
EWK-98188532N,2014,2014-04-08,15,POWIAT RADOM,RADOM - OBSZAR MIEJSKI,Droga powiatowa,P5331W,Jednojezdniowa dwukierunkowa,,Obszar zabudowany,"21,2794444444444","51,4011111111111",Jezdnia,Dobre warunki atmosferyczne,Światło dzienne,Zderzenie pojazdów boczne,1,0,0,Nieokreślone (puste pole),N,,,,,,,,,,,,,,,,,,
EWK-98194361N,2014,2014-04-08,11,POWIAT GARWOLIŃSKI,BOROWIE - OBSZAR WIEJSKI,Droga krajowa,76,Jednojezdniowa dwukierunkowa,,Obszar zabudowany,"21,7755555555556","52,0402777777778",Jezdnia,Dobre warunki atmosferyczne,Światło dzienne,Zderzenie pojazdów boczne,1,0,2,Lekko,N,,,,,,,,,,,,,,,,,,
EWK-98194361N,2014,2014-04-08,11,POWIAT GARWOLIŃSKI,BOROWIE - OBSZAR WIEJSKI,Droga krajowa,76,Jednojezdniowa dwukierunkowa,,Obszar zabudowany,"21,7755555555556","52,0402777777778",Jezdnia,Dobre warunki atmosferyczne,Światło dzienne,Zderzenie pojazdów boczne,1,0,0,Nieokreślone (puste pole),N,,,,,,,,,,,,,,,,,,
EWK-98193740N,2014,2014-04-08,18,POWIAT GRÓJECKI,CHYNÓW - OBSZAR WIEJSKI,Droga gminna,GMINNA,Jednojezdniowa dwukierunkowa,"Zakręt, łuk",Obszar zabudowany,"21,0938888888889","52,0277777777778",Jezdnia,Dobre warunki atmosferyczne,Światło dzienne,Zderzenie pojazdów czołowe,1,0,2,Lekko,N,,,,,,,,,,,,,,,,,,
EWK-98188562G,2014,2014-04-08,11,POWIAT LIPSKI,LIPSKO - OBSZAR MIEJSKI,Droga krajowa,79,Jednojezdniowa dwukierunkowa,Odcinek prosty,Obszar zabudowany,"21,7930555555556","51,2444444444444",Jezdnia,Dobre warunki atmosferyczne,Światło dzienne,Zderzenie pojazdów tylne,1,0,1,Lekko,N,,,,,,,,,,,,,,,,,,
EWK-98188562G,2014,2014-04-08,11,POWIAT LIPSKI,LIPSKO - OBSZAR MIEJSKI,Droga krajowa,79,Jednojezdniowa dwukierunkowa,Odcinek prosty,Obszar zabudowany,"21,7930555555556","51,2444444444444",Jezdnia,Dobre warunki atmosferyczne,Światło dzienne,Zderzenie pojazdów tylne,1,0,0,Nieokreślone (puste pole),N,,,,,,,,,,,,,,,,,,
EWK-98188910R,2014,2014-04-08,20,POWIAT SOCHACZEWSKI,SOCHACZEW - OBSZAR WIEJSKI,Droga krajowa,50,Jednojezdniowa dwukierunkowa,,Obszar niezabudowany,"20,2377777777778","52,2538888888889",Jezdnia,Opady deszczu,Noc - droga oświetlona,Zderzenie pojazdów boczne,1,1,0,Nieokreślone (puste pole),T,,,,,,,,,,,,,,,,,,
EWK-98189153R,2014,2014-04-08,20,POWIAT RADOM,RADOM - OBSZAR MIEJSKI,Droga powiatowa,P5335W,Jednojezdniowa dwukierunkowa,,Obszar zabudowany,"21,2283333333333","51,4702777777778",Jezdnia,Opady deszczu,Noc - droga oświetlona,Zderzenie pojazdów tylne,1,0,1,Lekko,T,,,,,,,,,,,,,,,,,,