IDKSIP,year,date,hour,district,district_commune,road_category,road_number,type_of_road,road_geometry,area,Longitude,Latitude,char_place_of_the_event,weather_conditions,lighting,type_of_accident,num_of_accidents,num_of_fatalities,num_of_injured,type_of_injury,is_offender_intoxicated,,,,,,,,,,,,,,,,,,
EWK-98189153R,2014,2014-04-08,20,POWIAT RADOM,RADOM - OBSZAR MIEJSKI,Droga powiatowa,P5335W,Jednojezdniowa dwukierunkowa,,Obszar zabudowany,"21,2283333333333","51,4702777777778",Jezdnia,Opady deszczu,Noc - droga oświetlona,Zderzenie pojazdów tylne,1,0,0,Nieokreślone (puste pole),T,,,,,,,,,,,,,,,,,,
EWK-98217346H,2014,2014-04-08,20,POWIAT WYSZKOWSKI,WYSZKÓW - OBSZAR MIEJSKI,Droga powiatowa,4419W,Jednojezdniowa dwukierunkowa,Odcinek prosty,Obszar zabudowany,"21,5461111111111","52,6122222222222",Jezdnia,Pochmurno,Noc - droga oświetlona,Wywrócenie się pojazdu,1,0,1,Lekko,N,,,,,,,,,,,,,,,,,,
EWK-98189111H,2014,2014-04-08,16,POWIAT RADOMSKI,GÓZD - OBSZAR WIEJSKI,Droga krajowa,12,Jednojezdniowa dwukierunkowa,Odcinek prosty,Obszar niezabudowany,"21,3727777777778","51,52",Jezdnia,Pochmurno,Światło dzienne,Zderzenie pojazdów boczne,1,0,2,Lekko,N,,,,,,,,,,,,,,,,,,
EWK-98189111H,2014,2014-04-08,16,POWIAT RADOMSKI,GÓZD - OBSZAR WIEJSKI,Droga krajowa,12,Jednojezdniowa dwukierunkowa,Odcinek prosty,Obszar niezabudowany,"21,3727777777778","51,52",Jezdnia,Pochmurno,Światło dzienne,Zderzenie pojazdów boczne,1,0,0,Nieokreślone (puste pole),N,,,,,,,,,,,,,,,,,,
EWK-98188302T,2014,2014-04-08,20,POWIAT RADOMSKI,PIONKI - OBSZAR WIEJSKI,Droga wojewódzka,737,Jednojezdniowa dwukierunkowa,Odcinek prosty,Obszar niezabudowany,"21,5622222222222","51,6719444444444",Jezdnia,Pochmurno,"Zmrok, świt",Zderzenie pojazdów czołowe,1,0,1,Ciężko,N,,,,,,,,,,,,,,,,,,
EWK-98188302T,2014,2014-04-08,20,POWIAT RADOMSKI,PIONKI - OBSZAR WIEJSKI,Droga wojewódzka,737,Jednojezdniowa dwukierunkowa,Odcinek prosty,Obszar niezabudowany,"21,5622222222222","51,6719444444444",Jezdnia,Pochmurno,"Zmrok, świt",Zderzenie pojazdów czołowe,1,0,1,Lekko,N,,,,,,,,,,,,,,,,,,
EWK-98188302T,2014,2014-04-08,20,POWIAT RADOMSKI,PIONKI - OBSZAR WIEJSKI,Droga wojewódzka,737,Jednojezdniowa dwukierunkowa,Odcinek prosty,Obszar niezabudowany,"21,5622222222222","51,6719444444444",Jezdnia,Pochmurno,"Zmrok, świt",Zderzenie pojazdów czołowe,1,2,0,Nieokreślone (puste pole),N,,,,,,,,,,,,,,,,,,
EWK-98193090X,2014,2014-04-09,8,POWIAT SIEDLCE,SIEDLCE - OBSZAR MIEJSKI,Droga wojewódzka,W628,Jednojezdniowa dwukierunkowa,,Obszar zabudowany,"22,3472222222222","52,2647222222222",Jezdnia,Dobre warunki atmosferyczne,Światło dzienne,Zderzenie pojazdów boczne,1,0,1,Lekko,N,,,,,,,,,,,,,,,,,,
EWK-98193090X,2014,2014-04-09,8,POWIAT SIEDLCE,SIEDLCE - OBSZAR MIEJSKI,Droga wojewódzka,W628,Jednojezdniowa dwukierunkowa,,Obszar zabudowany,"22,3472222222222","52,2647222222222",Jezdnia,Dobre warunki atmosferyczne,Światło dzienne,Zderzenie pojazdów boczne,1,0,0,Nieokreślone (puste pole),N,,,,,,,,,,,,,,,,,,
EWK-98191001R,2014,2014-04-09,14,POWIAT PRZASNYSKI,CZERNICE BOROWE - OBSZAR WIEJSKI,Droga powiatowa,P2361W,Jednojezdniowa dwukierunkowa,Odcinek prosty,Obszar niezabudowany,"20,8055555555556","53,0722222222222",Jezdnia,Dobre warunki atmosferyczne,Światło dzienne,Zderzenie pojazdów tylne,1,0,1,Lekko,N,,,,,,,,,,,,,,,,,,
EWK-98191001R,2014,2014-04-09,14,POWIAT PRZASNYSKI,CZERNICE BOROWE - OBSZAR WIEJSKI,Droga powiatowa,P2361W,Jednojezdniowa dwukierunkowa,Odcinek prosty,Obszar niezabudowany,"20,8055555555556","53,0722222222222",Jezdnia,Dobre warunki atmosferyczne,Światło dzienne,Zderzenie pojazdów tylne,1,0,0,Nieokreślone (puste pole),N,,,,,,,,,,,,,,,,,,
EWK-98192735P,2014,2014-04-09,10,POWIAT GOSTYNIŃSKI,GOSTYNIN - OBSZAR MIEJSKI,Inna,I2,Jednojezdniowa dwukierunkowa,Odcinek prosty,Obszar zabudowany,"19,5269444444444","52,5519444444444","Parking, plac",Pochmurno,Światło dzienne,Najechanie na pieszego,1,0,1,Lekko,N,,,,,,,,,,,,,,,,,,
EWK-98192735P,2014,2014-04-09,10,POWIAT GOSTYNIŃSKI,GOSTYNIN - OBSZAR MIEJSKI,Inna,I2,Jednojezdniowa dwukierunkowa,Odcinek prosty,Obszar zabudowany,"19,5269444444444","52,5519444444444","Parking, plac",Pochmurno,Światło dzienne,Najechanie na pieszego,1,0,0,Nieokreślone (puste pole),N,,,,,,,,,,,,,,,,,,
EWK-98191481Q,2014,2014-04-09,7,POWIAT BIAŁOBRZESKI,STARA BŁOTNICA - OBSZAR WIEJSKI,Droga krajowa,S7,Ekspresowa,Odcinek prosty,Obszar niezabudowany,"21,1477777777778","51,6247222222222",Jezdnia,Pochmurno,Światło dzienne,Zderzenie pojazdów tylne,1,0,1,Lekko,N,,,,,,,,,,,,,,,,,,
EWK-98191481Q,2014,2014-04-09,7,POWIAT BIAŁOBRZESKI,STARA BŁOTNICA - OBSZAR WIEJSKI,Droga krajowa,S7,Ekspresowa,Odcinek prosty,Obszar niezabudowany,"21,1477777777778","51,6247222222222",Jezdnia,Pochmurno,Światło dzienne,Zderzenie pojazdów tylne,1,0,0,Nieokreślone (puste pole),N,,,,,,,,,,,,,,,,,,
EWK-98191635H,2014,2014-04-10,16,POWIAT PŁOŃSKI,PŁOŃSK - OBSZAR MIEJSKI,Droga powiatowa,P3076W,Jednojezdniowa dwukierunkowa,Odcinek prosty,Obszar zabudowany,"20,3944444444444","52,6722222222222",Jezdnia,Dobre warunki atmosferyczne,Światło dzienne,Inne,1,0,1,Lekko,N,,,,,,,,,,,,,,,,,,
EWK-98191635H,2014,2014-04-10,16,POWIAT PŁOŃSKI,PŁOŃSK - OBSZAR MIEJSKI,Droga powiatowa,P3076W,Jednojezdniowa dwukierunkowa,Odcinek prosty,Obszar zabudowany,"20,3944444444444","52,6722222222222",Jezdnia,Dobre warunki atmosferyczne,Światło dzienne,Inne,1,0,0,Nieokreślone (puste pole),N,,,,,,,,,,,,,,,,,,
EWK-98194023C,2014,2014-04-10,8,POWIAT RADOM,RADOM - OBSZAR MIEJSKI,Droga powiatowa,P5347W,Jednojezdniowa dwukierunkowa,,Obszar zabudowany,"21,1425","51,4494444444444","Chodnik, droga dla pieszych",Dobre warunki atmosferyczne,Światło dzienne,Najechanie na pieszego,1,0,1,Lekko,N,,,,,,,,,,,,,,,,,,
EWK-98194023C,2014,2014-04-10,8,POWIAT RADOM,RADOM - OBSZAR MIEJSKI,Droga powiatowa,P5347W,Jednojezdniowa dwukierunkowa,,Obszar zabudowany,"21,1425","51,4494444444444","Chodnik, droga dla pieszych",Dobre warunki atmosferyczne,Światło dzienne,Najechanie na pieszego,1,0,0,Nieokreślone (puste pole),N,,,,,,,,,,,,,,,,,,
EWK-98194278K,2014,2014-04-10,12,POWIAT WĘGROWSKI,ŁOCHÓW - OBSZAR WIEJSKI,Droga krajowa,62,Jednojezdniowa dwukierunkowa,Odcinek prosty,Obszar zabudowany,"21,6944444444444","52,5825",Jezdnia,Dobre warunki atmosferyczne,Światło dzienne,Zderzenie pojazdów tylne,1,0,1,Ciężko,N,,,,,,,,,,,,,,,,,,
EWK-98194278K,2014,2014-04-10,12,POWIAT WĘGROWSKI,ŁOCHÓW - OBSZAR WIEJSKI,Droga krajowa,62,Jednojezdniowa dwukierunkowa,Odcinek prosty,Obszar zabudowany,"21,6944444444444","52,5825",Jezdnia,Dobre warunki atmosferyczne,Światło dzienne,Zderzenie pojazdów tylne,1,0,0,Nieokreślone (puste pole),N,,,,,,,,,,,,,,,,,,
EWK-98195142N,2014,2014-04-10,16,POWIAT SIEDLECKI,SIEDLCE - OBSZAR WIEJSKI,Droga krajowa,2,Jednojezdniowa dwukierunkowa,Odcinek prosty,Obszar niezabudowany,"22,2066666666667","52,2916666666667",Jezdnia,Dobre warunki atmosferyczne,Światło dzienne,Zderzenie pojazdów tylne,1,0,1,Lekko,N,,,,,,,,,,,,,,,,,,
EWK-98195142N,2014,2014-04-10,16,POWIAT SIEDLECKI,SIEDLCE - OBSZAR WIEJSKI,Droga krajowa,2,Jednojezdniowa dwukierunkowa,Odcinek prosty,Obszar niezabudowany,"22,2066666666667","52,2916666666667",Jezdnia,Dobre warunki atmosferyczne,Światło dzienne,Zderzenie pojazdów tylne,1,0,0,Nieokreślone (puste pole),N,,,,,,,,,,,,,,,,,,
EWK-98193038A,2014,2014-04-10,5,POWIAT PŁOCK,PŁOCK - OBSZAR MIEJSKI,Droga wojewódzka,559,Dwie jezdnie jednokierunkowe,Odcinek prosty,Obszar zabudowany,"19,6886111111111","52,6183333333333",Przejście dla pieszych,Opady deszczu,"Zmrok, świt",Najechanie na pieszego,1,0,1,Ciężko,N,,,,,,,,,,,,,,,,,,
EWK-98193038A,2014,2014-04-10,5,POWIAT PŁOCK,PŁOCK - OBSZAR MIEJSKI,Droga wojewódzka,559,Dwie jezdnie jednokierunkowe,Odcinek prosty,Obszar zabudowany,"19,6886111111111","52,6183333333333",Przejście dla pieszych,Opady deszczu,"Zmrok, świt",Najechanie na pieszego,1,0,0,Nieokreślone (puste pole),N,,,,,,,,,,,,,,,,,,
EWK-98193984U,2014,2014-04-10,10,POWIAT RADOM,RADOM - OBSZAR MIEJSKI,Droga powiatowa,P5301W,Dwie jezdnie jednokierunkowe,,Obszar zabudowany,"21,2944444444444","51,5355555555556",Jezdnia,Opady deszczu,Światło dzienne,Najechanie na pieszego,1,0,1,Ciężko,N,,,,,,,,,,,,,,,,,,
EWK-98193984U,2014,2014-04-10,10,POWIAT RADOM,RADOM - OBSZAR MIEJSKI,Droga powiatowa,P5301W,Dwie jezdnie jednokierunkowe,,Obszar zabudowany,"21,2944444444444","51,5355555555556",Jezdnia,Opady deszczu,Światło dzienne,Najechanie na pieszego,1,0,0,Nieokreślone (puste pole),N,,,,,,,,,,,,,,,,,,
EWK-98193068L,2014,2014-04-10,7,POWIAT GOSTYNIŃSKI,GOSTYNIN - OBSZAR MIEJSKI,Droga gminna,G140109W,Jednojezdniowa dwukierunkowa,"Zakręt, łuk",Obszar zabudowany,"19,4913888888889","52,4780555555556",Jezdnia,Pochmurno,Światło dzienne,Zderzenie pojazdów boczne,1,0,1,Ciężko,N,,,,,,,,,,,,,,,,,,
EWK-98193068L,2014,2014-04-10,7,POWIAT GOSTYNIŃSKI,GOSTYNIN - OBSZAR MIEJSKI,Droga gminna,G140109W,Jednojezdniowa dwukierunkowa,"Zakręt, łuk",Obszar zabudowany,"19,4913888888889","52,4780555555556",Jezdnia,Pochmurno,Światło dzienne,Zderzenie pojazdów boczne,1,0,0,Nieokreślone (puste pole),N,,,,,,,,,,,,,,,,,,
EWK-98196885A,2014,2014-04-11,14,POWIAT PŁOŃSKI,PŁOŃSK - OBSZAR MIEJSKI,Droga powiatowa,P3076W,Jednojezdniowa dwukierunkowa,Odcinek prosty,Obszar zabudowany,"20,49","52,6572222222222",Jezdnia,Dobre warunki atmosferyczne,Światło dzienne,Najechanie na drzewo,1,1,0,Nieokreślone (puste pole),N,,,,,,,,,,,,,,,,,,
EWK-98194957U,2014,2014-04-11,21,POWIAT PRZYSUSKI,GIELNIÓW - OBSZAR WIEJSKI,Droga krajowa,12,Jednojezdniowa dwukierunkowa,,Obszar niezabudowany,"20,55","51,4922222222222",Jezdnia,Dobre warunki atmosferyczne,Noc - droga nieoświetlona,Najechanie na pieszego,1,1,0,Nieokreślone (puste pole),N,,,,,,,,,,,,,,,,,,
EWK-98197099Q,2014,2014-04-11,22,POWIAT PŁOCKI,STARA BIAŁA - OBSZAR WIEJSKI,Droga gminna,GMINNA,Jednojezdniowa dwukierunkowa,Odcinek prosty,Obszar zabudowany,"19,79","52,6886111111111","Wjazd, wyjazd z posesji, pola",Dobre warunki atmosferyczne,Noc - droga nieoświetlona,Najechanie na pieszego,1,1,0,Nieokreślone (puste pole),T,,,,,,,,,,,,,,,,,,
EWK-98196196K,2014,2014-04-11,16,POWIAT PŁOCK,PŁOCK - OBSZAR MIEJSKI,Droga gminna,GMINNA,Jednojezdniowa dwukierunkowa,,Obszar zabudowany,"19,7177777777778","52,6166666666667",Jezdnia,Dobre warunki atmosferyczne,Światło dzienne,Zderzenie pojazdów boczne,1,0,1,Ciężko,N,,,,,,,,,,,,,,,,,,
EWK-98196196K,2014,2014-04-11,16,POWIAT PŁOCK,PŁOCK - OBSZAR MIEJSKI,Droga gminna,GMINNA,Jednojezdniowa dwukierunkowa,,Obszar zabudowany,"19,7177777777778","52,6166666666667",Jezdnia,Dobre warunki atmosferyczne,Światło dzienne,Zderzenie pojazdów boczne,1,0,2,Lekko,N,,,,,,,,,,,,,,,,,,
EWK-98196196K,2014,2014-04-11,16,POWIAT PŁOCK,PŁOCK - OBSZAR MIEJSKI,Droga gminna,GMINNA,Jednojezdniowa dwukierunkowa,,Obszar zabudowany,"19,7177777777778","52,6166666666667",Jezdnia,Dobre warunki atmosferyczne,Światło dzienne,Zderzenie pojazdów boczne,1,0,0,Nieokreślone (puste pole),N,,,,,,,,,,,,,,,,,,
EWK-98197042R,2014,2014-04-11,7,POWIAT PŁOCK,PŁOCK - OBSZAR MIEJSKI,Droga powiatowa,P,Dwie jezdnie jednokierunkowe,,Obszar zabudowany,"19,8469444444444","52,6744444444444",Przejście dla pieszych,Dobre warunki atmosferyczne,Światło dzienne,Zderzenie pojazdów boczne,1,0,1,Lekko,N,,,,,,,,,,,,,,,,,,
EWK-98197042R,2014,2014-04-11,7,POWIAT PŁOCK,PŁOCK - OBSZAR MIEJSKI,Droga powiatowa,P,Dwie jezdnie jednokierunkowe,,Obszar zabudowany,"19,8469444444444","52,6744444444444",Przejście dla pieszych,Dobre warunki atmosferyczne,Światło dzienne,Zderzenie pojazdów boczne,1,0,0,Nieokreślone (puste pole),N,,,,,,,,,,,,,,,,,,
EWK-98195005P,2014,2014-04-11,16,POWIAT WĘGROWSKI,STOCZEK - OBSZAR WIEJSKI,Droga powiatowa,36111W,Jednojezdniowa dwukierunkowa,,Obszar niezabudowany,"21,8847222222222","52,6808333333333",Jezdnia,Dobre warunki atmosferyczne,"Zmrok, świt",Zderzenie pojazdów tylne,1,0,5,Lekko,N,,,,,,,,,,,,,,,,,,
EWK-98195005P,2014,2014-04-11,16,POWIAT WĘGROWSKI,STOCZEK - OBSZAR WIEJSKI,Droga powiatowa,36111W,Jednojezdniowa dwukierunkowa,,Obszar niezabudowany,"21,8847222222222","52,6808333333333",Jezdnia,Dobre warunki atmosferyczne,"Zmrok, świt",Zderzenie pojazdów tylne,1,0,0,Nieokreślone (puste pole),N,,,,,,,,,,,,,,,,,,
EWK-98194657R,2014,2014-04-12,20,POWIAT CIECHANOWSKI,GRUDUSK - OBSZAR WIEJSKI,Droga wojewódzka,544,Jednojezdniowa dwukierunkowa,Wzniesienie,Obszar zabudowany,"20,7227777777778","53,0591666666667",Jezdnia,Dobre warunki atmosferyczne,"Zmrok, świt",Najechanie na pieszego,1,1,0,Nieokreślone (puste pole),T,,,,,,,,,,,,,,,,,,
EWK-98197096D,2014,2014-04-12,11,POWIAT OSTROŁĘCKI,RZEKUŃ - OBSZAR WIEJSKI,Droga wojewódzka,627,Jednojezdniowa dwukierunkowa,,Obszar zabudowany,"21,7802777777778","53,1063888888889",Jezdnia,Dobre warunki atmosferyczne,Światło dzienne,Najechanie na pieszego,1,0,1,Ciężko,N,,,,,,,,,,,,,,,,,,
EWK-98197096D,2014,2014-04-12,11,POWIAT OSTROŁĘCKI,RZEKUŃ - OBSZAR WIEJSKI,Droga wojewódzka,627,Jednojezdniowa dwukierunkowa,,Obszar zabudowany,"21,7802777777778","53,1063888888889",Jezdnia,Dobre warunki atmosferyczne,Światło dzienne,Najechanie na pieszego,1,0,0,Nieokreślone (puste pole),N,,,,,,,,,,,,,,,,,,
EWK-98195555E,2014,2014-04-12,13,POWIAT PŁOCKI,STAROŹREBY - OBSZAR WIEJSKI,Droga powiatowa,P,Jednojezdniowa dwukierunkowa,,Obszar zabudowany,"20,1227777777778","52,6241666666667","Skarpa, rów",Dobre warunki atmosferyczne,Światło dzienne,Wywrócenie się pojazdu,1,0,1,Lekko,N,,,,,,,,,,,,,,,,,,
EWK-98197502N,2014,2014-04-12,10,POWIAT ŻYRARDOWSKI,ŻYRARDÓW - OBSZAR MIEJSKI,Droga gminna,GMINNA,Jednojezdniowa dwukierunkowa,,Obszar zabudowany,"20,4727777777778","52,0969444444444",Jezdnia,Dobre warunki atmosferyczne,Światło dzienne,Zderzenie pojazdów boczne,1,0,1,Lekko,N,,,,,,,,,,,,,,,,,,
EWK-98197502N,2014,2014-04-12,10,POWIAT ŻYRARDOWSKI,ŻYRARDÓW - OBSZAR MIEJSKI,Droga gminna,GMINNA,Jednojezdniowa dwukierunkowa,,Obszar zabudowany,"20,4727777777778","52,0969444444444",Jezdnia,Dobre warunki atmosferyczne,Światło dzienne,Zderzenie pojazdów boczne,1,0,0,Nieokreślone (puste pole),N,,,,,,,,,,,,,,,,,,
EWK-98197785M,2014,2014-04-12,7,POWIAT BIAŁOBRZESKI,BIAŁOBRZEGI - OBSZAR MIEJSKI,Droga powiatowa,P1121W,Jednojezdniowa dwukierunkowa,,Obszar zabudowany,"20,9772222222222","51,7755555555556",Jezdnia,Dobre warunki atmosferyczne,Światło dzienne,Zderzenie pojazdów boczne,1,0,2,Lekko,N,,,,,,,,,,,,,,,,,,
EWK-98197785M,2014,2014-04-12,7,POWIAT BIAŁOBRZESKI,BIAŁOBRZEGI - OBSZAR MIEJSKI,Droga powiatowa,P1121W,Jednojezdniowa dwukierunkowa,,Obszar zabudowany,"20,9772222222222","51,7755555555556",Jezdnia,Dobre warunki atmosferyczne,Światło dzienne,Zderzenie pojazdów boczne,1,0,0,Nieokreślone (puste pole),N,,,,,,,,,,,,,,,,,,
EWK-98196891X,2014,2014-04-12,12,POWIAT RADOM,RADOM - OBSZAR MIEJSKI,Droga powiatowa,P5347W,Jednojezdniowa dwukierunkowa,Odcinek prosty,Obszar zabudowany,"21,2041666666667","51,4663888888889",Jezdnia,Dobre warunki atmosferyczne,Światło dzienne,Zderzenie pojazdów tylne,1,0,2,Lekko,N,,,,,,,,,,,,,,,,,,
EWK-98196891X,2014,2014-04-12,12,POWIAT RADOM,RADOM - OBSZAR MIEJSKI,Droga powiatowa,P5347W,Jednojezdniowa dwukierunkowa,Odcinek prosty,Obszar zabudowany,"21,2041666666667","51,4663888888889",Jezdnia,Dobre warunki atmosferyczne,Światło dzienne,Zderzenie pojazdów tylne,1,0,0,Nieokreślone (puste pole),N,,,,,,,,,,,,,,,,,,
EWK-98200131L,2014,2014-04-13,18,POWIAT KOZIENICKI,MAGNUSZEW - OBSZAR WIEJSKI,Droga krajowa,79,Jednojezdniowa dwukierunkowa,,Obszar niezabudowany,"21,3963888888889","51,9558333333333",Jezdnia,Dobre warunki atmosferyczne,Światło dzienne,Zderzenie pojazdów boczne,1,0,1,Lekko,N,,,,,,,,,,,,,,,,,,
EWK-98200131L,2014,2014-04-13,18,POWIAT KOZIENICKI,MAGNUSZEW - OBSZAR WIEJSKI,Droga krajowa,79,Jednojezdniowa dwukierunkowa,,Obszar niezabudowany,"21,3963888888889","51,9558333333333",Jezdnia,Dobre warunki atmosferyczne,Światło dzienne,Zderzenie pojazdów boczne,1,0,0,Nieokreślone (puste pole),N,,,,,,,,,,,,,,,,,,
EWK-98201117H,2014,2014-04-13,12,POWIAT GARWOLIŃSKI,TROJANÓW - OBSZAR WIEJSKI,Droga krajowa,17,Jednojezdniowa dwukierunkowa,Odcinek prosty,Obszar niezabudowany,"21,85","51,8502777777778",Jezdnia,Dobre warunki atmosferyczne,Światło dzienne,Zderzenie pojazdów czołowe,1,0,1,Ciężko,N,,,,,,,,,,,,,,,,,,
EWK-98201117H,2014,2014-04-13,12,POWIAT GARWOLIŃSKI,TROJANÓW - OBSZAR WIEJSKI,Droga krajowa,17,Jednojezdniowa dwukierunkowa,Odcinek prosty,Obszar niezabudowany,"21,85","51,8502777777778",Jezdnia,Dobre warunki atmosferyczne,Światło dzienne,Zderzenie pojazdów czołowe,1,0,1,Lekko,N,,,,,,,,,,,,,,,,,,
EWK-98201117H,2014,2014-04-13,12,POWIAT GARWOLIŃSKI,TROJANÓW - OBSZAR WIEJSKI,Droga krajowa,17,Jednojezdniowa dwukierunkowa,Odcinek prosty,Obszar niezabudowany,"21,85","51,8502777777778",Jezdnia,Dobre warunki atmosferyczne,Światło dzienne,Zderzenie pojazdów czołowe,1,2,0,Nieokreślone (puste pole),N,,,,,,,,,,,,,,,,,,
EWK-98197861K,2014,2014-04-14,7,POWIAT PRZYSUSKI,BORKOWICE - OBSZAR WIEJSKI,Droga wojewódzka,727,Jednojezdniowa dwukierunkowa,"Zakręt, łuk",Obszar zabudowany,"20,7522222222222","51,3838888888889","Skarpa, rów",Opady deszczu,Światło dzienne,Wywrócenie się pojazdu,1,0,1,Ciężko,N,,,,,,,,,,,,,,,,,,
EWK-98197746H,2014,2014-04-14,13,POWIAT GOSTYNIŃSKI,GOSTYNIN - OBSZAR MIEJSKI,Droga powiatowa,P1462W,Jednojezdniowa dwukierunkowa,Odcinek prosty,Obszar zabudowany,"19,5830555555556","52,5147222222222","Chodnik, droga dla pieszych",Pochmurno,Światło dzienne,Najechanie na pieszego,1,0,1,Lekko,N,,,,,,,,,,,,,,,,,,
EWK-98197746H,2014,2014-04-14,13,POWIAT GOSTYNIŃSKI,GOSTYNIN - OBSZAR MIEJSKI,Droga powiatowa,P1462W,Jednojezdniowa dwukierunkowa,Odcinek prosty,Obszar zabudowany,"19,5830555555556","52,5147222222222","Chodnik, droga dla pieszych",Pochmurno,Światło dzienne,Najechanie na pieszego,1,0,0,Nieokreślone (puste pole),N,,,,,,,,,,,,,,,,,,
EWK-98197585M,2014,2014-04-14,13,POWIAT RADOM,RADOM - OBSZAR MIEJSKI,Droga wojewódzka,744,Jednojezdniowa dwukierunkowa,,Obszar zabudowany,"21,2533333333333","51,3883333333333",Jezdnia,Pochmurno,Światło dzienne,Zderzenie pojazdów tylne,1,0,3,Lekko,N,,,,,,,,,,,,,,,,,,
EWK-98197585M,2014,2014-04-14,13,POWIAT RADOM,RADOM - OBSZAR MIEJSKI,Droga wojewódzka,744,Jednojezdniowa dwukierunkowa,,Obszar zabudowany,"21,2533333333333","51,3883333333333",Jezdnia,Pochmurno,Światło dzienne,Zderzenie pojazdów tylne,1,0,0,Nieokreślone (puste pole),N,,,,,,,,,,,,,,,,,,
EWK-98199675C,2014,2014-04-15,16,POWIAT WĘGROWSKI,LIW - OBSZAR WIEJSKI,Droga krajowa,62,Jednojezdniowa dwukierunkowa,Odcinek prosty,Obszar zabudowany,"22,0625","52,5394444444444",Jezdnia,Dobre warunki atmosferyczne,Światło dzienne,Zderzenie pojazdów tylne,1,0,1,Ciężko,N,,,,,,,,,,,,,,,,,,
EWK-98199675C,2014,2014-04-15,16,POWIAT WĘGROWSKI,LIW - OBSZAR WIEJSKI,Droga krajowa,62,Jednojezdniowa dwukierunkowa,Odcinek prosty,Obszar zabudowany,"22,0625","52,5394444444444",Jezdnia,Dobre warunki atmosferyczne,Światło dzienne,Zderzenie pojazdów tylne,1,0,0,Nieokreślone (puste pole),N,,,,,,,,,,,,,,,,,,
EWK-98201866G,2014,2014-04-16,14,POWIAT RADOM,RADOM - OBSZAR MIEJSKI,Droga krajowa,12,Dwie jezdnie jednokierunkowe,Odcinek prosty,Obszar zabudowany,"21,1994444444444","51,5122222222222",Przejście dla pieszych,Dobre warunki atmosferyczne,Światło dzienne,Najechanie na pieszego,1,0,1,Lekko,N,,,,,,,,,,,,,,,,,,
EWK-98201866G,2014,2014-04-16,14,POWIAT RADOM,RADOM - OBSZAR MIEJSKI,Droga krajowa,12,Dwie jezdnie jednokierunkowe,Odcinek prosty,Obszar zabudowany,"21,1994444444444","51,5122222222222",Przejście dla pieszych,Dobre warunki atmosferyczne,Światło dzienne,Najechanie na pieszego,1,0,0,Nieokreślone (puste pole),N,,,,,,,,,,,,,,,,,,
EWK-98202132K,2014,2014-04-16,14,POWIAT OSTROŁĘCKI,GOWOROWO - OBSZAR WIEJSKI,Droga krajowa,60,Jednojezdniowa dwukierunkowa,Odcinek prosty,Obszar niezabudowany,"21,6325","52,8761111111111",Jezdnia,Dobre warunki atmosferyczne,Światło dzienne,Zderzenie pojazdów czołowe,1,0,1,Ciężko,N,,,,,,,,,,,,,,,,,,
EWK-98202132K,2014,2014-04-16,14,POWIAT OSTROŁĘCKI,GOWOROWO - OBSZAR WIEJSKI,Droga krajowa,60,Jednojezdniowa dwukierunkowa,Odcinek prosty,Obszar niezabudowany,"21,6325","52,8761111111111",Jezdnia,Dobre warunki atmosferyczne,Światło dzienne,Zderzenie pojazdów czołowe,1,0,1,Lekko,N,,,,,,,,,,,,,,,,,,
EWK-98217482J,2014,2014-04-16,16,POWIAT GARWOLIŃSKI,WILGA - OBSZAR WIEJSKI,Droga wojewódzka,801,Jednojezdniowa dwukierunkowa,,Obszar niezabudowany,"21,3911111111111","51,9163888888889",Jezdnia,Dobre warunki atmosferyczne,Światło dzienne,Zderzenie pojazdów czołowe,1,0,4,Lekko,N,,,,,,,,,,,,,,,,,,
EWK-98199112L,2014,2014-04-16,3,POWIAT GRÓJECKI,GRÓJEC - OBSZAR WIEJSKI,Droga krajowa,50,Jednojezdniowa dwukierunkowa,Odcinek prosty,Obszar zabudowany,"20,8177777777778","52,0213888888889",Jezdnia,Dobre warunki atmosferyczne,Noc - droga nieoświetlona,Zderzenie pojazdów tylne,1,0,1,Lekko,N,,,,,,,,,,,,,,,,,,
EWK-98199112L,2014,2014-04-16,3,POWIAT GRÓJECKI,GRÓJEC - OBSZAR WIEJSKI,Droga krajowa,50,Jednojezdniowa dwukierunkowa,Odcinek prosty,Obszar zabudowany,"20,8177777777778","52,0213888888889",Jezdnia,Dobre warunki atmosferyczne,Noc - droga nieoświetlona,Zderzenie pojazdów tylne,1,0,0,Nieokreślone (puste pole),N,,,,,,,,,,,,,,,,,,
EWK-98200136G,2014,2014-04-16,15,POWIAT PŁOCKI,DROBIN - OBSZAR WIEJSKI,Droga krajowa,60,Jednojezdniowa dwukierunkowa,Odcinek prosty,Obszar niezabudowany,"20,0302777777778","52,7827777777778","Wjazd, wyjazd z posesji, pola",Dobre warunki atmosferyczne,Światło dzienne,Zderzenie pojazdów tylne,1,0,3,Ciężko,N,,,,,,,,,,,,,,,,,,
EWK-98200136G,2014,2014-04-16,15,POWIAT PŁOCKI,DROBIN - OBSZAR WIEJSKI,Droga krajowa,60,Jednojezdniowa dwukierunkowa,Odcinek prosty,Obszar niezabudowany,"20,0302777777778","52,7827777777778","Wjazd, wyjazd z posesji, pola",Dobre warunki atmosferyczne,Światło dzienne,Zderzenie pojazdów tylne,1,0,0,Nieokreślone (puste pole),N,,,,,,,,,,,,,,,,,,