IDKSIP,year,date,hour,district,district_commune,road_category,road_number,type_of_road,road_geometry,area,Longitude,Latitude,char_place_of_the_event,weather_conditions,lighting,type_of_accident,num_of_accidents,num_of_fatalities,num_of_injured,type_of_injury,is_offender_intoxicated,,,,,,,,,,,,,,,,,,
EWK-98202525N,2014,2014-04-17,12,POWIAT ZWOLEŃSKI,POLICZNA - OBSZAR WIEJSKI,Nieokreślone (puste pole),,Jednojezdniowa dwukierunkowa,Odcinek prosty,Obszar zabudowany,"21,7302777777778","51,4938888888889",Pobocze,Dobre warunki atmosferyczne,Światło dzienne,Najechanie na drzewo,1,0,2,Lekko,N,,,,,,,,,,,,,,,,,,
EWK-98201459Q,2014,2014-04-17,19,POWIAT PRZYSUSKI,KLWÓW - OBSZAR WIEJSKI,Droga krajowa,48,Jednojezdniowa dwukierunkowa,,Obszar zabudowany,"20,6816666666667","51,5455555555556",Jezdnia,Dobre warunki atmosferyczne,Światło dzienne,Zderzenie pojazdów boczne,1,0,1,Lekko,N,,,,,,,,,,,,,,,,,,
EWK-98201459Q,2014,2014-04-17,19,POWIAT PRZYSUSKI,KLWÓW - OBSZAR WIEJSKI,Droga krajowa,48,Jednojezdniowa dwukierunkowa,,Obszar zabudowany,"20,6816666666667","51,5455555555556",Jezdnia,Dobre warunki atmosferyczne,Światło dzienne,Zderzenie pojazdów boczne,1,0,0,Nieokreślone (puste pole),N,,,,,,,,,,,,,,,,,,
EWK-98202339L,2014,2014-04-17,19,POWIAT OSTROWSKI,MAŁKINIA GÓRNA - OBSZAR WIEJSKI,Droga gminna,GMINNA,Jednojezdniowa dwukierunkowa,,Obszar zabudowany,"22,1963888888889","52,7855555555556",Jezdnia,Dobre warunki atmosferyczne,Światło dzienne,Zderzenie pojazdów boczne,1,0,1,Lekko,N,,,,,,,,,,,,,,,,,,
EWK-98202339L,2014,2014-04-17,19,POWIAT OSTROWSKI,MAŁKINIA GÓRNA - OBSZAR WIEJSKI,Droga gminna,GMINNA,Jednojezdniowa dwukierunkowa,,Obszar zabudowany,"22,1963888888889","52,7855555555556",Jezdnia,Dobre warunki atmosferyczne,Światło dzienne,Zderzenie pojazdów boczne,1,0,0,Nieokreślone (puste pole),N,,,,,,,,,,,,,,,,,,
EWK-98212892Y,2014,2014-04-17,18,POWIAT WYSZKOWSKI,WYSZKÓW - OBSZAR MIEJSKI,Droga gminna,G440557W,Jednojezdniowa dwukierunkowa,Odcinek prosty,Obszar zabudowany,"21,5030555555556","52,6505555555556",Jezdnia,Dobre warunki atmosferyczne,Światło dzienne,Zderzenie pojazdów boczne,1,0,1,Ciężko,N,,,,,,,,,,,,,,,,,,
EWK-98212892Y,2014,2014-04-17,18,POWIAT WYSZKOWSKI,WYSZKÓW - OBSZAR MIEJSKI,Droga gminna,G440557W,Jednojezdniowa dwukierunkowa,Odcinek prosty,Obszar zabudowany,"21,5030555555556","52,6505555555556",Jezdnia,Dobre warunki atmosferyczne,Światło dzienne,Zderzenie pojazdów boczne,1,0,0,Nieokreślone (puste pole),N,,,,,,,,,,,,,,,,,,
EWK-98201361A,2014,2014-04-17,18,POWIAT RADOM,RADOM - OBSZAR MIEJSKI,Droga powiatowa,P5305W,Dwie jezdnie jednokierunkowe,Odcinek prosty,Obszar zabudowany,"21,2852777777778","51,5352777777778",Jezdnia,Dobre warunki atmosferyczne,Światło dzienne,Zderzenie pojazdów tylne,1,0,1,Lekko,N,,,,,,,,,,,,,,,,,,
EWK-98201361A,2014,2014-04-17,18,POWIAT RADOM,RADOM - OBSZAR MIEJSKI,Droga powiatowa,P5305W,Dwie jezdnie jednokierunkowe,Odcinek prosty,Obszar zabudowany,"21,2852777777778","51,5352777777778",Jezdnia,Dobre warunki atmosferyczne,Światło dzienne,Zderzenie pojazdów tylne,1,0,0,Nieokreślone (puste pole),N,,,,,,,,,,,,,,,,,,
EWK-98201379P,2014,2014-04-17,10,POWIAT RADOM,RADOM - OBSZAR MIEJSKI,Droga powiatowa,P5347W,Jednojezdniowa dwukierunkowa,Odcinek prosty,Obszar zabudowany,"21,1675","51,4447222222222",Jezdnia,Dobre warunki atmosferyczne,Światło dzienne,Zderzenie pojazdów tylne,1,0,1,Lekko,N,,,,,,,,,,,,,,,,,,
EWK-98201379P,2014,2014-04-17,10,POWIAT RADOM,RADOM - OBSZAR MIEJSKI,Droga powiatowa,P5347W,Jednojezdniowa dwukierunkowa,Odcinek prosty,Obszar zabudowany,"21,1675","51,4447222222222",Jezdnia,Dobre warunki atmosferyczne,Światło dzienne,Zderzenie pojazdów tylne,1,0,0,Nieokreślone (puste pole),N,,,,,,,,,,,,,,,,,,
EWK-98202128F,2014,2014-04-17,7,POWIAT PŁOCKI,STARA BIAŁA - OBSZAR WIEJSKI,Droga powiatowa,5201W,Jednojezdniowa dwukierunkowa,Odcinek prosty,Obszar niezabudowany,"19,7511111111111","52,6155555555556",Jezdnia,Dobre warunki atmosferyczne,Światło dzienne,Zderzenie pojazdów tylne,1,0,1,Lekko,N,,,,,,,,,,,,,,,,,,
EWK-98202128F,2014,2014-04-17,7,POWIAT PŁOCKI,STARA BIAŁA - OBSZAR WIEJSKI,Droga powiatowa,5201W,Jednojezdniowa dwukierunkowa,Odcinek prosty,Obszar niezabudowany,"19,7511111111111","52,6155555555556",Jezdnia,Dobre warunki atmosferyczne,Światło dzienne,Zderzenie pojazdów tylne,1,0,0,Nieokreślone (puste pole),N,,,,,,,,,,,,,,,,,,
EWK-98202556Y,2014,2014-04-17,10,POWIAT ZWOLEŃSKI,ZWOLEŃ - OBSZAR MIEJSKI,Droga krajowa,79,Jednojezdniowa dwukierunkowa,Odcinek prosty,Obszar niezabudowany,"21,6602777777778","51,3566666666667",Jezdnia,Dobre warunki atmosferyczne,Światło dzienne,Zderzenie pojazdów tylne,1,0,1,Lekko,N,,,,,,,,,,,,,,,,,,
EWK-98202556Y,2014,2014-04-17,10,POWIAT ZWOLEŃSKI,ZWOLEŃ - OBSZAR MIEJSKI,Droga krajowa,79,Jednojezdniowa dwukierunkowa,Odcinek prosty,Obszar niezabudowany,"21,6602777777778","51,3566666666667",Jezdnia,Dobre warunki atmosferyczne,Światło dzienne,Zderzenie pojazdów tylne,1,0,0,Nieokreślone (puste pole),N,,,,,,,,,,,,,,,,,,
EWK-98209299L,2014,2014-04-18,0,POWIAT WYSZKOWSKI,BRAŃSZCZYK - OBSZAR WIEJSKI,Droga gminna,G440124W,Jednojezdniowa dwukierunkowa,Odcinek prosty,Obszar zabudowany,"21,6930555555556","52,7441666666667",Pobocze,Dobre warunki atmosferyczne,Noc - droga oświetlona,Najechanie na drzewo,1,0,1,Ciężko,T,,,,,,,,,,,,,,,,,,
EWK-98201577E,2014,2014-04-18,10,POWIAT KOZIENICKI,KOZIENICE - OBSZAR WIEJSKI,Droga krajowa,48,Jednojezdniowa dwukierunkowa,Odcinek prosty,Obszar niezabudowany,"21,4875","51,7455555555556","Skarpa, rów",Dobre warunki atmosferyczne,Światło dzienne,Najechanie na drzewo,1,1,0,Nieokreślone (puste pole),T,,,,,,,,,,,,,,,,,,
EWK-98204512F,2014,2014-04-18,12,POWIAT ZWOLEŃSKI,ZWOLEŃ - OBSZAR MIEJSKI,Nieokreślone (puste pole),,Jednokierunkowa,,Obszar zabudowany,"21,6661111111111","51,3663888888889",Jezdnia,Dobre warunki atmosferyczne,Światło dzienne,Najechanie na pieszego,1,0,1,Lekko,N,,,,,,,,,,,,,,,,,,
EWK-98204512F,2014,2014-04-18,12,POWIAT ZWOLEŃSKI,ZWOLEŃ - OBSZAR MIEJSKI,Nieokreślone (puste pole),,Jednokierunkowa,,Obszar zabudowany,"21,6661111111111","51,3663888888889",Jezdnia,Dobre warunki atmosferyczne,Światło dzienne,Najechanie na pieszego,1,0,0,Nieokreślone (puste pole),N,,,,,,,,,,,,,,,,,,
EWK-98205750A,2014,2014-04-18,13,POWIAT RADOM,RADOM - OBSZAR MIEJSKI,Droga gminna,G530044W,Jednojezdniowa dwukierunkowa,Odcinek prosty,Obszar zabudowany,"21,2330555555556","51,4388888888889",Jezdnia,Dobre warunki atmosferyczne,Światło dzienne,Najechanie na pieszego,1,0,1,Ciężko,N,,,,,,,,,,,,,,,,,,
EWK-98205750A,2014,2014-04-18,13,POWIAT RADOM,RADOM - OBSZAR MIEJSKI,Droga gminna,G530044W,Jednojezdniowa dwukierunkowa,Odcinek prosty,Obszar zabudowany,"21,2330555555556","51,4388888888889",Jezdnia,Dobre warunki atmosferyczne,Światło dzienne,Najechanie na pieszego,1,0,0,Nieokreślone (puste pole),N,,,,,,,,,,,,,,,,,,
EWK-98206442T,2014,2014-04-18,12,POWIAT OSTROWSKI,ZARĘBY KOŚCIELNE - OBSZAR WIEJSKI,Droga powiatowa,P,Jednojezdniowa dwukierunkowa,Odcinek prosty,Obszar zabudowany,"22,1736111111111","52,7816666666667","Skarpa, rów",Dobre warunki atmosferyczne,Światło dzienne,"Najechanie na słup, znak",1,0,1,Ciężko,N,,,,,,,,,,,,,,,,,,
EWK-98203207C,2014,2014-04-18,18,POWIAT OSTROŁĘKA,OSTROŁĘKA - OBSZAR MIEJSKI,Droga gminna,G510085W,Jednojezdniowa dwukierunkowa,Odcinek prosty,Obszar zabudowany,"21,6333333333333","53,1772222222222",Jezdnia,Dobre warunki atmosferyczne,Światło dzienne,Zderzenie pojazdów boczne,1,0,1,Lekko,N,,,,,,,,,,,,,,,,,,
EWK-98203207C,2014,2014-04-18,18,POWIAT OSTROŁĘKA,OSTROŁĘKA - OBSZAR MIEJSKI,Droga gminna,G510085W,Jednojezdniowa dwukierunkowa,Odcinek prosty,Obszar zabudowany,"21,6333333333333","53,1772222222222",Jezdnia,Dobre warunki atmosferyczne,Światło dzienne,Zderzenie pojazdów boczne,1,0,0,Nieokreślone (puste pole),N,,,,,,,,,,,,,,,,,,
EWK-98208809L,2014,2014-04-18,13,POWIAT RADOMSKI,IŁŻA - OBSZAR WIEJSKI,Droga powiatowa,P3553W,Jednojezdniowa dwukierunkowa,Odcinek prosty,Obszar zabudowany,"21,1997222222222","51,145",Jezdnia,Dobre warunki atmosferyczne,Światło dzienne,Zderzenie pojazdów czołowe,1,0,1,Ciężko,N,,,,,,,,,,,,,,,,,,
EWK-98208809L,2014,2014-04-18,13,POWIAT RADOMSKI,IŁŻA - OBSZAR WIEJSKI,Droga powiatowa,P3553W,Jednojezdniowa dwukierunkowa,Odcinek prosty,Obszar zabudowany,"21,1997222222222","51,145",Jezdnia,Dobre warunki atmosferyczne,Światło dzienne,Zderzenie pojazdów czołowe,1,0,0,Nieokreślone (puste pole),N,,,,,,,,,,,,,,,,,,
EWK-98207560G,2014,2014-04-19,18,POWIAT PŁOCKI,SŁUBICE - OBSZAR WIEJSKI,Droga powiatowa,P6915W,Jednojezdniowa dwukierunkowa,Odcinek prosty,Obszar niezabudowany,"19,9858333333333","52,4988888888889",Jezdnia,Dobre warunki atmosferyczne,Światło dzienne,Najechanie na drzewo,1,0,1,Lekko,T,,,,,,,,,,,,,,,,,,
EWK-98207560G,2014,2014-04-19,18,POWIAT PŁOCKI,SŁUBICE - OBSZAR WIEJSKI,Droga powiatowa,P6915W,Jednojezdniowa dwukierunkowa,Odcinek prosty,Obszar niezabudowany,"19,9858333333333","52,4988888888889",Jezdnia,Dobre warunki atmosferyczne,Światło dzienne,Najechanie na drzewo,1,0,0,Nieokreślone (puste pole),T,,,,,,,,,,,,,,,,,,
EWK-98206271Y,2014,2014-04-19,22,POWIAT CIECHANOWSKI,OPINOGÓRA GÓRNA - OBSZAR WIEJSKI,Droga wojewódzka,617,Jednojezdniowa dwukierunkowa,Odcinek prosty,Obszar niezabudowany,"20,7647222222222","52,9694444444445",Jezdnia,Dobre warunki atmosferyczne,Noc - droga nieoświetlona,Najechanie na pieszego,1,0,1,Ciężko,N,,,,,,,,,,,,,,,,,,
EWK-98206271Y,2014,2014-04-19,22,POWIAT CIECHANOWSKI,OPINOGÓRA GÓRNA - OBSZAR WIEJSKI,Droga wojewódzka,617,Jednojezdniowa dwukierunkowa,Odcinek prosty,Obszar niezabudowany,"20,7647222222222","52,9694444444445",Jezdnia,Dobre warunki atmosferyczne,Noc - droga nieoświetlona,Najechanie na pieszego,1,0,0,Nieokreślone (puste pole),N,,,,,,,,,,,,,,,,,,
EWK-98207387K,2014,2014-04-19,12,POWIAT MAKOWSKI,SZELKÓW - OBSZAR WIEJSKI,Droga krajowa,60,Jednojezdniowa dwukierunkowa,Odcinek prosty,Obszar niezabudowany,"21,2769444444444","53,0155555555556",Jezdnia,Dobre warunki atmosferyczne,Światło dzienne,Zderzenie pojazdów tylne,1,0,2,Lekko,N,,,,,,,,,,,,,,,,,,
EWK-98207387K,2014,2014-04-19,12,POWIAT MAKOWSKI,SZELKÓW - OBSZAR WIEJSKI,Droga krajowa,60,Jednojezdniowa dwukierunkowa,Odcinek prosty,Obszar niezabudowany,"21,2769444444444","53,0155555555556",Jezdnia,Dobre warunki atmosferyczne,Światło dzienne,Zderzenie pojazdów tylne,1,0,0,Nieokreślone (puste pole),N,,,,,,,,,,,,,,,,,,
EWK-98206606D,2014,2014-04-19,17,POWIAT KOZIENICKI,KOZIENICE - OBSZAR WIEJSKI,Droga krajowa,48,Jednojezdniowa dwukierunkowa,"Zakręt, łuk",Obszar niezabudowany,"21,6444444444444","51,6886111111111",Pobocze,Opady deszczu,Światło dzienne,Wywrócenie się pojazdu,1,0,1,Ciężko,N,,,,,,,,,,,,,,,,,,
EWK-98203587Y,2014,2014-04-19,22,POWIAT SZYDŁOWIECKI,MIRÓW - OBSZAR WIEJSKI,Droga gminna,G400302W,Jednojezdniowa dwukierunkowa,Odcinek prosty,Obszar zabudowany,"21,1358333333333","51,3172222222222",Jezdnia,Pochmurno,Noc - droga oświetlona,Najechanie na pieszego,1,1,0,Nieokreślone (puste pole),T,,,,,,,,,,,,,,,,,,
EWK-98204829C,2014,2014-04-20,0,POWIAT GRÓJECKI,GRÓJEC - OBSZAR MIEJSKI,Droga powiatowa,P,Jednojezdniowa dwukierunkowa,,Obszar zabudowany,"20,8872222222222","51,9502777777778",Jezdnia,Dobre warunki atmosferyczne,Światło dzienne,Zderzenie pojazdów czołowe,1,0,2,Lekko,N,,,,,,,,,,,,,,,,,,
EWK-98204829C,2014,2014-04-20,0,POWIAT GRÓJECKI,GRÓJEC - OBSZAR MIEJSKI,Droga powiatowa,P,Jednojezdniowa dwukierunkowa,,Obszar zabudowany,"20,8872222222222","51,9502777777778",Jezdnia,Dobre warunki atmosferyczne,Światło dzienne,Zderzenie pojazdów czołowe,1,0,0,Nieokreślone (puste pole),N,,,,,,,,,,,,,,,,,,
EWK-98204708T,2014,2014-04-20,18,POWIAT ŁOSICKI,ŁOSICE - OBSZAR WIEJSKI,Droga krajowa,19,Jednojezdniowa dwukierunkowa,Odcinek prosty,Obszar niezabudowany,"22,8452777777778","52,3652777777778",Jezdnia,Opady deszczu,Światło dzienne,Zderzenie pojazdów czołowe,1,0,1,Ciężko,N,,,,,,,,,,,,,,,,,,
EWK-98204708T,2014,2014-04-20,18,POWIAT ŁOSICKI,ŁOSICE - OBSZAR WIEJSKI,Droga krajowa,19,Jednojezdniowa dwukierunkowa,Odcinek prosty,Obszar niezabudowany,"22,8452777777778","52,3652777777778",Jezdnia,Opady deszczu,Światło dzienne,Zderzenie pojazdów czołowe,1,0,0,Nieokreślone (puste pole),N,,,,,,,,,,,,,,,,,,
EWK-98205708L,2014,2014-04-20,13,POWIAT RADOMSKI,KOWALA - OBSZAR WIEJSKI,Droga wojewódzka,744,Jednojezdniowa dwukierunkowa,Odcinek prosty,Obszar zabudowany,"21,2261111111111","51,3655555555556",Jezdnia,Pochmurno,Światło dzienne,Inne,1,0,3,Lekko,N,,,,,,,,,,,,,,,,,,
EWK-98209419T,2014,2014-04-21,16,POWIAT KOZIENICKI,GŁOWACZÓW - OBSZAR WIEJSKI,Droga krajowa,48,Jednojezdniowa dwukierunkowa,Odcinek prosty,Obszar zabudowany,"21,2833333333333","51,7472222222222","Skarpa, rów",Dobre warunki atmosferyczne,Światło dzienne,Najechanie na drzewo,1,0,1,Lekko,N,,,,,,,,,,,,,,,,,,
EWK-98209419T,2014,2014-04-21,16,POWIAT KOZIENICKI,GŁOWACZÓW - OBSZAR WIEJSKI,Droga krajowa,48,Jednojezdniowa dwukierunkowa,Odcinek prosty,Obszar zabudowany,"21,2833333333333","51,7472222222222","Skarpa, rów",Dobre warunki atmosferyczne,Światło dzienne,Najechanie na drzewo,1,0,0,Nieokreślone (puste pole),N,,,,,,,,,,,,,,,,,,
EWK-98204451F,2014,2014-04-21,21,POWIAT ZWOLEŃSKI,POLICZNA - OBSZAR WIEJSKI,Droga krajowa,79,Jednojezdniowa dwukierunkowa,Odcinek prosty,Obszar niezabudowany,"21,6872222222222","51,52",Jezdnia,Dobre warunki atmosferyczne,Noc - droga nieoświetlona,Najechanie na pieszego,1,1,0,Nieokreślone (puste pole),N,,,,,,,,,,,,,,,,,,
EWK-98204489L,2014,2014-04-21,20,POWIAT ZWOLEŃSKI,ZWOLEŃ - OBSZAR MIEJSKI,Droga krajowa,12,Jednojezdniowa dwukierunkowa,Odcinek prosty,Obszar zabudowany,"21,6886111111111","51,4263888888889",Przejście dla pieszych,Dobre warunki atmosferyczne,Noc - droga oświetlona,Najechanie na pieszego,1,0,1,Ciężko,N,,,,,,,,,,,,,,,,,,
EWK-98204489L,2014,2014-04-21,20,POWIAT ZWOLEŃSKI,ZWOLEŃ - OBSZAR MIEJSKI,Droga krajowa,12,Jednojezdniowa dwukierunkowa,Odcinek prosty,Obszar zabudowany,"21,6886111111111","51,4263888888889",Przejście dla pieszych,Dobre warunki atmosferyczne,Noc - droga oświetlona,Najechanie na pieszego,1,0,0,Nieokreślone (puste pole),N,,,,,,,,,,,,,,,,,,
EWK-98204876E,2014,2014-04-21,3,POWIAT MŁAWSKI,MŁAWA - OBSZAR MIEJSKI,Droga krajowa,7,Jednojezdniowa dwukierunkowa,,Obszar niezabudowany,"20,4875","53,2383333333333",Jezdnia,Dobre warunki atmosferyczne,Noc - droga oświetlona,Wywrócenie się pojazdu,1,0,1,Lekko,T,,,,,,,,,,,,,,,,,,
EWK-98204876E,2014,2014-04-21,3,POWIAT MŁAWSKI,MŁAWA - OBSZAR MIEJSKI,Droga krajowa,7,Jednojezdniowa dwukierunkowa,,Obszar niezabudowany,"20,4875","53,2383333333333",Jezdnia,Dobre warunki atmosferyczne,Noc - droga oświetlona,Wywrócenie się pojazdu,1,0,0,Nieokreślone (puste pole),T,,,,,,,,,,,,,,,,,,
EWK-98203970T,2014,2014-04-21,14,POWIAT PŁOCKI,BRUDZEŃ DUŻY - OBSZAR WIEJSKI,Droga wojewódzka,559,Jednojezdniowa dwukierunkowa,Odcinek prosty,Obszar niezabudowany,"19,6075","52,6747222222222",Jezdnia,Dobre warunki atmosferyczne,Światło dzienne,Wywrócenie się pojazdu,1,0,2,Ciężko,N,,,,,,,,,,,,,,,,,,
EWK-98206539H,2014,2014-04-21,18,POWIAT OSTROWSKI,STARY LUBOTYŃ - OBSZAR WIEJSKI,Droga powiatowa,P,Jednojezdniowa dwukierunkowa,"Zakręt, łuk",Obszar zabudowany,"22,0183333333333","52,9669444444444",Jezdnia,Dobre warunki atmosferyczne,Światło dzienne,Wywrócenie się pojazdu,1,0,1,Ciężko,N,,,,,,,,,,,,,,,,,,
EWK-98218051X,2014,2014-04-21,17,POWIAT WYSZKOWSKI,WYSZKÓW - OBSZAR WIEJSKI,Droga powiatowa,P4417W,Jednojezdniowa dwukierunkowa,"Zakręt, łuk",Obszar zabudowany,"21,4955555555556","52,7347222222222",Jezdnia,Dobre warunki atmosferyczne,Światło dzienne,Wywrócenie się pojazdu,1,0,1,Lekko,N,,,,,,,,,,,,,,,,,,
EWK-98205770Y,2014,2014-04-21,14,POWIAT RADOMSKI,JEDLIŃSK - OBSZAR WIEJSKI,Droga powiatowa,34364W,Jednojezdniowa dwukierunkowa,Odcinek prosty,Obszar niezabudowany,"21,0566666666667","51,5522222222222",Jezdnia,Dobre warunki atmosferyczne,Światło dzienne,Zderzenie pojazdów boczne,1,0,1,Ciężko,N,,,,,,,,,,,,,,,,,,
EWK-98205770Y,2014,2014-04-21,14,POWIAT RADOMSKI,JEDLIŃSK - OBSZAR WIEJSKI,Droga powiatowa,34364W,Jednojezdniowa dwukierunkowa,Odcinek prosty,Obszar niezabudowany,"21,0566666666667","51,5522222222222",Jezdnia,Dobre warunki atmosferyczne,Światło dzienne,Zderzenie pojazdów boczne,1,0,0,Nieokreślone (puste pole),N,,,,,,,,,,,,,,,,,,
EWK-98207582H,2014,2014-04-22,8,POWIAT PŁOCK,PŁOCK - OBSZAR MIEJSKI,Droga krajowa,60,Jednojezdniowa dwukierunkowa,Odcinek prosty,Obszar zabudowany,"19,7586111111111","52,5833333333333",Pobocze,Dobre warunki atmosferyczne,Światło dzienne,Najechanie na drzewo,1,0,1,Ciężko,N,,,,,,,,,,,,,,,,,,
EWK-98209437D,2014,2014-04-22,14,POWIAT KOZIENICKI,KOZIENICE - OBSZAR WIEJSKI,Droga gminna,GMINNA,Jednojezdniowa dwukierunkowa,Odcinek prosty,Obszar zabudowany,"21,6077777777778","51,705",Jezdnia,Dobre warunki atmosferyczne,Światło dzienne,Najechanie na pieszego,1,0,1,Ciężko,N,,,,,,,,,,,,,,,,,,
EWK-98209437D,2014,2014-04-22,14,POWIAT KOZIENICKI,KOZIENICE - OBSZAR WIEJSKI,Droga gminna,GMINNA,Jednojezdniowa dwukierunkowa,Odcinek prosty,Obszar zabudowany,"21,6077777777778","51,705",Jezdnia,Dobre warunki atmosferyczne,Światło dzienne,Najechanie na pieszego,1,0,0,Nieokreślone (puste pole),N,,,,,,,,,,,,,,,,,,
EWK-98206884R,2014,2014-04-22,13,POWIAT RADOMSKI,GÓZD - OBSZAR WIEJSKI,Droga powiatowa,34439W,Jednojezdniowa dwukierunkowa,Odcinek prosty,Obszar zabudowany,"21,3858333333333","51,4355555555556",Jezdnia,Dobre warunki atmosferyczne,Światło dzienne,Wywrócenie się pojazdu,1,0,1,Ciężko,T,,,,,,,,,,,,,,,,,,
EWK-98206489L,2014,2014-04-22,12,POWIAT CIECHANOWSKI,GOŁYMIN-OŚRODEK - OBSZAR WIEJSKI,Droga krajowa,60,Jednojezdniowa dwukierunkowa,,Obszar zabudowany,"20,9122222222222","52,8952777777778",Jezdnia,Dobre warunki atmosferyczne,Światło dzienne,Zderzenie pojazdów boczne,1,0,1,Lekko,T,,,,,,,,,,,,,,,,,,
EWK-98206489L,2014,2014-04-22,12,POWIAT CIECHANOWSKI,GOŁYMIN-OŚRODEK - OBSZAR WIEJSKI,Droga krajowa,60,Jednojezdniowa dwukierunkowa,,Obszar zabudowany,"20,9122222222222","52,8952777777778",Jezdnia,Dobre warunki atmosferyczne,Światło dzienne,Zderzenie pojazdów boczne,1,0,0,Nieokreślone (puste pole),T,,,,,,,,,,,,,,,,,,
EWK-98206556C,2014,2014-04-22,9,POWIAT OSTROWSKI,MAŁKINIA GÓRNA - OBSZAR WIEJSKI,Droga wojewódzka,627,Jednojezdniowa dwukierunkowa,,Obszar zabudowany,"22,1019444444444","52,7569444444444",Jezdnia,Dobre warunki atmosferyczne,Światło dzienne,Zderzenie pojazdów boczne,1,0,1,Lekko,N,,,,,,,,,,,,,,,,,,
EWK-98206556C,2014,2014-04-22,9,POWIAT OSTROWSKI,MAŁKINIA GÓRNA - OBSZAR WIEJSKI,Droga wojewódzka,627,Jednojezdniowa dwukierunkowa,,Obszar zabudowany,"22,1019444444444","52,7569444444444",Jezdnia,Dobre warunki atmosferyczne,Światło dzienne,Zderzenie pojazdów boczne,1,0,0,Nieokreślone (puste pole),N,,,,,,,,,,,,,,,,,,
EWK-98213232G,2014,2014-04-22,17,POWIAT ŻYRARDOWSKI,MSZCZONÓW - OBSZAR WIEJSKI,Droga krajowa,K50B,Jednojezdniowa dwukierunkowa,"Zakręt, łuk",Obszar niezabudowany,"20,685","51,9647222222222",Jezdnia,Dobre warunki atmosferyczne,Światło dzienne,Zderzenie pojazdów boczne,1,0,1,Lekko,N,,,,,,,,,,,,,,,,,,
EWK-98213232G,2014,2014-04-22,17,POWIAT ŻYRARDOWSKI,MSZCZONÓW - OBSZAR WIEJSKI,Droga krajowa,K50B,Jednojezdniowa dwukierunkowa,"Zakręt, łuk",Obszar niezabudowany,"20,685","51,9647222222222",Jezdnia,Dobre warunki atmosferyczne,Światło dzienne,Zderzenie pojazdów boczne,1,0,0,Nieokreślone (puste pole),N,,,,,,,,,,,,,,,,,,
EWK-98219126R,2014,2014-04-22,7,POWIAT GARWOLIŃSKI,SOBOLEW - OBSZAR WIEJSKI,Droga wojewódzka,807,Jednojezdniowa dwukierunkowa,,Obszar zabudowany,"21,7986111111111","51,7769444444444",Przejście dla pieszych,Dobre warunki atmosferyczne,Światło dzienne,Zderzenie pojazdów czołowe,1,0,1,Ciężko,N,,,,,,,,,,,,,,,,,,
EWK-98219126R,2014,2014-04-22,7,POWIAT GARWOLIŃSKI,SOBOLEW - OBSZAR WIEJSKI,Droga wojewódzka,807,Jednojezdniowa dwukierunkowa,,Obszar zabudowany,"21,7986111111111","51,7769444444444",Przejście dla pieszych,Dobre warunki atmosferyczne,Światło dzienne,Zderzenie pojazdów czołowe,1,0,0,Nieokreślone (puste pole),N,,,,,,,,,,,,,,,,,,
EWK-98206044L,2014,2014-04-22,15,POWIAT SOCHACZEWSKI,MŁODZIESZYN - OBSZAR WIEJSKI,Droga krajowa,50,Jednojezdniowa dwukierunkowa,Odcinek prosty,Obszar niezabudowany,"20,3133333333333","52,2683333333333",Jezdnia,Pochmurno,Światło dzienne,Zderzenie pojazdów czołowe,1,0,1,Lekko,N,,,,,,,,,,,,,,,,,,
EWK-98206044L,2014,2014-04-22,15,POWIAT SOCHACZEWSKI,MŁODZIESZYN - OBSZAR WIEJSKI,Droga krajowa,50,Jednojezdniowa dwukierunkowa,Odcinek prosty,Obszar niezabudowany,"20,3133333333333","52,2683333333333",Jezdnia,Pochmurno,Światło dzienne,Zderzenie pojazdów czołowe,1,0,0,Nieokreślone (puste pole),N,,,,,,,,,,,,,,,,,,
EWK-98219138G,2014,2014-04-23,13,POWIAT GARWOLIŃSKI,SOBOLEW - OBSZAR WIEJSKI,Droga krajowa,17,Jednojezdniowa dwukierunkowa,Odcinek prosty,Obszar niezabudowany,"21,7872222222222","51,8819444444444","Skarpa, rów",Dobre warunki atmosferyczne,Światło dzienne,Najechanie na drzewo,1,0,2,Lekko,N,,,,,,,,,,,,,,,,,,
EWK-98219138G,2014,2014-04-23,13,POWIAT GARWOLIŃSKI,SOBOLEW - OBSZAR WIEJSKI,Droga krajowa,17,Jednojezdniowa dwukierunkowa,Odcinek prosty,Obszar niezabudowany,"21,7872222222222","51,8819444444444","Skarpa, rów",Dobre warunki atmosferyczne,Światło dzienne,Najechanie na drzewo,1,0,0,Nieokreślone (puste pole),N,,,,,,,,,,,,,,,,,,