IDKSIP,year,date,hour,district,district_commune,road_category,road_number,type_of_road,road_geometry,area,Longitude,Latitude,char_place_of_the_event,weather_conditions,lighting,type_of_accident,num_of_accidents,num_of_fatalities,num_of_injured,type_of_injury,is_offender_intoxicated,,,,,,,,,,,,,,,,,,
EWK-98213253M,2014,2014-04-23,20,POWIAT OSTROŁĘKA,OSTROŁĘKA - OBSZAR MIEJSKI,Droga powiatowa,P5101W,Dwie jezdnie jednokierunkowe,Odcinek prosty,Obszar zabudowany,"21,7041666666667","53,1513888888889",Jezdnia,Dobre warunki atmosferyczne,Światło dzienne,"Najechanie na słup, znak",1,0,1,Lekko,N,,,,,,,,,,,,,,,,,,
EWK-98209478R,2014,2014-04-23,13,POWIAT OSTROWSKI,MAŁKINIA GÓRNA - OBSZAR WIEJSKI,Droga wojewódzka,694,Jednojezdniowa dwukierunkowa,Odcinek prosty,Obszar zabudowany,"22,1530555555556","52,7597222222222",Jezdnia,Dobre warunki atmosferyczne,Światło dzienne,Zderzenie pojazdów czołowe,1,0,1,Ciężko,N,,,,,,,,,,,,,,,,,,
EWK-98209478R,2014,2014-04-23,13,POWIAT OSTROWSKI,MAŁKINIA GÓRNA - OBSZAR WIEJSKI,Droga wojewódzka,694,Jednojezdniowa dwukierunkowa,Odcinek prosty,Obszar zabudowany,"22,1530555555556","52,7597222222222",Jezdnia,Dobre warunki atmosferyczne,Światło dzienne,Zderzenie pojazdów czołowe,1,0,0,Nieokreślone (puste pole),N,,,,,,,,,,,,,,,,,,
EWK-98207514D,2014,2014-04-23,16,POWIAT RADOMSKI,ZAKRZEW - OBSZAR WIEJSKI,Droga powiatowa,34405W,Jednojezdniowa dwukierunkowa,Odcinek prosty,Obszar zabudowany,"21,0638888888889","51,5497222222222",Jezdnia,Dobre warunki atmosferyczne,Światło dzienne,Zderzenie pojazdów tylne,1,0,1,Lekko,N,,,,,,,,,,,,,,,,,,
EWK-98207514D,2014,2014-04-23,16,POWIAT RADOMSKI,ZAKRZEW - OBSZAR WIEJSKI,Droga powiatowa,34405W,Jednojezdniowa dwukierunkowa,Odcinek prosty,Obszar zabudowany,"21,0638888888889","51,5497222222222",Jezdnia,Dobre warunki atmosferyczne,Światło dzienne,Zderzenie pojazdów tylne,1,0,0,Nieokreślone (puste pole),N,,,,,,,,,,,,,,,,,,
EWK-98207592R,2014,2014-04-23,8,POWIAT PŁOCK,PŁOCK - OBSZAR MIEJSKI,Droga powiatowa,P,Jednojezdniowa dwukierunkowa,Odcinek prosty,Obszar zabudowany,"19,7972222222222","52,5863888888889",Jezdnia,Dobre warunki atmosferyczne,Światło dzienne,Zderzenie pojazdów tylne,1,0,1,Lekko,N,,,,,,,,,,,,,,,,,,
EWK-98207592R,2014,2014-04-23,8,POWIAT PŁOCK,PŁOCK - OBSZAR MIEJSKI,Droga powiatowa,P,Jednojezdniowa dwukierunkowa,Odcinek prosty,Obszar zabudowany,"19,7972222222222","52,5863888888889",Jezdnia,Dobre warunki atmosferyczne,Światło dzienne,Zderzenie pojazdów tylne,1,0,0,Nieokreślone (puste pole),N,,,,,,,,,,,,,,,,,,
EWK-98209017L,2014,2014-04-23,18,POWIAT ZWOLEŃSKI,PRZYŁĘK - OBSZAR WIEJSKI,Droga powiatowa,P4528W,Jednojezdniowa dwukierunkowa,Odcinek prosty,Obszar zabudowany,"21,7661111111111","51,4011111111111",Jezdnia,Dobre warunki atmosferyczne,Światło dzienne,Zderzenie pojazdów tylne,1,0,1,Ciężko,N,,,,,,,,,,,,,,,,,,
EWK-98209017L,2014,2014-04-23,18,POWIAT ZWOLEŃSKI,PRZYŁĘK - OBSZAR WIEJSKI,Droga powiatowa,P4528W,Jednojezdniowa dwukierunkowa,Odcinek prosty,Obszar zabudowany,"21,7661111111111","51,4011111111111",Jezdnia,Dobre warunki atmosferyczne,Światło dzienne,Zderzenie pojazdów tylne,1,0,0,Nieokreślone (puste pole),N,,,,,,,,,,,,,,,,,,
EWK-98210266U,2014,2014-04-23,9,POWIAT OSTROWSKI,OSTRÓW MAZOWIECKA - OBSZAR MIEJSKI,Droga powiatowa,P,Jednojezdniowa dwukierunkowa,Odcinek prosty,Obszar zabudowany,"21,8855555555556","52,8733333333333",Jezdnia,Dobre warunki atmosferyczne,Światło dzienne,Zderzenie pojazdów tylne,1,0,1,Ciężko,N,,,,,,,,,,,,,,,,,,
EWK-98210266U,2014,2014-04-23,9,POWIAT OSTROWSKI,OSTRÓW MAZOWIECKA - OBSZAR MIEJSKI,Droga powiatowa,P,Jednojezdniowa dwukierunkowa,Odcinek prosty,Obszar zabudowany,"21,8855555555556","52,8733333333333",Jezdnia,Dobre warunki atmosferyczne,Światło dzienne,Zderzenie pojazdów tylne,1,0,0,Nieokreślone (puste pole),N,,,,,,,,,,,,,,,,,,
EWK-98211708U,2014,2014-04-23,20,POWIAT RADOMSKI,IŁŻA - OBSZAR WIEJSKI,Droga krajowa,9,Jednojezdniowa dwukierunkowa,Odcinek prosty,Obszar niezabudowany,"21,3727777777778","51,3386111111111",Jezdnia,Pochmurno,Noc - droga nieoświetlona,Zderzenie pojazdów tylne,1,1,0,Nieokreślone (puste pole),N,,,,,,,,,,,,,,,,,,
EWK-98212169M,2014,2014-04-24,19,POWIAT PRZASNYSKI,PRZASNYSZ - OBSZAR WIEJSKI,Droga wojewódzka,544,Jednojezdniowa dwukierunkowa,Odcinek prosty,Obszar niezabudowany,"21,0713888888889","53,1147222222222",Jezdnia,Dobre warunki atmosferyczne,Światło dzienne,Inne,1,0,1,Lekko,N,,,,,,,,,,,,,,,,,,
EWK-98210815C,2014,2014-04-24,17,POWIAT RADOM,RADOM - OBSZAR MIEJSKI,Droga powiatowa,P5312W,Jednojezdniowa dwukierunkowa,Odcinek prosty,Obszar zabudowany,"21,28","51,4958333333333",Jezdnia,Dobre warunki atmosferyczne,Światło dzienne,Najechanie na pieszego,1,0,1,Lekko,N,,,,,,,,,,,,,,,,,,
EWK-98210815C,2014,2014-04-24,17,POWIAT RADOM,RADOM - OBSZAR MIEJSKI,Droga powiatowa,P5312W,Jednojezdniowa dwukierunkowa,Odcinek prosty,Obszar zabudowany,"21,28","51,4958333333333",Jezdnia,Dobre warunki atmosferyczne,Światło dzienne,Najechanie na pieszego,1,0,0,Nieokreślone (puste pole),N,,,,,,,,,,,,,,,,,,
EWK-98210006M,2014,2014-04-24,7,POWIAT PŁOCK,PŁOCK - OBSZAR MIEJSKI,Droga powiatowa,P,Jednojezdniowa dwukierunkowa,Odcinek prosty,Obszar zabudowany,"19,8280555555556","52,6158333333333","Parking, plac",Dobre warunki atmosferyczne,Światło dzienne,Najechanie na pieszego,1,0,1,Lekko,N,,,,,,,,,,,,,,,,,,
EWK-98210006M,2014,2014-04-24,7,POWIAT PŁOCK,PŁOCK - OBSZAR MIEJSKI,Droga powiatowa,P,Jednojezdniowa dwukierunkowa,Odcinek prosty,Obszar zabudowany,"19,8280555555556","52,6158333333333","Parking, plac",Dobre warunki atmosferyczne,Światło dzienne,Najechanie na pieszego,1,0,0,Nieokreślone (puste pole),N,,,,,,,,,,,,,,,,,,
EWK-98209358G,2014,2014-04-24,14,POWIAT SOCHACZEWSKI,MŁODZIESZYN - OBSZAR WIEJSKI,Droga krajowa,50,Jednojezdniowa dwukierunkowa,Odcinek prosty,Obszar niezabudowany,"20,3163888888889","52,4755555555556",Jezdnia,Dobre warunki atmosferyczne,Światło dzienne,Najechanie na pojazd unieruchomiony,1,0,1,Ciężko,N,,,,,,,,,,,,,,,,,,
EWK-98209358G,2014,2014-04-24,14,POWIAT SOCHACZEWSKI,MŁODZIESZYN - OBSZAR WIEJSKI,Droga krajowa,50,Jednojezdniowa dwukierunkowa,Odcinek prosty,Obszar niezabudowany,"20,3163888888889","52,4755555555556",Jezdnia,Dobre warunki atmosferyczne,Światło dzienne,Najechanie na pojazd unieruchomiony,1,0,1,Lekko,N,,,,,,,,,,,,,,,,,,
EWK-98209358G,2014,2014-04-24,14,POWIAT SOCHACZEWSKI,MŁODZIESZYN - OBSZAR WIEJSKI,Droga krajowa,50,Jednojezdniowa dwukierunkowa,Odcinek prosty,Obszar niezabudowany,"20,3163888888889","52,4755555555556",Jezdnia,Dobre warunki atmosferyczne,Światło dzienne,Najechanie na pojazd unieruchomiony,1,0,0,Nieokreślone (puste pole),N,,,,,,,,,,,,,,,,,,
EWK-98209612Q,2014,2014-04-24,9,POWIAT PŁOŃSKI,SOCHOCIN - OBSZAR WIEJSKI,Droga wojewódzka,W632,Jednojezdniowa dwukierunkowa,"Zakręt, łuk",Obszar niezabudowany,"20,5763888888889","52,7444444444444",Jezdnia,Dobre warunki atmosferyczne,Światło dzienne,Zderzenie pojazdów boczne,1,0,1,Lekko,T,,,,,,,,,,,,,,,,,,
EWK-98209612Q,2014,2014-04-24,9,POWIAT PŁOŃSKI,SOCHOCIN - OBSZAR WIEJSKI,Droga wojewódzka,W632,Jednojezdniowa dwukierunkowa,"Zakręt, łuk",Obszar niezabudowany,"20,5763888888889","52,7444444444444",Jezdnia,Dobre warunki atmosferyczne,Światło dzienne,Zderzenie pojazdów boczne,1,1,0,Nieokreślone (puste pole),T,,,,,,,,,,,,,,,,,,
EWK-98210804K,2014,2014-04-24,11,POWIAT RADOM,RADOM - OBSZAR MIEJSKI,Droga gminna,G530141W,Jednojezdniowa dwukierunkowa,,Obszar zabudowany,"21,2280555555556","51,5205555555556",Jezdnia,Dobre warunki atmosferyczne,Światło dzienne,Zderzenie pojazdów boczne,1,0,1,Lekko,N,,,,,,,,,,,,,,,,,,
EWK-98210804K,2014,2014-04-24,11,POWIAT RADOM,RADOM - OBSZAR MIEJSKI,Droga gminna,G530141W,Jednojezdniowa dwukierunkowa,,Obszar zabudowany,"21,2280555555556","51,5205555555556",Jezdnia,Dobre warunki atmosferyczne,Światło dzienne,Zderzenie pojazdów boczne,1,0,0,Nieokreślone (puste pole),N,,,,,,,,,,,,,,,,,,
EWK-98211102W,2014,2014-04-24,17,POWIAT SIERPECKI,SIERPC - OBSZAR MIEJSKI,Droga wojewódzka,541,Jednojezdniowa dwukierunkowa,Odcinek prosty,Obszar niezabudowany,"19,7722222222222","52,9619444444444",Jezdnia,Dobre warunki atmosferyczne,Światło dzienne,Zderzenie pojazdów boczne,1,0,2,Ciężko,N,,,,,,,,,,,,,,,,,,
EWK-98211436A,2014,2014-04-24,10,POWIAT SIEDLCE,SIEDLCE - OBSZAR MIEJSKI,Droga wojewódzka,W628,Jednojezdniowa dwukierunkowa,,Obszar zabudowany,"22,3669444444444","52,2447222222222",Jezdnia,Dobre warunki atmosferyczne,Światło dzienne,Zderzenie pojazdów boczne,1,0,1,Lekko,N,,,,,,,,,,,,,,,,,,
EWK-98211436A,2014,2014-04-24,10,POWIAT SIEDLCE,SIEDLCE - OBSZAR MIEJSKI,Droga wojewódzka,W628,Jednojezdniowa dwukierunkowa,,Obszar zabudowany,"22,3669444444444","52,2447222222222",Jezdnia,Dobre warunki atmosferyczne,Światło dzienne,Zderzenie pojazdów boczne,1,0,0,Nieokreślone (puste pole),N,,,,,,,,,,,,,,,,,,
EWK-98219157H,2014,2014-04-24,17,POWIAT GARWOLIŃSKI,ŁASKARZEW - OBSZAR WIEJSKI,Droga powiatowa,31325W,Jednojezdniowa dwukierunkowa,Odcinek prosty,Obszar niezabudowany,"21,6477777777778","51,9394444444445",Jezdnia,Dobre warunki atmosferyczne,Światło dzienne,Zderzenie pojazdów czołowe,1,0,1,Lekko,N,,,,,,,,,,,,,,,,,,
EWK-98219157H,2014,2014-04-24,17,POWIAT GARWOLIŃSKI,ŁASKARZEW - OBSZAR WIEJSKI,Droga powiatowa,31325W,Jednojezdniowa dwukierunkowa,Odcinek prosty,Obszar niezabudowany,"21,6477777777778","51,9394444444445",Jezdnia,Dobre warunki atmosferyczne,Światło dzienne,Zderzenie pojazdów czołowe,1,0,0,Nieokreślone (puste pole),N,,,,,,,,,,,,,,,,,,
EWK-98210016E,2014,2014-04-24,10,POWIAT PŁOCK,PŁOCK - OBSZAR MIEJSKI,Droga powiatowa,P,Jednojezdniowa dwukierunkowa,,Obszar zabudowany,"19,7183333333333","52,6205555555556",Jezdnia,Dobre warunki atmosferyczne,Światło dzienne,Zderzenie pojazdów tylne,1,0,1,Lekko,N,,,,,,,,,,,,,,,,,,
EWK-98210016E,2014,2014-04-24,10,POWIAT PŁOCK,PŁOCK - OBSZAR MIEJSKI,Droga powiatowa,P,Jednojezdniowa dwukierunkowa,,Obszar zabudowany,"19,7183333333333","52,6205555555556",Jezdnia,Dobre warunki atmosferyczne,Światło dzienne,Zderzenie pojazdów tylne,1,0,0,Nieokreślone (puste pole),N,,,,,,,,,,,,,,,,,,
EWK-98210360E,2014,2014-04-24,19,POWIAT RADOMSKI,PIONKI - OBSZAR WIEJSKI,Droga wojewódzka,737,Jednojezdniowa dwukierunkowa,Odcinek prosty,Obszar niezabudowany,"21,5919444444444","51,6491666666667",Jezdnia,Dobre warunki atmosferyczne,Światło dzienne,Zderzenie pojazdów tylne,1,0,1,Ciężko,N,,,,,,,,,,,,,,,,,,
EWK-98210360E,2014,2014-04-24,19,POWIAT RADOMSKI,PIONKI - OBSZAR WIEJSKI,Droga wojewódzka,737,Jednojezdniowa dwukierunkowa,Odcinek prosty,Obszar niezabudowany,"21,5919444444444","51,6491666666667",Jezdnia,Dobre warunki atmosferyczne,Światło dzienne,Zderzenie pojazdów tylne,1,0,0,Nieokreślone (puste pole),N,,,,,,,,,,,,,,,,,,
EWK-98214901J,2014,2014-04-25,13,POWIAT ŻYRARDOWSKI,WISKITKI - OBSZAR WIEJSKI,Droga powiatowa,3834W,Jednojezdniowa dwukierunkowa,Odcinek prosty,Obszar niezabudowany,"20,4494444444444","52,1969444444444",Jezdnia,Dobre warunki atmosferyczne,Światło dzienne,Najechanie na pieszego,1,0,2,Lekko,N,,,,,,,,,,,,,,,,,,
EWK-98214901J,2014,2014-04-25,13,POWIAT ŻYRARDOWSKI,WISKITKI - OBSZAR WIEJSKI,Droga powiatowa,3834W,Jednojezdniowa dwukierunkowa,Odcinek prosty,Obszar niezabudowany,"20,4494444444444","52,1969444444444",Jezdnia,Dobre warunki atmosferyczne,Światło dzienne,Najechanie na pieszego,1,0,0,Nieokreślone (puste pole),N,,,,,,,,,,,,,,,,,,
EWK-98214116A,2014,2014-04-25,18,POWIAT SIERPECKI,SZCZUTOWO - OBSZAR WIEJSKI,Droga krajowa,10,Jednojezdniowa dwukierunkowa,Odcinek prosty,Obszar niezabudowany,"19,6911111111111","53,0008333333333",Jezdnia,Dobre warunki atmosferyczne,Światło dzienne,Wywrócenie się pojazdu,1,0,1,Ciężko,N,,,,,,,,,,,,,,,,,,
EWK-98212220U,2014,2014-04-25,19,POWIAT RADOMSKI,JEDLIŃSK - OBSZAR WIEJSKI,Droga gminna,GMINNA,Jednojezdniowa dwukierunkowa,Odcinek prosty,Obszar zabudowany,"21,2247222222222","51,5205555555556",Jezdnia,Dobre warunki atmosferyczne,Noc - droga oświetlona,Zderzenie pojazdów boczne,1,0,1,Lekko,N,,,,,,,,,,,,,,,,,,
EWK-98212220U,2014,2014-04-25,19,POWIAT RADOMSKI,JEDLIŃSK - OBSZAR WIEJSKI,Droga gminna,GMINNA,Jednojezdniowa dwukierunkowa,Odcinek prosty,Obszar zabudowany,"21,2247222222222","51,5205555555556",Jezdnia,Dobre warunki atmosferyczne,Noc - droga oświetlona,Zderzenie pojazdów boczne,1,0,0,Nieokreślone (puste pole),N,,,,,,,,,,,,,,,,,,
EWK-98212046Q,2014,2014-04-25,16,POWIAT PUŁTUSKI,WINNICA - OBSZAR WIEJSKI,Droga wojewódzka,571,Jednojezdniowa dwukierunkowa,Odcinek prosty,Obszar zabudowany,"20,9577777777778","52,6791666666667",Jezdnia,Dobre warunki atmosferyczne,Światło dzienne,Zderzenie pojazdów boczne,1,0,2,Lekko,N,,,,,,,,,,,,,,,,,,
EWK-98212046Q,2014,2014-04-25,16,POWIAT PUŁTUSKI,WINNICA - OBSZAR WIEJSKI,Droga wojewódzka,571,Jednojezdniowa dwukierunkowa,Odcinek prosty,Obszar zabudowany,"20,9577777777778","52,6791666666667",Jezdnia,Dobre warunki atmosferyczne,Światło dzienne,Zderzenie pojazdów boczne,1,0,0,Nieokreślone (puste pole),N,,,,,,,,,,,,,,,,,,
EWK-98212550K,2014,2014-04-25,13,POWIAT GRÓJECKI,PNIEWY - OBSZAR WIEJSKI,Droga gminna,GMINNA,Jednojezdniowa dwukierunkowa,,Obszar niezabudowany,"20,8713888888889","52,0186111111111",Jezdnia,Dobre warunki atmosferyczne,Światło dzienne,Zderzenie pojazdów boczne,1,0,1,Lekko,N,,,,,,,,,,,,,,,,,,
EWK-98212550K,2014,2014-04-25,13,POWIAT GRÓJECKI,PNIEWY - OBSZAR WIEJSKI,Droga gminna,GMINNA,Jednojezdniowa dwukierunkowa,,Obszar niezabudowany,"20,8713888888889","52,0186111111111",Jezdnia,Dobre warunki atmosferyczne,Światło dzienne,Zderzenie pojazdów boczne,1,0,0,Nieokreślone (puste pole),N,,,,,,,,,,,,,,,,,,
EWK-98213454H,2014,2014-04-25,12,POWIAT PŁOCK,PŁOCK - OBSZAR MIEJSKI,Droga gminna,GMINNA,Jednokierunkowa,,Obszar zabudowany,"19,7730555555556","52,5933333333333",Jezdnia,Oślepiające słońce,Światło dzienne,Inne,1,0,1,Lekko,N,,,,,,,,,,,,,,,,,,
EWK-98213454H,2014,2014-04-25,12,POWIAT PŁOCK,PŁOCK - OBSZAR MIEJSKI,Droga gminna,GMINNA,Jednokierunkowa,,Obszar zabudowany,"19,7730555555556","52,5933333333333",Jezdnia,Oślepiające słońce,Światło dzienne,Inne,1,0,0,Nieokreślone (puste pole),N,,,,,,,,,,,,,,,,,,
EWK-98217639H,2014,2014-04-26,0,POWIAT GARWOLIŃSKI,GARWOLIN - OBSZAR MIEJSKI,Droga gminna,GMINNA,Jednojezdniowa dwukierunkowa,"Zakręt, łuk",Obszar niezabudowany,"21,6938888888889","51,9819444444445",Jezdnia,Dobre warunki atmosferyczne,Noc - droga nieoświetlona,Wywrócenie się pojazdu,1,0,5,Lekko,N,,,,,,,,,,,,,,,,,,
EWK-98212044G,2014,2014-04-26,20,POWIAT WĘGROWSKI,ŁOCHÓW - OBSZAR WIEJSKI,Droga krajowa,50,Jednojezdniowa dwukierunkowa,Odcinek prosty,Obszar zabudowany,"21,6852777777778","52,6644444444444",Jezdnia,Opady deszczu,Noc - droga oświetlona,Najechanie na pieszego,1,0,1,Lekko,N,,,,,,,,,,,,,,,,,,
EWK-98212044G,2014,2014-04-26,20,POWIAT WĘGROWSKI,ŁOCHÓW - OBSZAR WIEJSKI,Droga krajowa,50,Jednojezdniowa dwukierunkowa,Odcinek prosty,Obszar zabudowany,"21,6852777777778","52,6644444444444",Jezdnia,Opady deszczu,Noc - droga oświetlona,Najechanie na pieszego,1,0,0,Nieokreślone (puste pole),N,,,,,,,,,,,,,,,,,,
EWK-98212452K,2014,2014-04-26,10,POWIAT GARWOLIŃSKI,PILAWA - OBSZAR WIEJSKI,Droga krajowa,17,Jednojezdniowa dwukierunkowa,Odcinek prosty,Obszar niezabudowany,"21,6694444444444","52,0466666666667",Jezdnia,Opady deszczu,Światło dzienne,Wywrócenie się pojazdu,1,1,0,Nieokreślone (puste pole),N,,,,,,,,,,,,,,,,,,
EWK-98212947M,2014,2014-04-26,8,POWIAT RADOM,RADOM - OBSZAR MIEJSKI,Droga powiatowa,P3564W,Jednojezdniowa dwukierunkowa,"Zakręt, łuk",Obszar zabudowany,"21,2261111111111","51,5041666666667",Jezdnia,Opady deszczu,Światło dzienne,Zderzenie pojazdów boczne,1,0,1,Lekko,N,,,,,,,,,,,,,,,,,,
EWK-98212947M,2014,2014-04-26,8,POWIAT RADOM,RADOM - OBSZAR MIEJSKI,Droga powiatowa,P3564W,Jednojezdniowa dwukierunkowa,"Zakręt, łuk",Obszar zabudowany,"21,2261111111111","51,5041666666667",Jezdnia,Opady deszczu,Światło dzienne,Zderzenie pojazdów boczne,1,0,0,Nieokreślone (puste pole),N,,,,,,,,,,,,,,,,,,
EWK-98211669U,2014,2014-04-26,14,POWIAT PRZASNYSKI,PRZASNYSZ - OBSZAR WIEJSKI,Droga wojewódzka,544,Jednojezdniowa dwukierunkowa,Odcinek prosty,Obszar niezabudowany,"21,0358333333333","53,1516666666667",Jezdnia,Opady deszczu,Światło dzienne,Zderzenie pojazdów tylne,1,0,1,Ciężko,N,,,,,,,,,,,,,,,,,,
EWK-98211669U,2014,2014-04-26,14,POWIAT PRZASNYSKI,PRZASNYSZ - OBSZAR WIEJSKI,Droga wojewódzka,544,Jednojezdniowa dwukierunkowa,Odcinek prosty,Obszar niezabudowany,"21,0358333333333","53,1516666666667",Jezdnia,Opady deszczu,Światło dzienne,Zderzenie pojazdów tylne,1,0,0,Nieokreślone (puste pole),N,,,,,,,,,,,,,,,,,,
EWK-98212793D,2014,2014-04-27,23,POWIAT SOCHACZEWSKI,NOWA SUCHA - OBSZAR WIEJSKI,Droga gminna,GMINNA,Jednojezdniowa dwukierunkowa,Odcinek prosty,Obszar niezabudowany,"20,3316666666667","52,1794444444444",Jezdnia,Dobre warunki atmosferyczne,Noc - droga nieoświetlona,Najechanie na drzewo,1,0,1,Ciężko,N,,,,,,,,,,,,,,,,,,
EWK-98218849H,2014,2014-04-27,3,POWIAT SIEDLECKI,WIŚNIEW - OBSZAR WIEJSKI,Droga krajowa,63,Jednojezdniowa dwukierunkowa,Odcinek prosty,Obszar niezabudowany,"22,3758333333333","52,1508333333333",Jezdnia,Opady deszczu,Noc - droga nieoświetlona,Najechanie na pieszego,1,0,1,Ciężko,N,,,,,,,,,,,,,,,,,,
EWK-98218849H,2014,2014-04-27,3,POWIAT SIEDLECKI,WIŚNIEW - OBSZAR WIEJSKI,Droga krajowa,63,Jednojezdniowa dwukierunkowa,Odcinek prosty,Obszar niezabudowany,"22,3758333333333","52,1508333333333",Jezdnia,Opady deszczu,Noc - droga nieoświetlona,Najechanie na pieszego,1,0,0,Nieokreślone (puste pole),N,,,,,,,,,,,,,,,,,,
EWK-98212212L,2014,2014-04-27,20,POWIAT ŁOSICKI,ŁOSICE - OBSZAR MIEJSKI,Droga wojewódzka,698,Jednojezdniowa dwukierunkowa,Odcinek prosty,Obszar zabudowany,"22,8452777777778","52,3183333333333",Przejście dla pieszych,Opady deszczu,Noc - droga oświetlona,Najechanie na pieszego,1,1,0,Nieokreślone (puste pole),N,,,,,,,,,,,,,,,,,,
EWK-98212907R,2014,2014-04-27,11,N,POWIAT MŁAWSKI, Wzniesienie,7,Droga krajowa,Odcinek prosty,Obszar niezabudowany,"20,4","53,0252777777778",Jezdnia,Opady deszczu,Światło dzienne,Zderzenie pojazdów czołowe,1,0,1,Lekko,Jednojezdniowa dwukierunkowa,,,,,,,,,,,,,,,,,,STRZEGOWO - OBSZAR WIEJSKI
EWK-98212907R,2014,2014-04-27,11,N,POWIAT MŁAWSKI, Wzniesienie,7,Droga krajowa,Odcinek prosty,Obszar niezabudowany,"20,4","53,0252777777778",Jezdnia,Opady deszczu,Światło dzienne,Zderzenie pojazdów czołowe,1,1,0,Nieokreślone (puste pole),Jednojezdniowa dwukierunkowa,,,,,,,,,,,,,,,,,,STRZEGOWO - OBSZAR WIEJSKI
EWK-98217649M,2014,2014-04-27,6,POWIAT GARWOLIŃSKI,ŁASKARZEW - OBSZAR WIEJSKI,Droga powiatowa,31325W,Jednojezdniowa dwukierunkowa,Odcinek prosty,Obszar niezabudowany,"21,6844444444444","51,9455555555556",Jezdnia,Pochmurno,Światło dzienne,Inne,1,0,1,Ciężko,N,,,,,,,,,,,,,,,,,,
EWK-98212964D,2014,2014-04-27,20,POWIAT WYSZKOWSKI,WYSZKÓW - OBSZAR MIEJSKI,Droga wojewódzka,618,Jednojezdniowa dwukierunkowa,,Obszar zabudowany,"21,4727777777778","52,6927777777778",Jezdnia,Pochmurno,"Zmrok, świt",Zderzenie pojazdów boczne,1,0,2,Ciężko,N,,,,,,,,,,,,,,,,,,
EWK-98212964D,2014,2014-04-27,20,POWIAT WYSZKOWSKI,WYSZKÓW - OBSZAR MIEJSKI,Droga wojewódzka,618,Jednojezdniowa dwukierunkowa,,Obszar zabudowany,"21,4727777777778","52,6927777777778",Jezdnia,Pochmurno,"Zmrok, świt",Zderzenie pojazdów boczne,1,0,0,Nieokreślone (puste pole),N,,,,,,,,,,,,,,,,,,
EWK-98213251L,2014,2014-04-28,11,POWIAT OSTROŁĘCKI,RZEKUŃ - OBSZAR WIEJSKI,Droga wojewódzka,627,Jednojezdniowa dwukierunkowa,Odcinek prosty,Obszar zabudowany,"21,6869444444444","53,145",Jezdnia,Dobre warunki atmosferyczne,Światło dzienne,Inne,1,0,1,Lekko,N,,,,,,,,,,,,,,,,,,
EWK-98221636J,2014,2014-04-28,21,POWIAT SOKOŁOWSKI,SABNIE - OBSZAR WIEJSKI,Droga powiatowa,36155W,Jednojezdniowa dwukierunkowa,Odcinek prosty,Obszar niezabudowany,"22,4402777777778","52,5327777777778","Skarpa, rów",Dobre warunki atmosferyczne,Noc - droga nieoświetlona,Wywrócenie się pojazdu,1,0,1,Lekko,N,,,,,,,,,,,,,,,,,,
EWK-98214180K,2014,2014-04-28,19,POWIAT PŁOCK,PŁOCK - OBSZAR MIEJSKI,Droga krajowa,62,Jednokierunkowa,,Obszar zabudowany,"19,8283333333333","52,5886111111111",Jezdnia,Dobre warunki atmosferyczne,"Zmrok, świt",Zderzenie pojazdów boczne,1,0,1,Lekko,N,,,,,,,,,,,,,,,,,,
EWK-98214180K,2014,2014-04-28,19,POWIAT PŁOCK,PŁOCK - OBSZAR MIEJSKI,Droga krajowa,62,Jednokierunkowa,,Obszar zabudowany,"19,8283333333333","52,5886111111111",Jezdnia,Dobre warunki atmosferyczne,"Zmrok, świt",Zderzenie pojazdów boczne,1,0,0,Nieokreślone (puste pole),N,,,,,,,,,,,,,,,,,,
EWK-98214173T,2014,2014-04-28,18,POWIAT PŁOCK,PŁOCK - OBSZAR MIEJSKI,Droga gminna,GMINNA,Jednojezdniowa dwukierunkowa,,Obszar zabudowany,"19,7641666666667","52,555",Jezdnia,Dobre warunki atmosferyczne,Światło dzienne,Zderzenie pojazdów boczne,1,0,1,Lekko,N,,,,,,,,,,,,,,,,,,
EWK-98214173T,2014,2014-04-28,18,POWIAT PŁOCK,PŁOCK - OBSZAR MIEJSKI,Droga gminna,GMINNA,Jednojezdniowa dwukierunkowa,,Obszar zabudowany,"19,7641666666667","52,555",Jezdnia,Dobre warunki atmosferyczne,Światło dzienne,Zderzenie pojazdów boczne,1,0,0,Nieokreślone (puste pole),N,,,,,,,,,,,,,,,,,,
EWK-98216233T,2014,2014-04-29,14,POWIAT GOSTYNIŃSKI,GOSTYNIN - OBSZAR WIEJSKI,Droga gminna,G140209W,Jednojezdniowa dwukierunkowa,Odcinek prosty,Obszar niezabudowany,"19,5833333333333","52,5783333333333",Jezdnia,Dobre warunki atmosferyczne,Światło dzienne,Najechanie na drzewo,1,0,1,Lekko,N,,,,,,,,,,,,,,,,,,
EWK-98216829E,2014,2014-04-29,17,POWIAT RADOM,RADOM - OBSZAR MIEJSKI,Droga powiatowa,P5314W,Jednojezdniowa dwukierunkowa,Odcinek prosty,Obszar zabudowany,"21,1252777777778","51,4083333333333",Jezdnia,Dobre warunki atmosferyczne,Światło dzienne,Najechanie na pieszego,1,0,1,Lekko,T,,,,,,,,,,,,,,,,,,