IDKSIP,year,date,hour,district,district_commune,road_category,road_number,type_of_road,road_geometry,area,Longitude,Latitude,char_place_of_the_event,weather_conditions,lighting,type_of_accident,num_of_accidents,num_of_fatalities,num_of_injured,type_of_injury,is_offender_intoxicated,,,,,,,,,,,,,,,,,,
EWK-98216829E,2014,2014-04-29,17,POWIAT RADOM,RADOM - OBSZAR MIEJSKI,Droga powiatowa,P5314W,Jednojezdniowa dwukierunkowa,Odcinek prosty,Obszar zabudowany,"21,1252777777778","51,4083333333333",Jezdnia,Dobre warunki atmosferyczne,Światło dzienne,Najechanie na pieszego,1,0,0,Nieokreślone (puste pole),T,,,,,,,,,,,,,,,,,,
EWK-98216849K,2014,2014-04-29,14,POWIAT RADOM,RADOM - OBSZAR MIEJSKI,Droga powiatowa,P5312W,Jednojezdniowa dwukierunkowa,Odcinek prosty,Obszar zabudowany,"21,2025","51,5102777777778",Jezdnia,Dobre warunki atmosferyczne,Światło dzienne,Najechanie na pieszego,1,0,1,Lekko,N,,,,,,,,,,,,,,,,,,
EWK-98216849K,2014,2014-04-29,14,POWIAT RADOM,RADOM - OBSZAR MIEJSKI,Droga powiatowa,P5312W,Jednojezdniowa dwukierunkowa,Odcinek prosty,Obszar zabudowany,"21,2025","51,5102777777778",Jezdnia,Dobre warunki atmosferyczne,Światło dzienne,Najechanie na pieszego,1,0,0,Nieokreślone (puste pole),N,,,,,,,,,,,,,,,,,,
EWK-98219905H,2014,2014-04-29,11,POWIAT WYSZKOWSKI,WYSZKÓW - OBSZAR MIEJSKI,Droga gminna,GMINNA,Jednojezdniowa dwukierunkowa,Odcinek prosty,Obszar zabudowany,"21,4769444444444","52,7069444444444",Jezdnia,Dobre warunki atmosferyczne,Światło dzienne,Najechanie na pieszego,1,0,1,Lekko,N,,,,,,,,,,,,,,,,,,
EWK-98219905H,2014,2014-04-29,11,POWIAT WYSZKOWSKI,WYSZKÓW - OBSZAR MIEJSKI,Droga gminna,GMINNA,Jednojezdniowa dwukierunkowa,Odcinek prosty,Obszar zabudowany,"21,4769444444444","52,7069444444444",Jezdnia,Dobre warunki atmosferyczne,Światło dzienne,Najechanie na pieszego,1,0,0,Nieokreślone (puste pole),N,,,,,,,,,,,,,,,,,,
EWK-98217652G,2014,2014-04-29,10,POWIAT GARWOLIŃSKI,ŁASKARZEW - OBSZAR MIEJSKI,Droga powiatowa,31345W,Jednojezdniowa dwukierunkowa,,Obszar zabudowany,"21,7305555555556","51,8575",Przejście dla pieszych,Dobre warunki atmosferyczne,Światło dzienne,Najechanie na pieszego,1,0,1,Ciężko,N,,,,,,,,,,,,,,,,,,
EWK-98217652G,2014,2014-04-29,10,POWIAT GARWOLIŃSKI,ŁASKARZEW - OBSZAR MIEJSKI,Droga powiatowa,31345W,Jednojezdniowa dwukierunkowa,,Obszar zabudowany,"21,7305555555556","51,8575",Przejście dla pieszych,Dobre warunki atmosferyczne,Światło dzienne,Najechanie na pieszego,1,0,0,Nieokreślone (puste pole),N,,,,,,,,,,,,,,,,,,
EWK-98218053G,2014,2014-04-29,14,POWIAT GRÓJECKI,GRÓJEC - OBSZAR MIEJSKI,Droga powiatowa,P,Jednojezdniowa dwukierunkowa,,Obszar niezabudowany,"20,9975","51,9411111111111","Parking, plac",Dobre warunki atmosferyczne,Światło dzienne,Zderzenie pojazdów boczne,1,0,1,Ciężko,N,,,,,,,,,,,,,,,,,,
EWK-98218053G,2014,2014-04-29,14,POWIAT GRÓJECKI,GRÓJEC - OBSZAR MIEJSKI,Droga powiatowa,P,Jednojezdniowa dwukierunkowa,,Obszar niezabudowany,"20,9975","51,9411111111111","Parking, plac",Dobre warunki atmosferyczne,Światło dzienne,Zderzenie pojazdów boczne,1,0,0,Nieokreślone (puste pole),N,,,,,,,,,,,,,,,,,,
EWK-98217448H,2014,2014-04-29,15,POWIAT SZYDŁOWIECKI,SZYDŁOWIEC - OBSZAR MIEJSKI,Droga powiatowa,P4003W,Jednojezdniowa dwukierunkowa,,Obszar zabudowany,"20,9977777777778","51,2552777777778",Jezdnia,Dobre warunki atmosferyczne,Światło dzienne,Zderzenie pojazdów czołowe,1,0,1,Lekko,N,,,,,,,,,,,,,,,,,,
EWK-98217448H,2014,2014-04-29,15,POWIAT SZYDŁOWIECKI,SZYDŁOWIEC - OBSZAR MIEJSKI,Droga powiatowa,P4003W,Jednojezdniowa dwukierunkowa,,Obszar zabudowany,"20,9977777777778","51,2552777777778",Jezdnia,Dobre warunki atmosferyczne,Światło dzienne,Zderzenie pojazdów czołowe,1,0,0,Nieokreślone (puste pole),N,,,,,,,,,,,,,,,,,,
EWK-98220411F,2014,2014-04-29,10,POWIAT MŁAWSKI,LIPOWIEC KOŚCIELNY - OBSZAR WIEJSKI,Droga wojewódzka,563,Jednojezdniowa dwukierunkowa,Odcinek prosty,Obszar niezabudowany,"20,3383333333333","53,1919444444444",Jezdnia,Dobre warunki atmosferyczne,Światło dzienne,Zderzenie pojazdów tylne,1,0,1,Lekko,T,,,,,,,,,,,,,,,,,,
EWK-98220411F,2014,2014-04-29,10,POWIAT MŁAWSKI,LIPOWIEC KOŚCIELNY - OBSZAR WIEJSKI,Droga wojewódzka,563,Jednojezdniowa dwukierunkowa,Odcinek prosty,Obszar niezabudowany,"20,3383333333333","53,1919444444444",Jezdnia,Dobre warunki atmosferyczne,Światło dzienne,Zderzenie pojazdów tylne,1,0,0,Nieokreślone (puste pole),T,,,,,,,,,,,,,,,,,,
EWK-98218690P,2014,2014-04-30,18,POWIAT OSTROŁĘCKI,TROSZYN - OBSZAR WIEJSKI,Droga powiatowa,2554W,Jednojezdniowa dwukierunkowa,"Zakręt, łuk",Obszar zabudowany,"21,7825","53,075",Pobocze,Dobre warunki atmosferyczne,Światło dzienne,Inne,1,0,1,Lekko,T,,,,,,,,,,,,,,,,,,
EWK-98217653L,2014,2014-04-30,18,POWIAT GARWOLIŃSKI,SOBOLEW - OBSZAR WIEJSKI,Droga krajowa,17,Jednojezdniowa dwukierunkowa,Odcinek prosty,Obszar niezabudowany,"21,7647222222222","51,7711111111111",Jezdnia,Dobre warunki atmosferyczne,Światło dzienne,Najechanie na drzewo,1,0,1,Lekko,N,,,,,,,,,,,,,,,,,,
EWK-98217564W,2014,2014-04-30,9,POWIAT WYSZKOWSKI,WYSZKÓW - OBSZAR MIEJSKI,Droga wojewódzka,618,Jednojezdniowa dwukierunkowa,Odcinek prosty,Obszar zabudowany,"21,4744444444444","52,6697222222222",Jezdnia,Dobre warunki atmosferyczne,Światło dzienne,Najechanie na pieszego,1,0,1,Lekko,N,,,,,,,,,,,,,,,,,,
EWK-98217564W,2014,2014-04-30,9,POWIAT WYSZKOWSKI,WYSZKÓW - OBSZAR MIEJSKI,Droga wojewódzka,618,Jednojezdniowa dwukierunkowa,Odcinek prosty,Obszar zabudowany,"21,4744444444444","52,6697222222222",Jezdnia,Dobre warunki atmosferyczne,Światło dzienne,Najechanie na pieszego,1,0,0,Nieokreślone (puste pole),N,,,,,,,,,,,,,,,,,,
EWK-98220702W,2014,2014-04-30,16,POWIAT RADOM,RADOM - OBSZAR MIEJSKI,Droga powiatowa,P5348W,Jednojezdniowa dwukierunkowa,Odcinek prosty,Obszar niezabudowany,"21,225","51,5366666666667",Jezdnia,Dobre warunki atmosferyczne,Światło dzienne,Najechanie na pieszego,1,0,1,Lekko,N,,,,,,,,,,,,,,,,,,
EWK-98220702W,2014,2014-04-30,16,POWIAT RADOM,RADOM - OBSZAR MIEJSKI,Droga powiatowa,P5348W,Jednojezdniowa dwukierunkowa,Odcinek prosty,Obszar niezabudowany,"21,225","51,5366666666667",Jezdnia,Dobre warunki atmosferyczne,Światło dzienne,Najechanie na pieszego,1,0,0,Nieokreślone (puste pole),N,,,,,,,,,,,,,,,,,,
EWK-98219113D,2014,2014-04-30,20,POWIAT PŁOCKI,DROBIN - OBSZAR WIEJSKI,Droga krajowa,60,Jednojezdniowa dwukierunkowa,Odcinek prosty,Obszar niezabudowany,"20,0141666666667","52,7788888888889",Pobocze,Dobre warunki atmosferyczne,Noc - droga nieoświetlona,Najechanie na zwierzę,1,0,2,Ciężko,N,,,,,,,,,,,,,,,,,,
EWK-98218852K,2014,2014-04-30,21,POWIAT PŁOCKI,DROBIN - OBSZAR MIEJSKI,Droga powiatowa,P,Jednojezdniowa dwukierunkowa,,Obszar zabudowany,"20,0558333333333","52,7680555555556",Jezdnia,Dobre warunki atmosferyczne,Noc - droga oświetlona,Zderzenie pojazdów boczne,1,0,1,Lekko,N,,,,,,,,,,,,,,,,,,
EWK-98218852K,2014,2014-04-30,21,POWIAT PŁOCKI,DROBIN - OBSZAR MIEJSKI,Droga powiatowa,P,Jednojezdniowa dwukierunkowa,,Obszar zabudowany,"20,0558333333333","52,7680555555556",Jezdnia,Dobre warunki atmosferyczne,Noc - droga oświetlona,Zderzenie pojazdów boczne,1,0,0,Nieokreślone (puste pole),N,,,,,,,,,,,,,,,,,,
EWK-98218179L,2014,2014-04-30,16,POWIAT MŁAWSKI,MŁAWA - OBSZAR MIEJSKI,Droga gminna,GMINNA,Jednojezdniowa dwukierunkowa,,Obszar zabudowany,"20,4538888888889","53,1591666666667",Jezdnia,Dobre warunki atmosferyczne,Światło dzienne,Zderzenie pojazdów boczne,1,0,1,Lekko,N,,,,,,,,,,,,,,,,,,
EWK-98218179L,2014,2014-04-30,16,POWIAT MŁAWSKI,MŁAWA - OBSZAR MIEJSKI,Droga gminna,GMINNA,Jednojezdniowa dwukierunkowa,,Obszar zabudowany,"20,4538888888889","53,1591666666667",Jezdnia,Dobre warunki atmosferyczne,Światło dzienne,Zderzenie pojazdów boczne,1,0,0,Nieokreślone (puste pole),N,,,,,,,,,,,,,,,,,,
EWK-98218456R,2014,2014-04-30,15,POWIAT MŁAWSKI,STUPSK - OBSZAR WIEJSKI,Droga gminna,GMINNA,Jednojezdniowa dwukierunkowa,,Obszar zabudowany,"20,5630555555556","53,0966666666667",Jezdnia,Dobre warunki atmosferyczne,Światło dzienne,Zderzenie pojazdów boczne,1,0,1,Ciężko,N,,,,,,,,,,,,,,,,,,
EWK-98218456R,2014,2014-04-30,15,POWIAT MŁAWSKI,STUPSK - OBSZAR WIEJSKI,Droga gminna,GMINNA,Jednojezdniowa dwukierunkowa,,Obszar zabudowany,"20,5630555555556","53,0966666666667",Jezdnia,Dobre warunki atmosferyczne,Światło dzienne,Zderzenie pojazdów boczne,1,0,0,Nieokreślone (puste pole),N,,,,,,,,,,,,,,,,,,
EWK-98219928P,2014,2014-04-30,17,POWIAT WYSZKOWSKI,SOMIANKA - OBSZAR WIEJSKI,Droga krajowa,62,Jednojezdniowa dwukierunkowa,,Obszar niezabudowany,"21,3647222222222","52,6169444444444",Jezdnia,Dobre warunki atmosferyczne,Światło dzienne,Zderzenie pojazdów boczne,1,0,1,Lekko,T,,,,,,,,,,,,,,,,,,
EWK-98219928P,2014,2014-04-30,17,POWIAT WYSZKOWSKI,SOMIANKA - OBSZAR WIEJSKI,Droga krajowa,62,Jednojezdniowa dwukierunkowa,,Obszar niezabudowany,"21,3647222222222","52,6169444444444",Jezdnia,Dobre warunki atmosferyczne,Światło dzienne,Zderzenie pojazdów boczne,1,0,0,Nieokreślone (puste pole),T,,,,,,,,,,,,,,,,,,
EWK-98218026Q,2014,2014-04-30,23,POWIAT ŻUROMIŃSKI,LUTOCIN - OBSZAR WIEJSKI,Droga wojewódzka,563,Jednojezdniowa dwukierunkowa,Odcinek prosty,Obszar niezabudowany,"19,6925","53,1883333333333",Jezdnia,Dobre warunki atmosferyczne,Noc - droga nieoświetlona,Zderzenie pojazdów czołowe,1,0,1,Ciężko,N,,,,,,,,,,,,,,,,,,
EWK-98218026Q,2014,2014-04-30,23,POWIAT ŻUROMIŃSKI,LUTOCIN - OBSZAR WIEJSKI,Droga wojewódzka,563,Jednojezdniowa dwukierunkowa,Odcinek prosty,Obszar niezabudowany,"19,6925","53,1883333333333",Jezdnia,Dobre warunki atmosferyczne,Noc - droga nieoświetlona,Zderzenie pojazdów czołowe,1,0,0,Nieokreślone (puste pole),N,,,,,,,,,,,,,,,,,,
EWK-98218974T,2014,2014-04-30,18,POWIAT ŻYRARDOWSKI,PUSZCZA MARIAŃSKA - OBSZAR WIEJSKI,Droga gminna,GMINNA,Jednojezdniowa dwukierunkowa,Odcinek prosty,Obszar zabudowany,"20,3180555555556","52,1269444444445",Jezdnia,Oślepiające słońce,Światło dzienne,Zderzenie pojazdów czołowe,1,0,1,Ciężko,N,,,,,,,,,,,,,,,,,,
EWK-98218974T,2014,2014-04-30,18,POWIAT ŻYRARDOWSKI,PUSZCZA MARIAŃSKA - OBSZAR WIEJSKI,Droga gminna,GMINNA,Jednojezdniowa dwukierunkowa,Odcinek prosty,Obszar zabudowany,"20,3180555555556","52,1269444444445",Jezdnia,Oślepiające słońce,Światło dzienne,Zderzenie pojazdów czołowe,1,0,1,Lekko,N,,,,,,,,,,,,,,,,,,
EWK-98221270C,2014,2014-05-01,8,POWIAT SIEDLECKI,KOTUŃ - OBSZAR WIEJSKI,Droga krajowa,2,Jednojezdniowa dwukierunkowa,Odcinek prosty,Obszar zabudowany,"21,9861111111111","52,2380555555556",Jezdnia,Dobre warunki atmosferyczne,Światło dzienne,Najechanie na barierę ochronną,1,0,3,Ciężko,N,,,,,,,,,,,,,,,,,,
EWK-98221270C,2014,2014-05-01,8,POWIAT SIEDLECKI,KOTUŃ - OBSZAR WIEJSKI,Droga krajowa,2,Jednojezdniowa dwukierunkowa,Odcinek prosty,Obszar zabudowany,"21,9861111111111","52,2380555555556",Jezdnia,Dobre warunki atmosferyczne,Światło dzienne,Najechanie na barierę ochronną,1,0,3,Lekko,N,,,,,,,,,,,,,,,,,,
EWK-98221270C,2014,2014-05-01,8,POWIAT SIEDLECKI,KOTUŃ - OBSZAR WIEJSKI,Droga krajowa,2,Jednojezdniowa dwukierunkowa,Odcinek prosty,Obszar zabudowany,"21,9861111111111","52,2380555555556",Jezdnia,Dobre warunki atmosferyczne,Światło dzienne,Najechanie na barierę ochronną,1,1,0,Nieokreślone (puste pole),N,,,,,,,,,,,,,,,,,,
EWK-98218695P,2014,2014-05-01,15,POWIAT OSTROŁĘCKI,CZERWIN - OBSZAR WIEJSKI,Droga wojewódzka,677,Jednojezdniowa dwukierunkowa,,Obszar niezabudowany,"21,9491666666667","53,0102777777778",Jezdnia,Dobre warunki atmosferyczne,Światło dzienne,Zderzenie pojazdów boczne,1,0,1,Lekko,N,,,,,,,,,,,,,,,,,,
EWK-98218695P,2014,2014-05-01,15,POWIAT OSTROŁĘCKI,CZERWIN - OBSZAR WIEJSKI,Droga wojewódzka,677,Jednojezdniowa dwukierunkowa,,Obszar niezabudowany,"21,9491666666667","53,0102777777778",Jezdnia,Dobre warunki atmosferyczne,Światło dzienne,Zderzenie pojazdów boczne,1,0,0,Nieokreślone (puste pole),N,,,,,,,,,,,,,,,,,,
EWK-98223151J,2014,2014-05-01,7,POWIAT PŁOCK,PŁOCK - OBSZAR MIEJSKI,Droga powiatowa,P,Jednojezdniowa dwukierunkowa,,Obszar zabudowany,"19,72","52,6325",Jezdnia,Dobre warunki atmosferyczne,Światło dzienne,Zderzenie pojazdów czołowe,1,0,2,Lekko,N,,,,,,,,,,,,,,,,,,
EWK-98223171R,2014,2014-05-01,19,POWIAT PŁOCK,PŁOCK - OBSZAR MIEJSKI,Droga krajowa,60,Jednojezdniowa dwukierunkowa,,Obszar niezabudowany,"19,74","52,5963888888889",Jezdnia,Dobre warunki atmosferyczne,Światło dzienne,Zderzenie pojazdów czołowe,1,0,1,Lekko,N,,,,,,,,,,,,,,,,,,
EWK-98223171R,2014,2014-05-01,19,POWIAT PŁOCK,PŁOCK - OBSZAR MIEJSKI,Droga krajowa,60,Jednojezdniowa dwukierunkowa,,Obszar niezabudowany,"19,74","52,5963888888889",Jezdnia,Dobre warunki atmosferyczne,Światło dzienne,Zderzenie pojazdów czołowe,1,0,0,Nieokreślone (puste pole),N,,,,,,,,,,,,,,,,,,
EWK-98217623M,2014,2014-05-01,10,POWIAT KOZIENICKI,KOZIENICE - OBSZAR WIEJSKI,Droga krajowa,79,Jednojezdniowa dwukierunkowa,Odcinek prosty,Obszar niezabudowany,"21,4341666666667","51,7894444444444",Jezdnia,Dobre warunki atmosferyczne,Światło dzienne,Zderzenie pojazdów tylne,1,0,1,Ciężko,N,,,,,,,,,,,,,,,,,,
EWK-98217623M,2014,2014-05-01,10,POWIAT KOZIENICKI,KOZIENICE - OBSZAR WIEJSKI,Droga krajowa,79,Jednojezdniowa dwukierunkowa,Odcinek prosty,Obszar niezabudowany,"21,4341666666667","51,7894444444444",Jezdnia,Dobre warunki atmosferyczne,Światło dzienne,Zderzenie pojazdów tylne,1,0,1,Lekko,N,,,,,,,,,,,,,,,,,,
EWK-98217623M,2014,2014-05-01,10,POWIAT KOZIENICKI,KOZIENICE - OBSZAR WIEJSKI,Droga krajowa,79,Jednojezdniowa dwukierunkowa,Odcinek prosty,Obszar niezabudowany,"21,4341666666667","51,7894444444444",Jezdnia,Dobre warunki atmosferyczne,Światło dzienne,Zderzenie pojazdów tylne,1,0,0,Nieokreślone (puste pole),N,,,,,,,,,,,,,,,,,,
EWK-98221743D,2014,2014-05-01,15,POWIAT RADOMSKI,JEDLIŃSK - OBSZAR WIEJSKI,Droga powiatowa,34410W,Jednojezdniowa dwukierunkowa,Odcinek prosty,Obszar zabudowany,"21,0452777777778","51,6713888888889",Jezdnia,Pochmurno,Światło dzienne,Wywrócenie się pojazdu,1,0,1,Lekko,N,,,,,,,,,,,,,,,,,,
EWK-98220825Q,2014,2014-05-02,14,POWIAT RADOMSKI,SKARYSZEW - OBSZAR MIEJSKI,Droga krajowa,9,Jednojezdniowa dwukierunkowa,Odcinek prosty,Obszar niezabudowany,"21,2686111111111","51,4605555555556",Jezdnia,Dobre warunki atmosferyczne,Światło dzienne,Najechanie na pojazd unieruchomiony,1,0,1,Lekko,N,,,,,,,,,,,,,,,,,,
EWK-98220825Q,2014,2014-05-02,14,POWIAT RADOMSKI,SKARYSZEW - OBSZAR MIEJSKI,Droga krajowa,9,Jednojezdniowa dwukierunkowa,Odcinek prosty,Obszar niezabudowany,"21,2686111111111","51,4605555555556",Jezdnia,Dobre warunki atmosferyczne,Światło dzienne,Najechanie na pojazd unieruchomiony,1,0,0,Nieokreślone (puste pole),N,,,,,,,,,,,,,,,,,,
EWK-98226085P,2014,2014-05-02,19,POWIAT GRÓJECKI,NOWE MIASTO NAD PILICĄ - OBSZAR WIEJSKI,Droga powiatowa,P,Jednojezdniowa dwukierunkowa,"Zakręt, łuk",Obszar niezabudowany,"20,6669444444444","51,6725",Jezdnia,Opady deszczu,"Zmrok, świt",Najechanie na drzewo,1,0,1,Lekko,N,,,,,,,,,,,,,,,,,,
EWK-98226085P,2014,2014-05-02,19,POWIAT GRÓJECKI,NOWE MIASTO NAD PILICĄ - OBSZAR WIEJSKI,Droga powiatowa,P,Jednojezdniowa dwukierunkowa,"Zakręt, łuk",Obszar niezabudowany,"20,6669444444444","51,6725",Jezdnia,Opady deszczu,"Zmrok, świt",Najechanie na drzewo,1,0,0,Nieokreślone (puste pole),N,,,,,,,,,,,,,,,,,,
EWK-98254132K,2014,2014-05-02,22,POWIAT BIAŁOBRZESKI,PROMNA - OBSZAR WIEJSKI,Droga gminna,GMINNA,Jednojezdniowa dwukierunkowa,Odcinek prosty,Obszar niezabudowany,"20,9622222222222","51,6930555555556",Jezdnia,Opady deszczu,Noc - droga nieoświetlona,Zderzenie pojazdów tylne,1,0,1,Lekko,N,,,,,,,,,,,,,,,,,,
EWK-98254132K,2014,2014-05-02,22,POWIAT BIAŁOBRZESKI,PROMNA - OBSZAR WIEJSKI,Droga gminna,GMINNA,Jednojezdniowa dwukierunkowa,Odcinek prosty,Obszar niezabudowany,"20,9622222222222","51,6930555555556",Jezdnia,Opady deszczu,Noc - droga nieoświetlona,Zderzenie pojazdów tylne,1,0,0,Nieokreślone (puste pole),N,,,,,,,,,,,,,,,,,,
EWK-98219393X,2014,2014-05-03,15,POWIAT ŻUROMIŃSKI,BIEŻUŃ - OBSZAR WIEJSKI,Droga wojewódzka,541,Jednojezdniowa dwukierunkowa,,Obszar niezabudowany,"19,9663888888889","53,0713888888889",Jezdnia,Dobre warunki atmosferyczne,Światło dzienne,Zderzenie pojazdów tylne,1,1,0,Nieokreślone (puste pole),N,,,,,,,,,,,,,,,,,,
EWK-98228965G,2014,2014-05-03,21,POWIAT WYSZKOWSKI,BRAŃSZCZYK - OBSZAR WIEJSKI,Droga krajowa,8,Jednojezdniowa dwukierunkowa,,Obszar niezabudowany,"21,7944444444444","52,7763888888889",Jezdnia,"Mgła, dym",Noc - droga nieoświetlona,Zderzenie pojazdów boczne,1,0,3,Lekko,N,,,,,,,,,,,,,,,,,,
EWK-98228965G,2014,2014-05-03,21,POWIAT WYSZKOWSKI,BRAŃSZCZYK - OBSZAR WIEJSKI,Droga krajowa,8,Jednojezdniowa dwukierunkowa,,Obszar niezabudowany,"21,7944444444444","52,7763888888889",Jezdnia,"Mgła, dym",Noc - droga nieoświetlona,Zderzenie pojazdów boczne,1,0,0,Nieokreślone (puste pole),N,,,,,,,,,,,,,,,,,,
EWK-98221732P,2014,2014-05-04,17,POWIAT RADOMSKI,ZAKRZEW - OBSZAR WIEJSKI,Droga wojewódzka,740,Jednojezdniowa dwukierunkowa,Odcinek prosty,Obszar zabudowany,"21,1083333333333","51,5463888888889",Jezdnia,Dobre warunki atmosferyczne,Światło dzienne,Najechanie na pieszego,1,0,1,Ciężko,N,,,,,,,,,,,,,,,,,,
EWK-98221732P,2014,2014-05-04,17,POWIAT RADOMSKI,ZAKRZEW - OBSZAR WIEJSKI,Droga wojewódzka,740,Jednojezdniowa dwukierunkowa,Odcinek prosty,Obszar zabudowany,"21,1083333333333","51,5463888888889",Jezdnia,Dobre warunki atmosferyczne,Światło dzienne,Najechanie na pieszego,1,0,0,Nieokreślone (puste pole),N,,,,,,,,,,,,,,,,,,
EWK-98220058Q,2014,2014-05-04,16,POWIAT MŁAWSKI,MŁAWA - OBSZAR MIEJSKI,Droga gminna,GMINNA,Jednojezdniowa dwukierunkowa,,Obszar zabudowany,"20,495","53,2172222222222",Jezdnia,Dobre warunki atmosferyczne,Światło dzienne,Zderzenie pojazdów boczne,1,0,2,Lekko,N,,,,,,,,,,,,,,,,,,
EWK-98220058Q,2014,2014-05-04,16,POWIAT MŁAWSKI,MŁAWA - OBSZAR MIEJSKI,Droga gminna,GMINNA,Jednojezdniowa dwukierunkowa,,Obszar zabudowany,"20,495","53,2172222222222",Jezdnia,Dobre warunki atmosferyczne,Światło dzienne,Zderzenie pojazdów boczne,1,0,0,Nieokreślone (puste pole),N,,,,,,,,,,,,,,,,,,
EWK-98226090W,2014,2014-05-05,6,POWIAT GRÓJECKI,GRÓJEC - OBSZAR WIEJSKI,Droga krajowa,7,Dwie jezdnie jednokierunkowe,Odcinek prosty,Obszar niezabudowany,"20,9380555555556","51,9341666666667",Jezdnia,Dobre warunki atmosferyczne,Światło dzienne,Inne,1,0,2,Lekko,N,,,,,,,,,,,,,,,,,,
EWK-98226090W,2014,2014-05-05,6,POWIAT GRÓJECKI,GRÓJEC - OBSZAR WIEJSKI,Droga krajowa,7,Dwie jezdnie jednokierunkowe,Odcinek prosty,Obszar niezabudowany,"20,9380555555556","51,9341666666667",Jezdnia,Dobre warunki atmosferyczne,Światło dzienne,Inne,1,0,0,Nieokreślone (puste pole),N,,,,,,,,,,,,,,,,,,
EWK-98223547R,2014,2014-05-05,7,POWIAT KOZIENICKI,MAGNUSZEW - OBSZAR WIEJSKI,Droga krajowa,79,Jednojezdniowa dwukierunkowa,Odcinek prosty,Obszar niezabudowany,"21,5038888888889","51,7911111111111","Skarpa, rów",Dobre warunki atmosferyczne,Światło dzienne,Najechanie na drzewo,1,0,1,Lekko,N,,,,,,,,,,,,,,,,,,
EWK-98228960T,2014,2014-05-05,14,POWIAT WYSZKOWSKI,WYSZKÓW - OBSZAR MIEJSKI,Droga gminna,G440591W,Jednojezdniowa dwukierunkowa,Odcinek prosty,Obszar zabudowany,"21,4802777777778","52,6597222222222",Jezdnia,Dobre warunki atmosferyczne,Światło dzienne,Najechanie na pieszego,1,0,1,Ciężko,N,,,,,,,,,,,,,,,,,,
EWK-98228960T,2014,2014-05-05,14,POWIAT WYSZKOWSKI,WYSZKÓW - OBSZAR MIEJSKI,Droga gminna,G440591W,Jednojezdniowa dwukierunkowa,Odcinek prosty,Obszar zabudowany,"21,4802777777778","52,6597222222222",Jezdnia,Dobre warunki atmosferyczne,Światło dzienne,Najechanie na pieszego,1,0,0,Nieokreślone (puste pole),N,,,,,,,,,,,,,,,,,,
EWK-98220892P,2014,2014-05-05,2,POWIAT RADOM,RADOM - OBSZAR MIEJSKI,Droga krajowa,7,Dwie jezdnie jednokierunkowe,,Obszar zabudowany,"21,1544444444444","51,5308333333333",Jezdnia,Dobre warunki atmosferyczne,Światło dzienne,Wywrócenie się pojazdu,1,0,1,Lekko,T,,,,,,,,,,,,,,,,,,
EWK-98220892P,2014,2014-05-05,2,POWIAT RADOM,RADOM - OBSZAR MIEJSKI,Droga krajowa,7,Dwie jezdnie jednokierunkowe,,Obszar zabudowany,"21,1544444444444","51,5308333333333",Jezdnia,Dobre warunki atmosferyczne,Światło dzienne,Wywrócenie się pojazdu,1,0,0,Nieokreślone (puste pole),T,,,,,,,,,,,,,,,,,,
EWK-98221461J,2014,2014-05-05,18,POWIAT RADOM,RADOM - OBSZAR MIEJSKI,Droga gminna,G530080W,Jednojezdniowa dwukierunkowa,Odcinek prosty,Obszar zabudowany,"21,1877777777778","51,4475",Jezdnia,Dobre warunki atmosferyczne,Światło dzienne,Wywrócenie się pojazdu,1,0,1,Ciężko,N,,,,,,,,,,,,,,,,,,
EWK-98220942M,2014,2014-05-05,9,POWIAT OSTROŁĘCKI,TROSZYN - OBSZAR WIEJSKI,Droga powiatowa,2559W,Jednojezdniowa dwukierunkowa,,Obszar zabudowany,"21,87","53,1608333333333",Jezdnia,Dobre warunki atmosferyczne,Światło dzienne,Zderzenie pojazdów boczne,1,1,0,Nieokreślone (puste pole),N,,,,,,,,,,,,,,,,,,
EWK-98221450J,2014,2014-05-05,17,POWIAT RADOM,RADOM - OBSZAR MIEJSKI,Droga wojewódzka,737,Jednojezdniowa dwukierunkowa,,Obszar zabudowany,"21,3713888888889","51,5322222222222",Jezdnia,Dobre warunki atmosferyczne,Światło dzienne,Zderzenie pojazdów boczne,1,0,1,Lekko,N,,,,,,,,,,,,,,,,,,
EWK-98221450J,2014,2014-05-05,17,POWIAT RADOM,RADOM - OBSZAR MIEJSKI,Droga wojewódzka,737,Jednojezdniowa dwukierunkowa,,Obszar zabudowany,"21,3713888888889","51,5322222222222",Jezdnia,Dobre warunki atmosferyczne,Światło dzienne,Zderzenie pojazdów boczne,1,0,0,Nieokreślone (puste pole),N,,,,,,,,,,,,,,,,,,
EWK-98221419J,2014,2014-05-05,18,POWIAT RADOMSKI,JEDLNIA-LETNISKO - OBSZAR WIEJSKI,Droga krajowa,12,Jednojezdniowa dwukierunkowa,Odcinek prosty,Obszar niezabudowany,"21,3758333333333","51,4538888888889",Jezdnia,Dobre warunki atmosferyczne,Światło dzienne,Zderzenie pojazdów tylne,1,0,1,Lekko,N,,,,,,,,,,,,,,,,,,