IDKSIP,year,date,hour,district,district_commune,road_category,road_number,type_of_road,road_geometry,area,Longitude,Latitude,char_place_of_the_event,weather_conditions,lighting,type_of_accident,num_of_accidents,num_of_fatalities,num_of_injured,type_of_injury,is_offender_intoxicated,,,,,,,,,,,,,,,,,,
EWK-98230132Q,2014,2014-05-11,18,POWIAT GRÓJECKI,GRÓJEC - OBSZAR WIEJSKI,Droga gminna,GMINNA,Jednojezdniowa dwukierunkowa,Odcinek prosty,Obszar niezabudowany,"21,0711111111111","51,8758333333333",Jezdnia,Dobre warunki atmosferyczne,Światło dzienne,Zderzenie pojazdów boczne,1,0,0,Nieokreślone (puste pole),N,,,,,,,,,,,,,,,,,,
EWK-98232886N,2014,2014-05-11,18,POWIAT WYSZKOWSKI,SOMIANKA - OBSZAR WIEJSKI,Droga krajowa,62,Jednojezdniowa dwukierunkowa,,Obszar niezabudowany,"21,2327777777778","52,6980555555556",Jezdnia,Dobre warunki atmosferyczne,Światło dzienne,Zderzenie pojazdów boczne,1,0,2,Lekko,N,,,,,,,,,,,,,,,,,,
EWK-98232886N,2014,2014-05-11,18,POWIAT WYSZKOWSKI,SOMIANKA - OBSZAR WIEJSKI,Droga krajowa,62,Jednojezdniowa dwukierunkowa,,Obszar niezabudowany,"21,2327777777778","52,6980555555556",Jezdnia,Dobre warunki atmosferyczne,Światło dzienne,Zderzenie pojazdów boczne,1,0,0,Nieokreślone (puste pole),N,,,,,,,,,,,,,,,,,,
EWK-98228703N,2014,2014-05-11,21,POWIAT ŁOSICKI,PLATERÓW - OBSZAR WIEJSKI,Droga powiatowa,02102W,Jednojezdniowa dwukierunkowa,Odcinek prosty,Obszar zabudowany,"22,8586111111111","52,4447222222222",Jezdnia,Pochmurno,Noc - droga nieoświetlona,Najechanie na pieszego,1,1,0,Nieokreślone (puste pole),N,,,,,,,,,,,,,,,,,,
EWK-98228584K,2014,2014-05-11,14,POWIAT WĘGROWSKI,WIERZBNO - OBSZAR WIEJSKI,Droga powiatowa,36302W,Jednojezdniowa dwukierunkowa,Odcinek prosty,Obszar zabudowany,"21,9466666666667","52,3627777777778",Jezdnia,Pochmurno,Światło dzienne,"Najechanie na słup, znak",1,0,2,Lekko,N,,,,,,,,,,,,,,,,,,
EWK-98228584K,2014,2014-05-11,14,POWIAT WĘGROWSKI,WIERZBNO - OBSZAR WIEJSKI,Droga powiatowa,36302W,Jednojezdniowa dwukierunkowa,Odcinek prosty,Obszar zabudowany,"21,9466666666667","52,3627777777778",Jezdnia,Pochmurno,Światło dzienne,"Najechanie na słup, znak",1,0,0,Nieokreślone (puste pole),N,,,,,,,,,,,,,,,,,,
EWK-98236184Y,2014,2014-05-12,21,POWIAT PUŁTUSKI,OBRYTE - OBSZAR WIEJSKI,Droga gminna,G340206W,Jednojezdniowa dwukierunkowa,Odcinek prosty,Obszar zabudowany,"21,3808333333333","52,7594444444445",Jezdnia,Dobre warunki atmosferyczne,Noc - droga oświetlona,Wywrócenie się pojazdu,1,0,1,Ciężko,T,,,,,,,,,,,,,,,,,,
EWK-98230741U,2014,2014-05-12,6,POWIAT PŁOCKI,SŁUPNO - OBSZAR WIEJSKI,Droga krajowa,62,Jednojezdniowa dwukierunkowa,Odcinek prosty,Obszar niezabudowany,"19,8916666666667","52,5922222222222",Jezdnia,Dobre warunki atmosferyczne,Światło dzienne,Zderzenie pojazdów czołowe,1,0,2,Lekko,N,,,,,,,,,,,,,,,,,,
EWK-98230741U,2014,2014-05-12,6,POWIAT PŁOCKI,SŁUPNO - OBSZAR WIEJSKI,Droga krajowa,62,Jednojezdniowa dwukierunkowa,Odcinek prosty,Obszar niezabudowany,"19,8916666666667","52,5922222222222",Jezdnia,Dobre warunki atmosferyczne,Światło dzienne,Zderzenie pojazdów czołowe,1,0,0,Nieokreślone (puste pole),N,,,,,,,,,,,,,,,,,,
EWK-98231264Y,2014,2014-05-12,16,POWIAT SOCHACZEWSKI,BROCHÓW - OBSZAR WIEJSKI,Droga wojewódzka,705,Jednojezdniowa dwukierunkowa,Odcinek prosty,Obszar niezabudowany,"20,42","52,3366666666667",Jezdnia,Dobre warunki atmosferyczne,Światło dzienne,Zderzenie pojazdów czołowe,1,0,1,Ciężko,T,,,,,,,,,,,,,,,,,,
EWK-98231264Y,2014,2014-05-12,16,POWIAT SOCHACZEWSKI,BROCHÓW - OBSZAR WIEJSKI,Droga wojewódzka,705,Jednojezdniowa dwukierunkowa,Odcinek prosty,Obszar niezabudowany,"20,42","52,3366666666667",Jezdnia,Dobre warunki atmosferyczne,Światło dzienne,Zderzenie pojazdów czołowe,1,0,0,Nieokreślone (puste pole),T,,,,,,,,,,,,,,,,,,
EWK-98230659H,2014,2014-05-12,3,POWIAT PRZYSUSKI,KLWÓW - OBSZAR WIEJSKI,Droga krajowa,48,Jednojezdniowa dwukierunkowa,Odcinek prosty,Obszar zabudowany,"20,7036111111111","51,5458333333333",Jezdnia,Opady deszczu,Noc - droga oświetlona,Zderzenie pojazdów boczne,1,0,1,Ciężko,T,,,,,,,,,,,,,,,,,,
EWK-98230659H,2014,2014-05-12,3,POWIAT PRZYSUSKI,KLWÓW - OBSZAR WIEJSKI,Droga krajowa,48,Jednojezdniowa dwukierunkowa,Odcinek prosty,Obszar zabudowany,"20,7036111111111","51,5458333333333",Jezdnia,Opady deszczu,Noc - droga oświetlona,Zderzenie pojazdów boczne,1,0,4,Lekko,T,,,,,,,,,,,,,,,,,,
EWK-98230659H,2014,2014-05-12,3,POWIAT PRZYSUSKI,KLWÓW - OBSZAR WIEJSKI,Droga krajowa,48,Jednojezdniowa dwukierunkowa,Odcinek prosty,Obszar zabudowany,"20,7036111111111","51,5458333333333",Jezdnia,Opady deszczu,Noc - droga oświetlona,Zderzenie pojazdów boczne,1,0,0,Nieokreślone (puste pole),T,,,,,,,,,,,,,,,,,,
EWK-98230570Y,2014,2014-05-12,17,POWIAT RADOM,RADOM - OBSZAR MIEJSKI,Droga krajowa,9,Dwie jezdnie jednokierunkowe,Odcinek prosty,Obszar zabudowany,"21,1613888888889","51,5272222222222",Jezdnia,Pochmurno,Światło dzienne,Zderzenie pojazdów tylne,1,0,1,Lekko,N,,,,,,,,,,,,,,,,,,
EWK-98230570Y,2014,2014-05-12,17,POWIAT RADOM,RADOM - OBSZAR MIEJSKI,Droga krajowa,9,Dwie jezdnie jednokierunkowe,Odcinek prosty,Obszar zabudowany,"21,1613888888889","51,5272222222222",Jezdnia,Pochmurno,Światło dzienne,Zderzenie pojazdów tylne,1,0,0,Nieokreślone (puste pole),N,,,,,,,,,,,,,,,,,,
EWK-98230586Q,2014,2014-05-12,15,POWIAT RADOM,RADOM - OBSZAR MIEJSKI,Droga powiatowa,P5329W,Jednojezdniowa dwukierunkowa,Odcinek prosty,Obszar zabudowany,"21,2027777777778","51,4136111111111",Jezdnia,Pochmurno,Światło dzienne,Zderzenie pojazdów tylne,1,0,2,Lekko,N,,,,,,,,,,,,,,,,,,
EWK-98230586Q,2014,2014-05-12,15,POWIAT RADOM,RADOM - OBSZAR MIEJSKI,Droga powiatowa,P5329W,Jednojezdniowa dwukierunkowa,Odcinek prosty,Obszar zabudowany,"21,2027777777778","51,4136111111111",Jezdnia,Pochmurno,Światło dzienne,Zderzenie pojazdów tylne,1,0,0,Nieokreślone (puste pole),N,,,,,,,,,,,,,,,,,,
EWK-98232714Q,2014,2014-05-13,13,POWIAT RADOM,RADOM - OBSZAR MIEJSKI,Droga powiatowa,P5321W,Jednojezdniowa dwukierunkowa,Odcinek prosty,Obszar zabudowany,"21,3097222222222","51,5222222222222",Przejście dla pieszych,Dobre warunki atmosferyczne,Światło dzienne,Najechanie na pieszego,1,0,1,Lekko,N,,,,,,,,,,,,,,,,,,
EWK-98232714Q,2014,2014-05-13,13,POWIAT RADOM,RADOM - OBSZAR MIEJSKI,Droga powiatowa,P5321W,Jednojezdniowa dwukierunkowa,Odcinek prosty,Obszar zabudowany,"21,3097222222222","51,5222222222222",Przejście dla pieszych,Dobre warunki atmosferyczne,Światło dzienne,Najechanie na pieszego,1,0,0,Nieokreślone (puste pole),N,,,,,,,,,,,,,,,,,,
EWK-98246791G,2014,2014-05-13,22,POWIAT SIEDLECKI,WIŚNIEW - OBSZAR WIEJSKI,Droga krajowa,63,Jednojezdniowa dwukierunkowa,Odcinek prosty,Obszar niezabudowany,"22,3858333333333","52,07",Jezdnia,Dobre warunki atmosferyczne,Noc - droga nieoświetlona,Zderzenie pojazdów boczne,1,0,1,Ciężko,T,,,,,,,,,,,,,,,,,,
EWK-98246791G,2014,2014-05-13,22,POWIAT SIEDLECKI,WIŚNIEW - OBSZAR WIEJSKI,Droga krajowa,63,Jednojezdniowa dwukierunkowa,Odcinek prosty,Obszar niezabudowany,"22,3858333333333","52,07",Jezdnia,Dobre warunki atmosferyczne,Noc - droga nieoświetlona,Zderzenie pojazdów boczne,1,0,0,Nieokreślone (puste pole),T,,,,,,,,,,,,,,,,,,
EWK-98233581Y,2014,2014-05-13,16,POWIAT PŁOCK,PŁOCK - OBSZAR MIEJSKI,Droga powiatowa,P,Jednojezdniowa dwukierunkowa,,Obszar zabudowany,"19,8155555555556","52,5622222222222",Jezdnia,Dobre warunki atmosferyczne,Światło dzienne,Zderzenie pojazdów boczne,1,0,2,Lekko,N,,,,,,,,,,,,,,,,,,
EWK-98233581Y,2014,2014-05-13,16,POWIAT PŁOCK,PŁOCK - OBSZAR MIEJSKI,Droga powiatowa,P,Jednojezdniowa dwukierunkowa,,Obszar zabudowany,"19,8155555555556","52,5622222222222",Jezdnia,Dobre warunki atmosferyczne,Światło dzienne,Zderzenie pojazdów boczne,1,0,0,Nieokreślone (puste pole),N,,,,,,,,,,,,,,,,,,
EWK-98233559T,2014,2014-05-13,7,POWIAT PŁOCKI,RADZANOWO - OBSZAR WIEJSKI,Droga krajowa,60,Jednojezdniowa dwukierunkowa,Odcinek prosty,Obszar niezabudowany,"19,8563888888889","52,6533333333333",Jezdnia,Dobre warunki atmosferyczne,Światło dzienne,Zderzenie pojazdów czołowe,1,0,1,Ciężko,N,,,,,,,,,,,,,,,,,,
EWK-98233559T,2014,2014-05-13,7,POWIAT PŁOCKI,RADZANOWO - OBSZAR WIEJSKI,Droga krajowa,60,Jednojezdniowa dwukierunkowa,Odcinek prosty,Obszar niezabudowany,"19,8563888888889","52,6533333333333",Jezdnia,Dobre warunki atmosferyczne,Światło dzienne,Zderzenie pojazdów czołowe,1,0,2,Lekko,N,,,,,,,,,,,,,,,,,,
EWK-98233559T,2014,2014-05-13,7,POWIAT PŁOCKI,RADZANOWO - OBSZAR WIEJSKI,Droga krajowa,60,Jednojezdniowa dwukierunkowa,Odcinek prosty,Obszar niezabudowany,"19,8563888888889","52,6533333333333",Jezdnia,Dobre warunki atmosferyczne,Światło dzienne,Zderzenie pojazdów czołowe,1,0,0,Nieokreślone (puste pole),N,,,,,,,,,,,,,,,,,,
EWK-98232398H,2014,2014-05-13,0,T,POWIAT MAKOWSKI, Wzniesienie,60,Droga krajowa,Odcinek prosty,Obszar niezabudowany,"21,2302777777778","52,9566666666667",Jezdnia,Pochmurno,Noc - droga nieoświetlona,Najechanie na pieszego,1,1,0,Nieokreślone (puste pole),Jednojezdniowa dwukierunkowa,,,,,,,,,,,,,,,,,,MAKÓW MAZOWIECKI - OBSZAR MIEJSKI
EWK-98233605G,2014,2014-05-14,10,POWIAT GRÓJECKI,JASIENIEC - OBSZAR WIEJSKI,Droga powiatowa,P,Jednojezdniowa dwukierunkowa,,Obszar zabudowany,"21,0041666666667","51,9491666666667",Jezdnia,Dobre warunki atmosferyczne,Światło dzienne,Najechanie na pieszego,1,0,1,Lekko,N,,,,,,,,,,,,,,,,,,
EWK-98233605G,2014,2014-05-14,10,POWIAT GRÓJECKI,JASIENIEC - OBSZAR WIEJSKI,Droga powiatowa,P,Jednojezdniowa dwukierunkowa,,Obszar zabudowany,"21,0041666666667","51,9491666666667",Jezdnia,Dobre warunki atmosferyczne,Światło dzienne,Najechanie na pieszego,1,0,0,Nieokreślone (puste pole),N,,,,,,,,,,,,,,,,,,
EWK-98237330E,2014,2014-05-14,15,POWIAT WYSZKOWSKI,WYSZKÓW - OBSZAR MIEJSKI,Droga krajowa,62,Jednojezdniowa dwukierunkowa,Odcinek prosty,Obszar zabudowany,"21,4794444444444","52,6672222222222",Przejście dla pieszych,Dobre warunki atmosferyczne,Światło dzienne,Najechanie na pieszego,1,0,1,Lekko,N,,,,,,,,,,,,,,,,,,
EWK-98237330E,2014,2014-05-14,15,POWIAT WYSZKOWSKI,WYSZKÓW - OBSZAR MIEJSKI,Droga krajowa,62,Jednojezdniowa dwukierunkowa,Odcinek prosty,Obszar zabudowany,"21,4794444444444","52,6672222222222",Przejście dla pieszych,Dobre warunki atmosferyczne,Światło dzienne,Najechanie na pieszego,1,0,0,Nieokreślone (puste pole),N,,,,,,,,,,,,,,,,,,
EWK-98233698R,2014,2014-05-14,16,POWIAT RADOM,RADOM - OBSZAR MIEJSKI,Droga powiatowa,P5339W,Jednojezdniowa dwukierunkowa,Odcinek prosty,Obszar zabudowany,"21,2655555555556","51,4222222222222",Przejście dla pieszych,Dobre warunki atmosferyczne,Światło dzienne,Zderzenie pojazdów boczne,1,0,1,Lekko,T,,,,,,,,,,,,,,,,,,
EWK-98233698R,2014,2014-05-14,16,POWIAT RADOM,RADOM - OBSZAR MIEJSKI,Droga powiatowa,P5339W,Jednojezdniowa dwukierunkowa,Odcinek prosty,Obszar zabudowany,"21,2655555555556","51,4222222222222",Przejście dla pieszych,Dobre warunki atmosferyczne,Światło dzienne,Zderzenie pojazdów boczne,1,0,0,Nieokreślone (puste pole),T,,,,,,,,,,,,,,,,,,
EWK-98233595A,2014,2014-05-14,8,POWIAT GRÓJECKI,GRÓJEC - OBSZAR WIEJSKI,Droga krajowa,7,Dwie jezdnie jednokierunkowe,Odcinek prosty,Obszar niezabudowany,"20,8955555555556","52,0552777777778",Jezdnia,Dobre warunki atmosferyczne,Światło dzienne,Zderzenie pojazdów tylne,1,1,0,Nieokreślone (puste pole),N,,,,,,,,,,,,,,,,,,
EWK-98233614G,2014,2014-05-14,22,POWIAT GRÓJECKI,PNIEWY - OBSZAR WIEJSKI,Droga krajowa,50,Jednojezdniowa dwukierunkowa,Odcinek prosty,Obszar zabudowany,"20,7336111111111","52,0347222222222",Jezdnia,Pochmurno,Noc - droga oświetlona,Najechanie na pieszego,1,1,0,Nieokreślone (puste pole),N,,,,,,,,,,,,,,,,,,
EWK-98237872J,2014,2014-05-15,16,POWIAT SIERPECKI,SIERPC - OBSZAR MIEJSKI,Droga wojewódzka,560,Jednojezdniowa dwukierunkowa,,Obszar zabudowany,"19,6955555555556","52,9161111111111",Jezdnia,Dobre warunki atmosferyczne,Światło dzienne,Zderzenie pojazdów boczne,1,0,1,Lekko,N,,,,,,,,,,,,,,,,,,
EWK-98237872J,2014,2014-05-15,16,POWIAT SIERPECKI,SIERPC - OBSZAR MIEJSKI,Droga wojewódzka,560,Jednojezdniowa dwukierunkowa,,Obszar zabudowany,"19,6955555555556","52,9161111111111",Jezdnia,Dobre warunki atmosferyczne,Światło dzienne,Zderzenie pojazdów boczne,1,0,0,Nieokreślone (puste pole),N,,,,,,,,,,,,,,,,,,
EWK-98237085R,2014,2014-05-15,8,POWIAT RADOM,RADOM - OBSZAR MIEJSKI,Droga powiatowa,P5347W,Jednojezdniowa dwukierunkowa,Odcinek prosty,Obszar zabudowany,"21,1886111111111","51,5455555555556",Jezdnia,Dobre warunki atmosferyczne,Światło dzienne,Zderzenie pojazdów tylne,1,0,1,Lekko,N,,,,,,,,,,,,,,,,,,
EWK-98237085R,2014,2014-05-15,8,POWIAT RADOM,RADOM - OBSZAR MIEJSKI,Droga powiatowa,P5347W,Jednojezdniowa dwukierunkowa,Odcinek prosty,Obszar zabudowany,"21,1886111111111","51,5455555555556",Jezdnia,Dobre warunki atmosferyczne,Światło dzienne,Zderzenie pojazdów tylne,1,0,0,Nieokreślone (puste pole),N,,,,,,,,,,,,,,,,,,
EWK-98237112N,2014,2014-05-15,12,POWIAT RADOM,RADOM - OBSZAR MIEJSKI,Droga krajowa,7,Dwie jezdnie jednokierunkowe,,Obszar zabudowany,"21,1805555555556","51,4725",Jezdnia,Dobre warunki atmosferyczne,Światło dzienne,Zderzenie pojazdów tylne,1,0,3,Lekko,N,,,,,,,,,,,,,,,,,,
EWK-98237112N,2014,2014-05-15,12,POWIAT RADOM,RADOM - OBSZAR MIEJSKI,Droga krajowa,7,Dwie jezdnie jednokierunkowe,,Obszar zabudowany,"21,1805555555556","51,4725",Jezdnia,Dobre warunki atmosferyczne,Światło dzienne,Zderzenie pojazdów tylne,1,0,0,Nieokreślone (puste pole),N,,,,,,,,,,,,,,,,,,
EWK-98235441K,2014,2014-05-15,7,POWIAT GRÓJECKI,GRÓJEC - OBSZAR MIEJSKI,Droga gminna,GMINNA,Jednojezdniowa dwukierunkowa,Odcinek prosty,Obszar zabudowany,"20,8744444444444","51,9697222222222",Jezdnia,Opady deszczu,Światło dzienne,Najechanie na pieszego,1,0,1,Ciężko,N,,,,,,,,,,,,,,,,,,
EWK-98235441K,2014,2014-05-15,7,POWIAT GRÓJECKI,GRÓJEC - OBSZAR MIEJSKI,Droga gminna,GMINNA,Jednojezdniowa dwukierunkowa,Odcinek prosty,Obszar zabudowany,"20,8744444444444","51,9697222222222",Jezdnia,Opady deszczu,Światło dzienne,Najechanie na pieszego,1,0,0,Nieokreślone (puste pole),N,,,,,,,,,,,,,,,,,,
EWK-98238045G,2014,2014-05-15,19,POWIAT ZWOLEŃSKI,ZWOLEŃ - OBSZAR MIEJSKI,Nieokreślone (puste pole),,Jednojezdniowa dwukierunkowa,,Obszar zabudowany,"21,6891666666667","51,3658333333333",Jezdnia,Pochmurno,"Zmrok, świt",Zderzenie pojazdów boczne,1,0,1,Lekko,N,,,,,,,,,,,,,,,,,,
EWK-98238045G,2014,2014-05-15,19,POWIAT ZWOLEŃSKI,ZWOLEŃ - OBSZAR MIEJSKI,Nieokreślone (puste pole),,Jednojezdniowa dwukierunkowa,,Obszar zabudowany,"21,6891666666667","51,3658333333333",Jezdnia,Pochmurno,"Zmrok, świt",Zderzenie pojazdów boczne,1,0,0,Nieokreślone (puste pole),N,,,,,,,,,,,,,,,,,,
EWK-98237099C,2014,2014-05-15,0,POWIAT RADOM,RADOM - OBSZAR MIEJSKI,Droga powiatowa,P5339W,Dwie jezdnie jednokierunkowe,Odcinek prosty,Obszar zabudowany,"21,185","51,5644444444444",Droga dla rowerzystów,Pochmurno,Światło dzienne,Zderzenie pojazdów boczne,1,0,1,Lekko,N,,,,,,,,,,,,,,,,,,
EWK-98237099C,2014,2014-05-15,0,POWIAT RADOM,RADOM - OBSZAR MIEJSKI,Droga powiatowa,P5339W,Dwie jezdnie jednokierunkowe,Odcinek prosty,Obszar zabudowany,"21,185","51,5644444444444",Droga dla rowerzystów,Pochmurno,Światło dzienne,Zderzenie pojazdów boczne,1,0,0,Nieokreślone (puste pole),N,,,,,,,,,,,,,,,,,,
EWK-98237357Q,2014,2014-05-15,14,POWIAT WYSZKOWSKI,WYSZKÓW - OBSZAR MIEJSKI,Droga gminna,GMINNA,Jednojezdniowa dwukierunkowa,Odcinek prosty,Obszar zabudowany,"21,4625","52,7211111111111",Jezdnia,Pochmurno,Światło dzienne,Zderzenie pojazdów tylne,1,0,1,Lekko,N,,,,,,,,,,,,,,,,,,
EWK-98237357Q,2014,2014-05-15,14,POWIAT WYSZKOWSKI,WYSZKÓW - OBSZAR MIEJSKI,Droga gminna,GMINNA,Jednojezdniowa dwukierunkowa,Odcinek prosty,Obszar zabudowany,"21,4625","52,7211111111111",Jezdnia,Pochmurno,Światło dzienne,Zderzenie pojazdów tylne,1,0,0,Nieokreślone (puste pole),N,,,,,,,,,,,,,,,,,,
EWK-98237504C,2014,2014-05-16,14,POWIAT SOKOŁOWSKI,KOSÓW LACKI - OBSZAR WIEJSKI,Droga powiatowa,36121W,Jednojezdniowa dwukierunkowa,,Obszar niezabudowany,"22,1191666666667","52,6758333333333",Jezdnia,Dobre warunki atmosferyczne,Światło dzienne,Zderzenie pojazdów boczne,1,0,1,Ciężko,N,,,,,,,,,,,,,,,,,,
EWK-98237504C,2014,2014-05-16,14,POWIAT SOKOŁOWSKI,KOSÓW LACKI - OBSZAR WIEJSKI,Droga powiatowa,36121W,Jednojezdniowa dwukierunkowa,,Obszar niezabudowany,"22,1191666666667","52,6758333333333",Jezdnia,Dobre warunki atmosferyczne,Światło dzienne,Zderzenie pojazdów boczne,1,0,1,Lekko,N,,,,,,,,,,,,,,,,,,
EWK-98237504C,2014,2014-05-16,14,POWIAT SOKOŁOWSKI,KOSÓW LACKI - OBSZAR WIEJSKI,Droga powiatowa,36121W,Jednojezdniowa dwukierunkowa,,Obszar niezabudowany,"22,1191666666667","52,6758333333333",Jezdnia,Dobre warunki atmosferyczne,Światło dzienne,Zderzenie pojazdów boczne,1,1,0,Nieokreślone (puste pole),N,,,,,,,,,,,,,,,,,,
EWK-98250578E,2014,2014-05-16,10,POWIAT GARWOLIŃSKI,TROJANÓW - OBSZAR WIEJSKI,Droga krajowa,17,Jednojezdniowa dwukierunkowa,,Obszar niezabudowany,"21,8936111111111","51,7988888888889",Jezdnia,Dobre warunki atmosferyczne,Światło dzienne,Zderzenie pojazdów boczne,1,0,1,Ciężko,N,,,,,,,,,,,,,,,,,,
EWK-98250578E,2014,2014-05-16,10,POWIAT GARWOLIŃSKI,TROJANÓW - OBSZAR WIEJSKI,Droga krajowa,17,Jednojezdniowa dwukierunkowa,,Obszar niezabudowany,"21,8936111111111","51,7988888888889",Jezdnia,Dobre warunki atmosferyczne,Światło dzienne,Zderzenie pojazdów boczne,1,0,0,Nieokreślone (puste pole),N,,,,,,,,,,,,,,,,,,
EWK-98239616Y,2014,2014-05-16,23,POWIAT PŁOŃSKI,PŁOŃSK - OBSZAR WIEJSKI,Droga krajowa,7,Dwie jezdnie jednokierunkowe,,Obszar niezabudowany,"20,5122222222222","52,6072222222222",Jezdnia,Opady deszczu,Noc - droga oświetlona,Zderzenie pojazdów boczne,1,0,1,Ciężko,T,,,,,,,,,,,,,,,,,,
EWK-98239616Y,2014,2014-05-16,23,POWIAT PŁOŃSKI,PŁOŃSK - OBSZAR WIEJSKI,Droga krajowa,7,Dwie jezdnie jednokierunkowe,,Obszar niezabudowany,"20,5122222222222","52,6072222222222",Jezdnia,Opady deszczu,Noc - droga oświetlona,Zderzenie pojazdów boczne,1,0,0,Nieokreślone (puste pole),T,,,,,,,,,,,,,,,,,,
EWK-98242362L,2014,2014-05-16,13,POWIAT LIPSKI,CIEPIELÓW - OBSZAR WIEJSKI,Droga krajowa,79,Jednojezdniowa dwukierunkowa,Odcinek prosty,Obszar niezabudowany,"21,7383333333333","51,2525",Jezdnia,Opady deszczu,Światło dzienne,Zderzenie pojazdów boczne,1,0,1,Lekko,N,,,,,,,,,,,,,,,,,,
EWK-98242362L,2014,2014-05-16,13,POWIAT LIPSKI,CIEPIELÓW - OBSZAR WIEJSKI,Droga krajowa,79,Jednojezdniowa dwukierunkowa,Odcinek prosty,Obszar niezabudowany,"21,7383333333333","51,2525",Jezdnia,Opady deszczu,Światło dzienne,Zderzenie pojazdów boczne,1,0,0,Nieokreślone (puste pole),N,,,,,,,,,,,,,,,,,,
EWK-98237714T,2014,2014-05-16,14,POWIAT GRÓJECKI,NOWE MIASTO NAD PILICĄ - OBSZAR WIEJSKI,Droga wojewódzka,707,Jednojezdniowa dwukierunkowa,Odcinek prosty,Obszar niezabudowany,"20,6266666666667","51,7363888888889",Jezdnia,Pochmurno,Światło dzienne,Wywrócenie się pojazdu,1,0,1,Lekko,N,,,,,,,,,,,,,,,,,,
EWK-98237714T,2014,2014-05-16,14,POWIAT GRÓJECKI,NOWE MIASTO NAD PILICĄ - OBSZAR WIEJSKI,Droga wojewódzka,707,Jednojezdniowa dwukierunkowa,Odcinek prosty,Obszar niezabudowany,"20,6266666666667","51,7363888888889",Jezdnia,Pochmurno,Światło dzienne,Wywrócenie się pojazdu,1,0,0,Nieokreślone (puste pole),N,,,,,,,,,,,,,,,,,,
EWK-98239231D,2014,2014-05-16,18,POWIAT OSTROŁĘCKI,ŁYSE - OBSZAR WIEJSKI,Droga wojewódzka,645,Jednojezdniowa dwukierunkowa,"Zakręt, łuk",Obszar niezabudowany,"21,6222222222222","53,3580555555556",Jezdnia,Pochmurno,Światło dzienne,Wywrócenie się pojazdu,1,0,1,Lekko,N,,,,,,,,,,,,,,,,,,
EWK-98238236X,2014,2014-05-16,14,POWIAT KOZIENICKI,GŁOWACZÓW - OBSZAR WIEJSKI,Droga krajowa,48,Jednojezdniowa dwukierunkowa,"Zakręt, łuk",Obszar niezabudowany,"21,4452777777778","51,765",Jezdnia,Pochmurno,Światło dzienne,Zderzenie pojazdów czołowe,1,0,1,Ciężko,N,,,,,,,,,,,,,,,,,,
EWK-98238236X,2014,2014-05-16,14,POWIAT KOZIENICKI,GŁOWACZÓW - OBSZAR WIEJSKI,Droga krajowa,48,Jednojezdniowa dwukierunkowa,"Zakręt, łuk",Obszar niezabudowany,"21,4452777777778","51,765",Jezdnia,Pochmurno,Światło dzienne,Zderzenie pojazdów czołowe,1,0,0,Nieokreślone (puste pole),N,,,,,,,,,,,,,,,,,,
EWK-98237800Q,2014,2014-05-17,12,POWIAT MŁAWSKI,SZREŃSK - OBSZAR WIEJSKI,Droga powiatowa,P3015W,Jednojezdniowa dwukierunkowa,Odcinek prosty,Obszar niezabudowany,"20,305","53,0697222222222",Jezdnia,Dobre warunki atmosferyczne,Światło dzienne,Najechanie na drzewo,1,0,2,Ciężko,N,,,,,,,,,,,,,,,,,,
EWK-98237800Q,2014,2014-05-17,12,POWIAT MŁAWSKI,SZREŃSK - OBSZAR WIEJSKI,Droga powiatowa,P3015W,Jednojezdniowa dwukierunkowa,Odcinek prosty,Obszar niezabudowany,"20,305","53,0697222222222",Jezdnia,Dobre warunki atmosferyczne,Światło dzienne,Najechanie na drzewo,1,0,1,Lekko,N,,,,,,,,,,,,,,,,,,
EWK-98237800Q,2014,2014-05-17,12,POWIAT MŁAWSKI,SZREŃSK - OBSZAR WIEJSKI,Droga powiatowa,P3015W,Jednojezdniowa dwukierunkowa,Odcinek prosty,Obszar niezabudowany,"20,305","53,0697222222222",Jezdnia,Dobre warunki atmosferyczne,Światło dzienne,Najechanie na drzewo,1,1,0,Nieokreślone (puste pole),N,,,,,,,,,,,,,,,,,,
EWK-98245784X,2014,2014-05-17,17,POWIAT OSTROŁĘCKI,LELIS - OBSZAR WIEJSKI,Droga powiatowa,2537W,Jednojezdniowa dwukierunkowa,Odcinek prosty,Obszar zabudowany,"21,6258333333333","53,2777777777778",Jezdnia,Dobre warunki atmosferyczne,Światło dzienne,Najechanie na pieszego,1,0,1,Lekko,N,,,,,,,,,,,,,,,,,,
EWK-98245784X,2014,2014-05-17,17,POWIAT OSTROŁĘCKI,LELIS - OBSZAR WIEJSKI,Droga powiatowa,2537W,Jednojezdniowa dwukierunkowa,Odcinek prosty,Obszar zabudowany,"21,6258333333333","53,2777777777778",Jezdnia,Dobre warunki atmosferyczne,Światło dzienne,Najechanie na pieszego,1,0,0,Nieokreślone (puste pole),N,,,,,,,,,,,,,,,,,,
EWK-98240126L,2014,2014-05-17,20,POWIAT PRZYSUSKI,KLWÓW - OBSZAR WIEJSKI,Droga powiatowa,34330W,Jednojezdniowa dwukierunkowa,Odcinek prosty,Obszar niezabudowany,"20,7230555555556","51,535",Jezdnia,Dobre warunki atmosferyczne,"Zmrok, świt",Zderzenie pojazdów boczne,1,0,1,Lekko,N,,,,,,,,,,,,,,,,,,