IDKSIP,year,date,hour,district,district_commune,road_category,road_number,type_of_road,road_geometry,area,Longitude,Latitude,char_place_of_the_event,weather_conditions,lighting,type_of_accident,num_of_accidents,num_of_fatalities,num_of_injured,type_of_injury,is_offender_intoxicated,,,,,,,,,,,,,,,,,,
EWK-98240126L,2014,2014-05-17,20,POWIAT PRZYSUSKI,KLWÓW - OBSZAR WIEJSKI,Droga powiatowa,34330W,Jednojezdniowa dwukierunkowa,Odcinek prosty,Obszar niezabudowany,"20,7230555555556","51,535",Jezdnia,Dobre warunki atmosferyczne,"Zmrok, świt",Zderzenie pojazdów boczne,1,0,0,Nieokreślone (puste pole),N,,,,,,,,,,,,,,,,,,
EWK-98255052U,2014,2014-05-17,12,POWIAT GARWOLIŃSKI,MACIEJOWICE - OBSZAR WIEJSKI,Droga wojewódzka,801,Jednojezdniowa dwukierunkowa,Odcinek prosty,Obszar zabudowany,"21,5872222222222","51,7680555555556",Jezdnia,Dobre warunki atmosferyczne,Światło dzienne,Zderzenie pojazdów czołowe,1,0,1,Lekko,N,,,,,,,,,,,,,,,,,,
EWK-98255052U,2014,2014-05-17,12,POWIAT GARWOLIŃSKI,MACIEJOWICE - OBSZAR WIEJSKI,Droga wojewódzka,801,Jednojezdniowa dwukierunkowa,Odcinek prosty,Obszar zabudowany,"21,5872222222222","51,7680555555556",Jezdnia,Dobre warunki atmosferyczne,Światło dzienne,Zderzenie pojazdów czołowe,1,0,0,Nieokreślone (puste pole),N,,,,,,,,,,,,,,,,,,
EWK-98238395W,2014,2014-05-17,14,POWIAT RADOM,RADOM - OBSZAR MIEJSKI,Droga wojewódzka,737,Jednojezdniowa dwukierunkowa,Odcinek prosty,Obszar zabudowany,"21,2988888888889","51,5591666666667",Jezdnia,Dobre warunki atmosferyczne,Światło dzienne,Zderzenie pojazdów tylne,1,0,1,Lekko,N,,,,,,,,,,,,,,,,,,
EWK-98238395W,2014,2014-05-17,14,POWIAT RADOM,RADOM - OBSZAR MIEJSKI,Droga wojewódzka,737,Jednojezdniowa dwukierunkowa,Odcinek prosty,Obszar zabudowany,"21,2988888888889","51,5591666666667",Jezdnia,Dobre warunki atmosferyczne,Światło dzienne,Zderzenie pojazdów tylne,1,0,0,Nieokreślone (puste pole),N,,,,,,,,,,,,,,,,,,
EWK-98238668Q,2014,2014-05-18,23,POWIAT KOZIENICKI,KOZIENICE - OBSZAR WIEJSKI,Droga krajowa,79,Jednojezdniowa dwukierunkowa,"Zakręt, łuk",Obszar niezabudowany,"21,6447222222222","51,6511111111111",Pobocze,Dobre warunki atmosferyczne,Noc - droga nieoświetlona,Wywrócenie się pojazdu,1,0,2,Ciężko,T,,,,,,,,,,,,,,,,,,
EWK-98249544J,2014,2014-05-18,20,POWIAT ŻYRARDOWSKI,MSZCZONÓW - OBSZAR WIEJSKI,Droga gminna,GMINNA,Jednojezdniowa dwukierunkowa,Spadek,Obszar zabudowany,"20,5330555555556","52,0602777777778",Jezdnia,Dobre warunki atmosferyczne,Światło dzienne,Wywrócenie się pojazdu,1,0,1,Ciężko,N,,,,,,,,,,,,,,,,,,
EWK-98238992L,2014,2014-05-18,10,POWIAT PŁOCK,PŁOCK - OBSZAR MIEJSKI,Droga wojewódzka,575,Jednokierunkowa,,Obszar zabudowany,"19,8077777777778","52,5780555555556",Jezdnia,Dobre warunki atmosferyczne,Światło dzienne,Zderzenie pojazdów boczne,1,0,2,Lekko,N,,,,,,,,,,,,,,,,,,
EWK-98238992L,2014,2014-05-18,10,POWIAT PŁOCK,PŁOCK - OBSZAR MIEJSKI,Droga wojewódzka,575,Jednokierunkowa,,Obszar zabudowany,"19,8077777777778","52,5780555555556",Jezdnia,Dobre warunki atmosferyczne,Światło dzienne,Zderzenie pojazdów boczne,1,0,0,Nieokreślone (puste pole),N,,,,,,,,,,,,,,,,,,
EWK-98244165M,2014,2014-05-18,7,POWIAT GARWOLIŃSKI,TROJANÓW - OBSZAR WIEJSKI,Droga krajowa,17,Jednojezdniowa dwukierunkowa,Odcinek prosty,Obszar niezabudowany,"21,9147222222222","51,8166666666667",Jezdnia,Dobre warunki atmosferyczne,Światło dzienne,Zderzenie pojazdów boczne,1,0,1,Lekko,N,,,,,,,,,,,,,,,,,,
EWK-98244165M,2014,2014-05-18,7,POWIAT GARWOLIŃSKI,TROJANÓW - OBSZAR WIEJSKI,Droga krajowa,17,Jednojezdniowa dwukierunkowa,Odcinek prosty,Obszar niezabudowany,"21,9147222222222","51,8166666666667",Jezdnia,Dobre warunki atmosferyczne,Światło dzienne,Zderzenie pojazdów boczne,1,0,0,Nieokreślone (puste pole),N,,,,,,,,,,,,,,,,,,
EWK-98239624P,2014,2014-05-19,11,POWIAT SOCHACZEWSKI,SOCHACZEW - OBSZAR MIEJSKI,Droga gminna,GMINNA,Jednojezdniowa dwukierunkowa,Odcinek prosty,Obszar zabudowany,"20,3569444444444","52,2766666666667",Jezdnia,Dobre warunki atmosferyczne,Światło dzienne,Najechanie na pieszego,1,0,1,Ciężko,N,,,,,,,,,,,,,,,,,,
EWK-98239624P,2014,2014-05-19,11,POWIAT SOCHACZEWSKI,SOCHACZEW - OBSZAR MIEJSKI,Droga gminna,GMINNA,Jednojezdniowa dwukierunkowa,Odcinek prosty,Obszar zabudowany,"20,3569444444444","52,2766666666667",Jezdnia,Dobre warunki atmosferyczne,Światło dzienne,Najechanie na pieszego,1,0,0,Nieokreślone (puste pole),N,,,,,,,,,,,,,,,,,,
EWK-98260602X,2014,2014-05-19,11,POWIAT GARWOLIŃSKI,GARWOLIN - OBSZAR WIEJSKI,Droga powiatowa,31308W,Jednojezdniowa dwukierunkowa,"Zakręt, łuk",Obszar niezabudowany,"21,6641666666667","52,0361111111111","Skarpa, rów",Dobre warunki atmosferyczne,Światło dzienne,Wywrócenie się pojazdu,1,0,2,Lekko,N,,,,,,,,,,,,,,,,,,
EWK-98240865P,2014,2014-05-19,10,POWIAT SIERPECKI,ZAWIDZ - OBSZAR WIEJSKI,Droga gminna,GMINNA,Jednojezdniowa dwukierunkowa,Odcinek prosty,Obszar zabudowany,"19,8963888888889","52,98",Jezdnia,Dobre warunki atmosferyczne,Światło dzienne,Zderzenie pojazdów boczne,1,0,1,Ciężko,N,,,,,,,,,,,,,,,,,,
EWK-98240865P,2014,2014-05-19,10,POWIAT SIERPECKI,ZAWIDZ - OBSZAR WIEJSKI,Droga gminna,GMINNA,Jednojezdniowa dwukierunkowa,Odcinek prosty,Obszar zabudowany,"19,8963888888889","52,98",Jezdnia,Dobre warunki atmosferyczne,Światło dzienne,Zderzenie pojazdów boczne,1,0,0,Nieokreślone (puste pole),N,,,,,,,,,,,,,,,,,,
EWK-98243699K,2014,2014-05-19,15,POWIAT SIEDLCE,SIEDLCE - OBSZAR MIEJSKI,Droga wojewódzka,W628,Jednojezdniowa dwukierunkowa,,Obszar zabudowany,"22,3641666666667","52,1783333333333",Jezdnia,Dobre warunki atmosferyczne,Światło dzienne,Zderzenie pojazdów boczne,1,0,1,Ciężko,N,,,,,,,,,,,,,,,,,,
EWK-98243699K,2014,2014-05-19,15,POWIAT SIEDLCE,SIEDLCE - OBSZAR MIEJSKI,Droga wojewódzka,W628,Jednojezdniowa dwukierunkowa,,Obszar zabudowany,"22,3641666666667","52,1783333333333",Jezdnia,Dobre warunki atmosferyczne,Światło dzienne,Zderzenie pojazdów boczne,1,0,0,Nieokreślone (puste pole),N,,,,,,,,,,,,,,,,,,
EWK-98242042U,2014,2014-05-19,10,POWIAT PŁOCKI,GĄBIN - OBSZAR WIEJSKI,Droga wojewódzka,577,Jednojezdniowa dwukierunkowa,Odcinek prosty,Obszar niezabudowany,"19,8280555555556","52,4119444444444",Jezdnia,Dobre warunki atmosferyczne,Światło dzienne,Zderzenie pojazdów czołowe,1,1,0,Nieokreślone (puste pole),T,,,,,,,,,,,,,,,,,,
EWK-98242727G,2014,2014-05-20,6,POWIAT RADOMSKI,IŁŻA - OBSZAR MIEJSKI,Droga krajowa,9,Jednojezdniowa dwukierunkowa,,Obszar zabudowany,"21,2961111111111","51,2622222222222","Chodnik, droga dla pieszych",Dobre warunki atmosferyczne,"Zmrok, świt",Najechanie na pieszego,1,0,1,Ciężko,N,,,,,,,,,,,,,,,,,,
EWK-98242727G,2014,2014-05-20,6,POWIAT RADOMSKI,IŁŻA - OBSZAR MIEJSKI,Droga krajowa,9,Jednojezdniowa dwukierunkowa,,Obszar zabudowany,"21,2961111111111","51,2622222222222","Chodnik, droga dla pieszych",Dobre warunki atmosferyczne,"Zmrok, świt",Najechanie na pieszego,1,0,0,Nieokreślone (puste pole),N,,,,,,,,,,,,,,,,,,
EWK-98257641U,2014,2014-05-20,10,POWIAT OSTROŁĘCKI,GOWOROWO - OBSZAR WIEJSKI,Droga powiatowa,4403W,Jednojezdniowa dwukierunkowa,,Obszar zabudowany,"21,6797222222222","52,9158333333333","Chodnik, droga dla pieszych",Dobre warunki atmosferyczne,Światło dzienne,Najechanie na pieszego,1,0,1,Ciężko,N,,,,,,,,,,,,,,,,,,
EWK-98257641U,2014,2014-05-20,10,POWIAT OSTROŁĘCKI,GOWOROWO - OBSZAR WIEJSKI,Droga powiatowa,4403W,Jednojezdniowa dwukierunkowa,,Obszar zabudowany,"21,6797222222222","52,9158333333333","Chodnik, droga dla pieszych",Dobre warunki atmosferyczne,Światło dzienne,Najechanie na pieszego,1,0,0,Nieokreślone (puste pole),N,,,,,,,,,,,,,,,,,,
EWK-98245928M,2014,2014-05-20,15,POWIAT PŁOŃSKI,PŁOŃSK - OBSZAR WIEJSKI,Droga wojewódzka,W632,Jednojezdniowa dwukierunkowa,,Obszar niezabudowany,"20,5083333333333","52,7038888888889",Jezdnia,Dobre warunki atmosferyczne,Światło dzienne,Zderzenie pojazdów czołowe,1,0,1,Ciężko,N,,,,,,,,,,,,,,,,,,
EWK-98245928M,2014,2014-05-20,15,POWIAT PŁOŃSKI,PŁOŃSK - OBSZAR WIEJSKI,Droga wojewódzka,W632,Jednojezdniowa dwukierunkowa,,Obszar niezabudowany,"20,5083333333333","52,7038888888889",Jezdnia,Dobre warunki atmosferyczne,Światło dzienne,Zderzenie pojazdów czołowe,1,0,0,Nieokreślone (puste pole),N,,,,,,,,,,,,,,,,,,
EWK-98259900U,2014,2014-05-20,8,POWIAT ŻYRARDOWSKI,RADZIEJOWICE - OBSZAR WIEJSKI,Droga krajowa,8,Jednojezdniowa dwukierunkowa,,Obszar niezabudowany,"20,6869444444444","52,0411111111111",Jezdnia,Dobre warunki atmosferyczne,Światło dzienne,Zderzenie pojazdów czołowe,1,0,1,Lekko,N,,,,,,,,,,,,,,,,,,
EWK-98259900U,2014,2014-05-20,8,POWIAT ŻYRARDOWSKI,RADZIEJOWICE - OBSZAR WIEJSKI,Droga krajowa,8,Jednojezdniowa dwukierunkowa,,Obszar niezabudowany,"20,6869444444444","52,0411111111111",Jezdnia,Dobre warunki atmosferyczne,Światło dzienne,Zderzenie pojazdów czołowe,1,0,0,Nieokreślone (puste pole),N,,,,,,,,,,,,,,,,,,
EWK-98244120Y,2014,2014-05-20,17,POWIAT SIEDLCE,SIEDLCE - OBSZAR MIEJSKI,Droga wojewódzka,W628,Jednojezdniowa dwukierunkowa,"Zakręt, łuk",Obszar zabudowany,"22,3486111111111","52,2358333333333",Przejście dla pieszych,Pochmurno,Światło dzienne,Najechanie na pieszego,1,0,1,Ciężko,N,,,,,,,,,,,,,,,,,,
EWK-98244120Y,2014,2014-05-20,17,POWIAT SIEDLCE,SIEDLCE - OBSZAR MIEJSKI,Droga wojewódzka,W628,Jednojezdniowa dwukierunkowa,"Zakręt, łuk",Obszar zabudowany,"22,3486111111111","52,2358333333333",Przejście dla pieszych,Pochmurno,Światło dzienne,Najechanie na pieszego,1,0,0,Nieokreślone (puste pole),N,,,,,,,,,,,,,,,,,,
EWK-98260268R,2014,2014-05-21,21,POWIAT GARWOLIŃSKI,TROJANÓW - OBSZAR WIEJSKI,Droga powiatowa,31330W,Jednojezdniowa dwukierunkowa,Odcinek prosty,Obszar niezabudowany,"21,9255555555556","51,7366666666667",Jezdnia,Dobre warunki atmosferyczne,"Zmrok, świt",Inne,1,0,1,Lekko,N,,,,,,,,,,,,,,,,,,
EWK-98245316P,2014,2014-05-21,8,POWIAT KOZIENICKI,KOZIENICE - OBSZAR WIEJSKI,Droga krajowa,48,Jednojezdniowa dwukierunkowa,"Zakręt, łuk",Obszar zabudowany,"21,6586111111111","51,5988888888889",Pobocze,Dobre warunki atmosferyczne,Światło dzienne,Inne,1,0,1,Lekko,N,,,,,,,,,,,,,,,,,,
EWK-98245316P,2014,2014-05-21,8,POWIAT KOZIENICKI,KOZIENICE - OBSZAR WIEJSKI,Droga krajowa,48,Jednojezdniowa dwukierunkowa,"Zakręt, łuk",Obszar zabudowany,"21,6586111111111","51,5988888888889",Pobocze,Dobre warunki atmosferyczne,Światło dzienne,Inne,1,0,0,Nieokreślone (puste pole),N,,,,,,,,,,,,,,,,,,
EWK-98245712U,2014,2014-05-21,15,POWIAT PŁOCKI,BIELSK - OBSZAR WIEJSKI,Droga powiatowa,5201W,Jednojezdniowa dwukierunkowa,Odcinek prosty,Obszar niezabudowany,"19,7586111111111","52,7461111111111","Skarpa, rów",Dobre warunki atmosferyczne,Światło dzienne,Wywrócenie się pojazdu,1,0,1,Lekko,N,,,,,,,,,,,,,,,,,,
EWK-98243702A,2014,2014-05-21,19,POWIAT SOCHACZEWSKI,TERESIN - OBSZAR WIEJSKI,Droga powiatowa,3831W,Jednojezdniowa dwukierunkowa,"Zakręt, łuk",Obszar zabudowany,"20,5122222222222","52,3294444444444",Jezdnia,Dobre warunki atmosferyczne,Światło dzienne,Zdarzenie z pasażerem,1,0,1,Lekko,T,,,,,,,,,,,,,,,,,,
EWK-98243702A,2014,2014-05-21,19,POWIAT SOCHACZEWSKI,TERESIN - OBSZAR WIEJSKI,Droga powiatowa,3831W,Jednojezdniowa dwukierunkowa,"Zakręt, łuk",Obszar zabudowany,"20,5122222222222","52,3294444444444",Jezdnia,Dobre warunki atmosferyczne,Światło dzienne,Zdarzenie z pasażerem,1,0,0,Nieokreślone (puste pole),T,,,,,,,,,,,,,,,,,,
EWK-98244179Y,2014,2014-05-21,1,POWIAT PŁOCKI,WYSZOGRÓD - OBSZAR WIEJSKI,Droga krajowa,62,Jednojezdniowa dwukierunkowa,,Obszar niezabudowany,"20,2861111111111","52,4377777777778",Jezdnia,Dobre warunki atmosferyczne,Noc - droga nieoświetlona,Zderzenie pojazdów boczne,1,0,1,Ciężko,N,,,,,,,,,,,,,,,,,,
EWK-98244179Y,2014,2014-05-21,1,POWIAT PŁOCKI,WYSZOGRÓD - OBSZAR WIEJSKI,Droga krajowa,62,Jednojezdniowa dwukierunkowa,,Obszar niezabudowany,"20,2861111111111","52,4377777777778",Jezdnia,Dobre warunki atmosferyczne,Noc - droga nieoświetlona,Zderzenie pojazdów boczne,1,0,1,Lekko,N,,,,,,,,,,,,,,,,,,
EWK-98242725N,2014,2014-05-21,10,POWIAT SIERPECKI,ZAWIDZ - OBSZAR WIEJSKI,Droga krajowa,10,Jednojezdniowa dwukierunkowa,Odcinek prosty,Obszar niezabudowany,"19,8297222222222","52,9058333333333",Jezdnia,Dobre warunki atmosferyczne,Światło dzienne,Zderzenie pojazdów boczne,1,0,2,Ciężko,N,,,,,,,,,,,,,,,,,,
EWK-98242725N,2014,2014-05-21,10,POWIAT SIERPECKI,ZAWIDZ - OBSZAR WIEJSKI,Droga krajowa,10,Jednojezdniowa dwukierunkowa,Odcinek prosty,Obszar niezabudowany,"19,8297222222222","52,9058333333333",Jezdnia,Dobre warunki atmosferyczne,Światło dzienne,Zderzenie pojazdów boczne,1,0,2,Lekko,N,,,,,,,,,,,,,,,,,,
EWK-98242725N,2014,2014-05-21,10,POWIAT SIERPECKI,ZAWIDZ - OBSZAR WIEJSKI,Droga krajowa,10,Jednojezdniowa dwukierunkowa,Odcinek prosty,Obszar niezabudowany,"19,8297222222222","52,9058333333333",Jezdnia,Dobre warunki atmosferyczne,Światło dzienne,Zderzenie pojazdów boczne,1,0,0,Nieokreślone (puste pole),N,,,,,,,,,,,,,,,,,,
EWK-98260249R,2014,2014-05-21,19,POWIAT GARWOLIŃSKI,GARWOLIN - OBSZAR MIEJSKI,Droga gminna,GMINNA,Jednojezdniowa dwukierunkowa,,Obszar zabudowany,"21,6930555555556","51,9144444444444",Jezdnia,Dobre warunki atmosferyczne,Światło dzienne,Zderzenie pojazdów boczne,1,0,1,Lekko,N,,,,,,,,,,,,,,,,,,
EWK-98260249R,2014,2014-05-21,19,POWIAT GARWOLIŃSKI,GARWOLIN - OBSZAR MIEJSKI,Droga gminna,GMINNA,Jednojezdniowa dwukierunkowa,,Obszar zabudowany,"21,6930555555556","51,9144444444444",Jezdnia,Dobre warunki atmosferyczne,Światło dzienne,Zderzenie pojazdów boczne,1,0,0,Nieokreślone (puste pole),N,,,,,,,,,,,,,,,,,,
EWK-98246307E,2014,2014-05-21,7,POWIAT WYSZKOWSKI,WYSZKÓW - OBSZAR WIEJSKI,Droga wojewódzka,618,Jednojezdniowa dwukierunkowa,Odcinek prosty,Obszar niezabudowany,"21,3886111111111","52,7341666666667",Jezdnia,Dobre warunki atmosferyczne,Światło dzienne,Zderzenie pojazdów czołowe,1,0,1,Lekko,N,,,,,,,,,,,,,,,,,,
EWK-98246307E,2014,2014-05-21,7,POWIAT WYSZKOWSKI,WYSZKÓW - OBSZAR WIEJSKI,Droga wojewódzka,618,Jednojezdniowa dwukierunkowa,Odcinek prosty,Obszar niezabudowany,"21,3886111111111","52,7341666666667",Jezdnia,Dobre warunki atmosferyczne,Światło dzienne,Zderzenie pojazdów czołowe,1,0,0,Nieokreślone (puste pole),N,,,,,,,,,,,,,,,,,,
EWK-98244114Q,2014,2014-05-21,15,POWIAT RADOM,RADOM - OBSZAR MIEJSKI,Droga krajowa,7,Jednojezdniowa dwukierunkowa,,Obszar zabudowany,"21,0980555555556","51,5022222222222",Jezdnia,Dobre warunki atmosferyczne,Światło dzienne,Zderzenie pojazdów tylne,1,0,1,Lekko,N,,,,,,,,,,,,,,,,,,
EWK-98244114Q,2014,2014-05-21,15,POWIAT RADOM,RADOM - OBSZAR MIEJSKI,Droga krajowa,7,Jednojezdniowa dwukierunkowa,,Obszar zabudowany,"21,0980555555556","51,5022222222222",Jezdnia,Dobre warunki atmosferyczne,Światło dzienne,Zderzenie pojazdów tylne,1,0,0,Nieokreślone (puste pole),N,,,,,,,,,,,,,,,,,,
EWK-98245716L,2014,2014-05-21,18,POWIAT PŁOCK,PŁOCK - OBSZAR MIEJSKI,Droga powiatowa,P,Jednojezdniowa dwukierunkowa,Odcinek prosty,Obszar zabudowany,"19,7436111111111","52,6775",Jezdnia,Dobre warunki atmosferyczne,Światło dzienne,Zderzenie pojazdów tylne,1,0,1,Ciężko,N,,,,,,,,,,,,,,,,,,
EWK-98245716L,2014,2014-05-21,18,POWIAT PŁOCK,PŁOCK - OBSZAR MIEJSKI,Droga powiatowa,P,Jednojezdniowa dwukierunkowa,Odcinek prosty,Obszar zabudowany,"19,7436111111111","52,6775",Jezdnia,Dobre warunki atmosferyczne,Światło dzienne,Zderzenie pojazdów tylne,1,0,0,Nieokreślone (puste pole),N,,,,,,,,,,,,,,,,,,
EWK-98260686A,2014,2014-05-21,20,POWIAT MŁAWSKI,STRZEGOWO - OBSZAR WIEJSKI,Droga powiatowa,P2354W,Jednojezdniowa dwukierunkowa,,Obszar zabudowany,"20,3636111111111","52,8983333333333",Jezdnia,Oślepiające słońce,Światło dzienne,Zderzenie pojazdów czołowe,1,0,1,Lekko,N,,,,,,,,,,,,,,,,,,
EWK-98260686A,2014,2014-05-21,20,POWIAT MŁAWSKI,STRZEGOWO - OBSZAR WIEJSKI,Droga powiatowa,P2354W,Jednojezdniowa dwukierunkowa,,Obszar zabudowany,"20,3636111111111","52,8983333333333",Jezdnia,Oślepiające słońce,Światło dzienne,Zderzenie pojazdów czołowe,1,0,0,Nieokreślone (puste pole),N,,,,,,,,,,,,,,,,,,
EWK-98244199L,2014,2014-05-22,1,POWIAT PŁOCKI,SŁUPNO - OBSZAR WIEJSKI,Droga gminna,GMINNA,Jednojezdniowa dwukierunkowa,Odcinek prosty,Obszar zabudowany,"19,9191666666667","52,5994444444445",Pobocze,Dobre warunki atmosferyczne,Noc - droga nieoświetlona,Najechanie na drzewo,1,0,2,Lekko,N,,,,,,,,,,,,,,,,,,
EWK-98245899D,2014,2014-05-22,11,POWIAT GARWOLIŃSKI,MACIEJOWICE - OBSZAR WIEJSKI,Droga wojewódzka,801,Jednojezdniowa dwukierunkowa,"Zakręt, łuk",Obszar niezabudowany,"21,5736111111111","51,8433333333333","Skarpa, rów",Dobre warunki atmosferyczne,Światło dzienne,Najechanie na drzewo,1,0,1,Ciężko,N,,,,,,,,,,,,,,,,,,
EWK-98245899D,2014,2014-05-22,11,POWIAT GARWOLIŃSKI,MACIEJOWICE - OBSZAR WIEJSKI,Droga wojewódzka,801,Jednojezdniowa dwukierunkowa,"Zakręt, łuk",Obszar niezabudowany,"21,5736111111111","51,8433333333333","Skarpa, rów",Dobre warunki atmosferyczne,Światło dzienne,Najechanie na drzewo,1,1,0,Nieokreślone (puste pole),N,,,,,,,,,,,,,,,,,,
EWK-98246208R,2014,2014-05-22,15,POWIAT RADOM,RADOM - OBSZAR MIEJSKI,Droga powiatowa,P5321W,Dwie jezdnie jednokierunkowe,Odcinek prosty,Obszar zabudowany,"21,1902777777778","51,4658333333333",Jezdnia,Dobre warunki atmosferyczne,Światło dzienne,Najechanie na pieszego,1,0,1,Lekko,N,,,,,,,,,,,,,,,,,,
EWK-98246208R,2014,2014-05-22,15,POWIAT RADOM,RADOM - OBSZAR MIEJSKI,Droga powiatowa,P5321W,Dwie jezdnie jednokierunkowe,Odcinek prosty,Obszar zabudowany,"21,1902777777778","51,4658333333333",Jezdnia,Dobre warunki atmosferyczne,Światło dzienne,Najechanie na pieszego,1,0,0,Nieokreślone (puste pole),N,,,,,,,,,,,,,,,,,,
EWK-98244820W,2014,2014-05-22,18,POWIAT OSTROWSKI,NUR - OBSZAR WIEJSKI,Droga krajowa,63,Jednojezdniowa dwukierunkowa,Odcinek prosty,Obszar niezabudowany,"22,4291666666667","52,8027777777778",Jezdnia,Dobre warunki atmosferyczne,Światło dzienne,Zderzenie pojazdów boczne,1,1,0,Nieokreślone (puste pole),N,,,,,,,,,,,,,,,,,,
EWK-98250051P,2014,2014-05-22,16,POWIAT PŁOCKI,DROBIN - OBSZAR WIEJSKI,Droga krajowa,60,Jednojezdniowa dwukierunkowa,Odcinek prosty,Obszar niezabudowany,"20,1158333333333","52,7883333333333","Wjazd, wyjazd z posesji, pola",Dobre warunki atmosferyczne,Światło dzienne,Zderzenie pojazdów boczne,1,0,1,Lekko,N,,,,,,,,,,,,,,,,,,
EWK-98250051P,2014,2014-05-22,16,POWIAT PŁOCKI,DROBIN - OBSZAR WIEJSKI,Droga krajowa,60,Jednojezdniowa dwukierunkowa,Odcinek prosty,Obszar niezabudowany,"20,1158333333333","52,7883333333333","Wjazd, wyjazd z posesji, pola",Dobre warunki atmosferyczne,Światło dzienne,Zderzenie pojazdów boczne,1,0,0,Nieokreślone (puste pole),N,,,,,,,,,,,,,,,,,,
EWK-98246007Q,2014,2014-05-22,16,POWIAT WĘGROWSKI,ŁOCHÓW - OBSZAR WIEJSKI,Droga powiatowa,P,Jednojezdniowa dwukierunkowa,,Obszar zabudowany,"21,8116666666667","52,6591666666667",Jezdnia,Dobre warunki atmosferyczne,Światło dzienne,Zderzenie pojazdów czołowe,1,0,2,Lekko,N,,,,,,,,,,,,,,,,,,
EWK-98246007Q,2014,2014-05-22,16,POWIAT WĘGROWSKI,ŁOCHÓW - OBSZAR WIEJSKI,Droga powiatowa,P,Jednojezdniowa dwukierunkowa,,Obszar zabudowany,"21,8116666666667","52,6591666666667",Jezdnia,Dobre warunki atmosferyczne,Światło dzienne,Zderzenie pojazdów czołowe,1,0,0,Nieokreślone (puste pole),N,,,,,,,,,,,,,,,,,,
EWK-98246194H,2014,2014-05-22,16,POWIAT RADOM,RADOM - OBSZAR MIEJSKI,Droga wojewódzka,737,Jednojezdniowa dwukierunkowa,Odcinek prosty,Obszar zabudowany,"21,3361111111111","51,52",Jezdnia,Dobre warunki atmosferyczne,Światło dzienne,Zderzenie pojazdów czołowe,1,0,2,Lekko,N,,,,,,,,,,,,,,,,,,
EWK-98248434R,2014,2014-05-22,14,POWIAT PŁOŃSKI,PŁOŃSK - OBSZAR WIEJSKI,Droga wojewódzka,W632,Jednojezdniowa dwukierunkowa,Odcinek prosty,Obszar niezabudowany,"20,4694444444444","52,6961111111111",Jezdnia,Dobre warunki atmosferyczne,Światło dzienne,Zderzenie pojazdów czołowe,1,0,1,Ciężko,N,,,,,,,,,,,,,,,,,,
EWK-98248434R,2014,2014-05-22,14,POWIAT PŁOŃSKI,PŁOŃSK - OBSZAR WIEJSKI,Droga wojewódzka,W632,Jednojezdniowa dwukierunkowa,Odcinek prosty,Obszar niezabudowany,"20,4694444444444","52,6961111111111",Jezdnia,Dobre warunki atmosferyczne,Światło dzienne,Zderzenie pojazdów czołowe,1,0,0,Nieokreślone (puste pole),N,,,,,,,,,,,,,,,,,,
EWK-98245727A,2014,2014-05-22,14,POWIAT PŁOCK,PŁOCK - OBSZAR MIEJSKI,Droga gminna,GMINNA,Jednojezdniowa dwukierunkowa,Odcinek prosty,Obszar zabudowany,"19,7847222222222","52,5741666666667","Chodnik, droga dla pieszych",Dobre warunki atmosferyczne,Światło dzienne,Zderzenie pojazdów tylne,1,0,1,Lekko,N,,,,,,,,,,,,,,,,,,
EWK-98245727A,2014,2014-05-22,14,POWIAT PŁOCK,PŁOCK - OBSZAR MIEJSKI,Droga gminna,GMINNA,Jednojezdniowa dwukierunkowa,Odcinek prosty,Obszar zabudowany,"19,7847222222222","52,5741666666667","Chodnik, droga dla pieszych",Dobre warunki atmosferyczne,Światło dzienne,Zderzenie pojazdów tylne,1,0,0,Nieokreślone (puste pole),N,,,,,,,,,,,,,,,,,,
EWK-98245721F,2014,2014-05-22,9,POWIAT PŁOCK,PŁOCK - OBSZAR MIEJSKI,Droga krajowa,62,Jednokierunkowa,,Obszar zabudowany,"19,6908333333333","52,6616666666667",Jezdnia,Dobre warunki atmosferyczne,Światło dzienne,Zderzenie pojazdów tylne,1,0,1,Lekko,N,,,,,,,,,,,,,,,,,,
EWK-98245721F,2014,2014-05-22,9,POWIAT PŁOCK,PŁOCK - OBSZAR MIEJSKI,Droga krajowa,62,Jednokierunkowa,,Obszar zabudowany,"19,6908333333333","52,6616666666667",Jezdnia,Dobre warunki atmosferyczne,Światło dzienne,Zderzenie pojazdów tylne,1,0,0,Nieokreślone (puste pole),N,,,,,,,,,,,,,,,,,,
EWK-98245724P,2014,2014-05-22,9,POWIAT PŁOCK,PŁOCK - OBSZAR MIEJSKI,Droga powiatowa,P,Jednojezdniowa dwukierunkowa,,Obszar zabudowany,"19,7944444444444","52,5972222222222",Przejście dla pieszych,Oślepiające słońce,Światło dzienne,Zderzenie pojazdów boczne,1,0,1,Lekko,N,,,,,,,,,,,,,,,,,,