IDKSIP,year,date,hour,district,district_commune,road_category,road_number,type_of_road,road_geometry,area,Longitude,Latitude,char_place_of_the_event,weather_conditions,lighting,type_of_accident,num_of_accidents,num_of_fatalities,num_of_injured,type_of_injury,is_offender_intoxicated,,,,,,,,,,,,,,,,,,
EWK-98245724P,2014,2014-05-22,9,POWIAT PŁOCK,PŁOCK - OBSZAR MIEJSKI,Droga powiatowa,P,Jednojezdniowa dwukierunkowa,,Obszar zabudowany,"19,7944444444444","52,5972222222222",Przejście dla pieszych,Oślepiające słońce,Światło dzienne,Zderzenie pojazdów boczne,1,0,0,Nieokreślone (puste pole),N,,,,,,,,,,,,,,,,,,
EWK-98246420L,2014,2014-05-23,17,POWIAT SIERPECKI,SZCZUTOWO - OBSZAR WIEJSKI,Droga gminna,GMINNA,Jednojezdniowa dwukierunkowa,Odcinek prosty,Obszar zabudowany,"19,7805555555556","52,9211111111111","Chodnik, droga dla pieszych",Dobre warunki atmosferyczne,Światło dzienne,Najechanie na pieszego,1,0,1,Lekko,N,,,,,,,,,,,,,,,,,,
EWK-98246420L,2014,2014-05-23,17,POWIAT SIERPECKI,SZCZUTOWO - OBSZAR WIEJSKI,Droga gminna,GMINNA,Jednojezdniowa dwukierunkowa,Odcinek prosty,Obszar zabudowany,"19,7805555555556","52,9211111111111","Chodnik, droga dla pieszych",Dobre warunki atmosferyczne,Światło dzienne,Najechanie na pieszego,1,0,0,Nieokreślone (puste pole),N,,,,,,,,,,,,,,,,,,
EWK-98248370X,2014,2014-05-23,18,POWIAT SZYDŁOWIECKI,MIRÓW - OBSZAR WIEJSKI,Droga powiatowa,P4015W,Jednojezdniowa dwukierunkowa,Odcinek prosty,Obszar zabudowany,"21,1086111111111","51,2177777777778",Jezdnia,Dobre warunki atmosferyczne,Światło dzienne,Najechanie na pieszego,1,0,1,Lekko,N,,,,,,,,,,,,,,,,,,
EWK-98248370X,2014,2014-05-23,18,POWIAT SZYDŁOWIECKI,MIRÓW - OBSZAR WIEJSKI,Droga powiatowa,P4015W,Jednojezdniowa dwukierunkowa,Odcinek prosty,Obszar zabudowany,"21,1086111111111","51,2177777777778",Jezdnia,Dobre warunki atmosferyczne,Światło dzienne,Najechanie na pieszego,1,0,0,Nieokreślone (puste pole),N,,,,,,,,,,,,,,,,,,
EWK-98249207E,2014,2014-05-23,15,POWIAT RADOM,RADOM - OBSZAR MIEJSKI,Droga powiatowa,P5330W,Jednojezdniowa dwukierunkowa,,Obszar zabudowany,"21,2866666666667","51,4666666666667",Jezdnia,Dobre warunki atmosferyczne,Światło dzienne,Zderzenie pojazdów boczne,1,0,1,Lekko,N,,,,,,,,,,,,,,,,,,
EWK-98249207E,2014,2014-05-23,15,POWIAT RADOM,RADOM - OBSZAR MIEJSKI,Droga powiatowa,P5330W,Jednojezdniowa dwukierunkowa,,Obszar zabudowany,"21,2866666666667","51,4666666666667",Jezdnia,Dobre warunki atmosferyczne,Światło dzienne,Zderzenie pojazdów boczne,1,0,0,Nieokreślone (puste pole),N,,,,,,,,,,,,,,,,,,
EWK-98254248W,2014,2014-05-24,16,POWIAT WYSZKOWSKI,SOMIANKA - OBSZAR WIEJSKI,Droga krajowa,62,Jednojezdniowa dwukierunkowa,Odcinek prosty,Obszar zabudowany,"21,3708333333333","52,6119444444444",Jezdnia,Dobre warunki atmosferyczne,Światło dzienne,Najechanie na pieszego,1,0,1,Ciężko,T,,,,,,,,,,,,,,,,,,
EWK-98254248W,2014,2014-05-24,16,POWIAT WYSZKOWSKI,SOMIANKA - OBSZAR WIEJSKI,Droga krajowa,62,Jednojezdniowa dwukierunkowa,Odcinek prosty,Obszar zabudowany,"21,3708333333333","52,6119444444444",Jezdnia,Dobre warunki atmosferyczne,Światło dzienne,Najechanie na pieszego,1,0,0,Nieokreślone (puste pole),T,,,,,,,,,,,,,,,,,,
EWK-98246267F,2014,2014-05-24,11,POWIAT ZWOLEŃSKI,ZWOLEŃ - OBSZAR MIEJSKI,Nieokreślone (puste pole),,Jednojezdniowa dwukierunkowa,,Obszar zabudowany,"21,625","51,4225",Przejście dla pieszych,Dobre warunki atmosferyczne,Światło dzienne,Najechanie na pieszego,1,0,2,Lekko,N,,,,,,,,,,,,,,,,,,
EWK-98246267F,2014,2014-05-24,11,POWIAT ZWOLEŃSKI,ZWOLEŃ - OBSZAR MIEJSKI,Nieokreślone (puste pole),,Jednojezdniowa dwukierunkowa,,Obszar zabudowany,"21,625","51,4225",Przejście dla pieszych,Dobre warunki atmosferyczne,Światło dzienne,Najechanie na pieszego,1,0,0,Nieokreślone (puste pole),N,,,,,,,,,,,,,,,,,,
EWK-98246375W,2014,2014-05-24,13,POWIAT BIAŁOBRZESKI,BIAŁOBRZEGI - OBSZAR MIEJSKI,Droga krajowa,48,Jednojezdniowa dwukierunkowa,Odcinek prosty,Obszar zabudowany,21,"51,7563888888889","Chodnik, droga dla pieszych",Dobre warunki atmosferyczne,Światło dzienne,Zderzenie pojazdów boczne,1,0,1,Lekko,N,,,,,,,,,,,,,,,,,,
EWK-98246375W,2014,2014-05-24,13,POWIAT BIAŁOBRZESKI,BIAŁOBRZEGI - OBSZAR MIEJSKI,Droga krajowa,48,Jednojezdniowa dwukierunkowa,Odcinek prosty,Obszar zabudowany,21,"51,7563888888889","Chodnik, droga dla pieszych",Dobre warunki atmosferyczne,Światło dzienne,Zderzenie pojazdów boczne,1,0,0,Nieokreślone (puste pole),N,,,,,,,,,,,,,,,,,,
EWK-98246387H,2014,2014-05-24,19,POWIAT PŁOCK,PŁOCK - OBSZAR MIEJSKI,Droga gminna,GMINNA,Jednokierunkowa,,Obszar zabudowany,"19,855","52,5613888888889",Jezdnia,Dobre warunki atmosferyczne,Światło dzienne,Zderzenie pojazdów boczne,1,0,2,Lekko,N,,,,,,,,,,,,,,,,,,
EWK-98246387H,2014,2014-05-24,19,POWIAT PŁOCK,PŁOCK - OBSZAR MIEJSKI,Droga gminna,GMINNA,Jednokierunkowa,,Obszar zabudowany,"19,855","52,5613888888889",Jezdnia,Dobre warunki atmosferyczne,Światło dzienne,Zderzenie pojazdów boczne,1,0,0,Nieokreślone (puste pole),N,,,,,,,,,,,,,,,,,,
EWK-98247465A,2014,2014-05-24,16,POWIAT CIECHANOWSKI,GRUDUSK - OBSZAR WIEJSKI,Droga wojewódzka,616,Jednojezdniowa dwukierunkowa,Odcinek prosty,Obszar niezabudowany,"20,775","53,0861111111111",Jezdnia,Dobre warunki atmosferyczne,Światło dzienne,Zderzenie pojazdów boczne,1,0,1,Lekko,N,,,,,,,,,,,,,,,,,,
EWK-98247465A,2014,2014-05-24,16,POWIAT CIECHANOWSKI,GRUDUSK - OBSZAR WIEJSKI,Droga wojewódzka,616,Jednojezdniowa dwukierunkowa,Odcinek prosty,Obszar niezabudowany,"20,775","53,0861111111111",Jezdnia,Dobre warunki atmosferyczne,Światło dzienne,Zderzenie pojazdów boczne,1,0,0,Nieokreślone (puste pole),N,,,,,,,,,,,,,,,,,,
EWK-98248726L,2014,2014-05-24,9,POWIAT WĘGROWSKI,ŁOCHÓW - OBSZAR WIEJSKI,Droga powiatowa,P,Jednojezdniowa dwukierunkowa,,Obszar zabudowany,"21,7719444444444","52,6652777777778",Jezdnia,Dobre warunki atmosferyczne,Światło dzienne,Zderzenie pojazdów boczne,1,0,1,Lekko,N,,,,,,,,,,,,,,,,,,
EWK-98248726L,2014,2014-05-24,9,POWIAT WĘGROWSKI,ŁOCHÓW - OBSZAR WIEJSKI,Droga powiatowa,P,Jednojezdniowa dwukierunkowa,,Obszar zabudowany,"21,7719444444444","52,6652777777778",Jezdnia,Dobre warunki atmosferyczne,Światło dzienne,Zderzenie pojazdów boczne,1,0,0,Nieokreślone (puste pole),N,,,,,,,,,,,,,,,,,,
EWK-98255589L,2014,2014-05-25,7,POWIAT OSTROŁĘCKI,ŁYSE - OBSZAR WIEJSKI,Droga wojewódzka,645,Jednojezdniowa dwukierunkowa,"Zakręt, łuk",Obszar niezabudowany,"21,6211111111111","53,3591666666667",Jezdnia,Dobre warunki atmosferyczne,Światło dzienne,Najechanie na drzewo,1,0,1,Lekko,N,,,,,,,,,,,,,,,,,,
EWK-98246217D,2014,2014-05-25,0,POWIAT RADOMSKI,JEDLIŃSK - OBSZAR WIEJSKI,Droga krajowa,7,Dwie jezdnie jednokierunkowe,,Obszar niezabudowany,"21,1438888888889","51,5202777777778",Jezdnia,Dobre warunki atmosferyczne,Noc - droga nieoświetlona,Najechanie na pieszego,1,1,0,Nieokreślone (puste pole),N,,,,,,,,,,,,,,,,,,
EWK-98248437E,2014,2014-05-25,19,POWIAT PŁOCKI,BIELSK - OBSZAR WIEJSKI,Droga powiatowa,P2909W,Jednojezdniowa dwukierunkowa,"Zakręt, łuk",Obszar niezabudowany,"19,8336111111111","52,7155555555556","Skarpa, rów",Dobre warunki atmosferyczne,Światło dzienne,Wywrócenie się pojazdu,1,0,1,Lekko,T,,,,,,,,,,,,,,,,,,
EWK-98249251C,2014,2014-05-25,10,POWIAT RADOMSKI,JEDLIŃSK - OBSZAR WIEJSKI,Droga krajowa,7,Jednojezdniowa dwukierunkowa,Odcinek prosty,Obszar niezabudowany,"21,1830555555556","51,6052777777778",Jezdnia,Dobre warunki atmosferyczne,Światło dzienne,Zdarzenie z pasażerem,1,0,1,Lekko,N,,,,,,,,,,,,,,,,,,
EWK-98249251C,2014,2014-05-25,10,POWIAT RADOMSKI,JEDLIŃSK - OBSZAR WIEJSKI,Droga krajowa,7,Jednojezdniowa dwukierunkowa,Odcinek prosty,Obszar niezabudowany,"21,1830555555556","51,6052777777778",Jezdnia,Dobre warunki atmosferyczne,Światło dzienne,Zdarzenie z pasażerem,1,0,0,Nieokreślone (puste pole),N,,,,,,,,,,,,,,,,,,
EWK-98247521J,2014,2014-05-25,14,POWIAT CIECHANOWSKI,OPINOGÓRA GÓRNA - OBSZAR WIEJSKI,Droga gminna,G120738W,Jednojezdniowa dwukierunkowa,Odcinek prosty,Obszar zabudowany,"20,8336111111111",53,Jezdnia,Dobre warunki atmosferyczne,Światło dzienne,Zderzenie pojazdów boczne,1,0,1,Lekko,N,,,,,,,,,,,,,,,,,,
EWK-98247521J,2014,2014-05-25,14,POWIAT CIECHANOWSKI,OPINOGÓRA GÓRNA - OBSZAR WIEJSKI,Droga gminna,G120738W,Jednojezdniowa dwukierunkowa,Odcinek prosty,Obszar zabudowany,"20,8336111111111",53,Jezdnia,Dobre warunki atmosferyczne,Światło dzienne,Zderzenie pojazdów boczne,1,0,0,Nieokreślone (puste pole),N,,,,,,,,,,,,,,,,,,
EWK-98247510W,2014,2014-05-25,7,POWIAT OSTROWSKI,OSTRÓW MAZOWIECKA - OBSZAR WIEJSKI,Droga krajowa,8,Ekspresowa,Odcinek prosty,Obszar niezabudowany,"22,0280555555556","52,8847222222222",Jezdnia,Dobre warunki atmosferyczne,Światło dzienne,Zderzenie pojazdów czołowe,1,0,2,Ciężko,N,,,,,,,,,,,,,,,,,,
EWK-98247510W,2014,2014-05-25,7,POWIAT OSTROWSKI,OSTRÓW MAZOWIECKA - OBSZAR WIEJSKI,Droga krajowa,8,Ekspresowa,Odcinek prosty,Obszar niezabudowany,"22,0280555555556","52,8847222222222",Jezdnia,Dobre warunki atmosferyczne,Światło dzienne,Zderzenie pojazdów czołowe,1,0,1,Lekko,N,,,,,,,,,,,,,,,,,,
EWK-98247510W,2014,2014-05-25,7,POWIAT OSTROWSKI,OSTRÓW MAZOWIECKA - OBSZAR WIEJSKI,Droga krajowa,8,Ekspresowa,Odcinek prosty,Obszar niezabudowany,"22,0280555555556","52,8847222222222",Jezdnia,Dobre warunki atmosferyczne,Światło dzienne,Zderzenie pojazdów czołowe,1,0,0,Nieokreślone (puste pole),N,,,,,,,,,,,,,,,,,,
EWK-98255054X,2014,2014-05-25,17,POWIAT GARWOLIŃSKI,WILGA - OBSZAR WIEJSKI,Droga krajowa,76,Jednojezdniowa dwukierunkowa,Odcinek prosty,Obszar zabudowany,"21,5830555555556","51,9722222222222",Jezdnia,Dobre warunki atmosferyczne,Światło dzienne,Zderzenie pojazdów tylne,1,0,3,Lekko,N,,,,,,,,,,,,,,,,,,
EWK-98255054X,2014,2014-05-25,17,POWIAT GARWOLIŃSKI,WILGA - OBSZAR WIEJSKI,Droga krajowa,76,Jednojezdniowa dwukierunkowa,Odcinek prosty,Obszar zabudowany,"21,5830555555556","51,9722222222222",Jezdnia,Dobre warunki atmosferyczne,Światło dzienne,Zderzenie pojazdów tylne,1,0,0,Nieokreślone (puste pole),N,,,,,,,,,,,,,,,,,,
EWK-98246685L,2014,2014-05-25,10,POWIAT RADOMSKI,WIERZBICA - OBSZAR WIEJSKI,Droga powiatowa,34468W,Jednojezdniowa dwukierunkowa,"Zakręt, łuk",Obszar niezabudowany,"21,155","51,2811111111111",Jezdnia,Pochmurno,Światło dzienne,Zderzenie pojazdów boczne,1,0,1,Lekko,N,,,,,,,,,,,,,,,,,,
EWK-98246685L,2014,2014-05-25,10,POWIAT RADOMSKI,WIERZBICA - OBSZAR WIEJSKI,Droga powiatowa,34468W,Jednojezdniowa dwukierunkowa,"Zakręt, łuk",Obszar niezabudowany,"21,155","51,2811111111111",Jezdnia,Pochmurno,Światło dzienne,Zderzenie pojazdów boczne,1,0,0,Nieokreślone (puste pole),N,,,,,,,,,,,,,,,,,,
EWK-98246315H,2014,2014-05-25,17,POWIAT MŁAWSKI,MŁAWA - OBSZAR MIEJSKI,Droga krajowa,7,Jednojezdniowa dwukierunkowa,Odcinek prosty,Obszar niezabudowany,"20,4358333333333","53,1836111111111",Jezdnia,Pochmurno,Światło dzienne,Zderzenie pojazdów czołowe,1,0,1,Lekko,N,,,,,,,,,,,,,,,,,,
EWK-98246315H,2014,2014-05-25,17,POWIAT MŁAWSKI,MŁAWA - OBSZAR MIEJSKI,Droga krajowa,7,Jednojezdniowa dwukierunkowa,Odcinek prosty,Obszar niezabudowany,"20,4358333333333","53,1836111111111",Jezdnia,Pochmurno,Światło dzienne,Zderzenie pojazdów czołowe,1,0,0,Nieokreślone (puste pole),N,,,,,,,,,,,,,,,,,,
EWK-98249282T,2014,2014-05-26,17,POWIAT RADOM,RADOM - OBSZAR MIEJSKI,Droga gminna,G530213W,Jednojezdniowa dwukierunkowa,Odcinek prosty,Obszar zabudowany,"21,1516666666667","51,4413888888889",Jezdnia,Dobre warunki atmosferyczne,Światło dzienne,Najechanie na pojazd unieruchomiony,1,0,1,Lekko,N,,,,,,,,,,,,,,,,,,
EWK-98249282T,2014,2014-05-26,17,POWIAT RADOM,RADOM - OBSZAR MIEJSKI,Droga gminna,G530213W,Jednojezdniowa dwukierunkowa,Odcinek prosty,Obszar zabudowany,"21,1516666666667","51,4413888888889",Jezdnia,Dobre warunki atmosferyczne,Światło dzienne,Najechanie na pojazd unieruchomiony,1,0,0,Nieokreślone (puste pole),N,,,,,,,,,,,,,,,,,,
EWK-98251283E,2014,2014-05-26,14,POWIAT GOSTYNIŃSKI,SZCZAWIN KOŚCIELNY - OBSZAR WIEJSKI,Droga wojewódzka,574,Jednojezdniowa dwukierunkowa,Odcinek prosty,Obszar zabudowany,"19,7838888888889","52,4394444444445",Jezdnia,Dobre warunki atmosferyczne,Światło dzienne,Wywrócenie się pojazdu,1,0,1,Lekko,N,,,,,,,,,,,,,,,,,,
EWK-98249309H,2014,2014-05-26,21,POWIAT RADOM,RADOM - OBSZAR MIEJSKI,Droga powiatowa,P5302W,Jednojezdniowa dwukierunkowa,Odcinek prosty,Obszar zabudowany,"21,2152777777778","51,4380555555556",Jezdnia,Dobre warunki atmosferyczne,Noc - droga oświetlona,Zderzenie pojazdów boczne,1,0,1,Lekko,N,,,,,,,,,,,,,,,,,,
EWK-98249309H,2014,2014-05-26,21,POWIAT RADOM,RADOM - OBSZAR MIEJSKI,Droga powiatowa,P5302W,Jednojezdniowa dwukierunkowa,Odcinek prosty,Obszar zabudowany,"21,2152777777778","51,4380555555556",Jezdnia,Dobre warunki atmosferyczne,Noc - droga oświetlona,Zderzenie pojazdów boczne,1,0,0,Nieokreślone (puste pole),N,,,,,,,,,,,,,,,,,,
EWK-98249215F,2014,2014-05-26,13,POWIAT SOCHACZEWSKI,TERESIN - OBSZAR WIEJSKI,Droga krajowa,92,Jednojezdniowa dwukierunkowa,Odcinek prosty,Obszar niezabudowany,"20,5816666666667","52,3027777777778",Jezdnia,Dobre warunki atmosferyczne,Światło dzienne,Zderzenie pojazdów boczne,1,0,2,Lekko,N,,,,,,,,,,,,,,,,,,
EWK-98249215F,2014,2014-05-26,13,POWIAT SOCHACZEWSKI,TERESIN - OBSZAR WIEJSKI,Droga krajowa,92,Jednojezdniowa dwukierunkowa,Odcinek prosty,Obszar niezabudowany,"20,5816666666667","52,3027777777778",Jezdnia,Dobre warunki atmosferyczne,Światło dzienne,Zderzenie pojazdów boczne,1,0,0,Nieokreślone (puste pole),N,,,,,,,,,,,,,,,,,,
EWK-98249287L,2014,2014-05-26,19,POWIAT RADOMSKI,GÓZD - OBSZAR WIEJSKI,Droga krajowa,12,Jednojezdniowa dwukierunkowa,Odcinek prosty,Obszar niezabudowany,"21,4447222222222","51,3877777777778",Jezdnia,Dobre warunki atmosferyczne,Światło dzienne,Zderzenie pojazdów boczne,1,0,2,Ciężko,N,,,,,,,,,,,,,,,,,,
EWK-98249287L,2014,2014-05-26,19,POWIAT RADOMSKI,GÓZD - OBSZAR WIEJSKI,Droga krajowa,12,Jednojezdniowa dwukierunkowa,Odcinek prosty,Obszar niezabudowany,"21,4447222222222","51,3877777777778",Jezdnia,Dobre warunki atmosferyczne,Światło dzienne,Zderzenie pojazdów boczne,1,0,0,Nieokreślone (puste pole),N,,,,,,,,,,,,,,,,,,
EWK-98251278F,2014,2014-05-26,14,POWIAT GOSTYNIŃSKI,GOSTYNIN - OBSZAR WIEJSKI,Droga gminna,G140207W,Jednojezdniowa dwukierunkowa,Odcinek prosty,Obszar zabudowany,"19,49","52,5458333333333",Jezdnia,Dobre warunki atmosferyczne,Światło dzienne,Zderzenie pojazdów boczne,1,0,1,Ciężko,N,,,,,,,,,,,,,,,,,,
EWK-98251278F,2014,2014-05-26,14,POWIAT GOSTYNIŃSKI,GOSTYNIN - OBSZAR WIEJSKI,Droga gminna,G140207W,Jednojezdniowa dwukierunkowa,Odcinek prosty,Obszar zabudowany,"19,49","52,5458333333333",Jezdnia,Dobre warunki atmosferyczne,Światło dzienne,Zderzenie pojazdów boczne,1,0,0,Nieokreślone (puste pole),N,,,,,,,,,,,,,,,,,,
EWK-98255425R,2014,2014-05-26,14,POWIAT PRZYSUSKI,WIENIAWA - OBSZAR WIEJSKI,Droga krajowa,12,Jednojezdniowa dwukierunkowa,Odcinek prosty,Obszar zabudowany,"20,8797222222222","51,4677777777778",Przejście dla pieszych,Dobre warunki atmosferyczne,Światło dzienne,Zderzenie pojazdów boczne,1,0,1,Lekko,N,,,,,,,,,,,,,,,,,,
EWK-98255425R,2014,2014-05-26,14,POWIAT PRZYSUSKI,WIENIAWA - OBSZAR WIEJSKI,Droga krajowa,12,Jednojezdniowa dwukierunkowa,Odcinek prosty,Obszar zabudowany,"20,8797222222222","51,4677777777778",Przejście dla pieszych,Dobre warunki atmosferyczne,Światło dzienne,Zderzenie pojazdów boczne,1,0,0,Nieokreślone (puste pole),N,,,,,,,,,,,,,,,,,,
EWK-98253259T,2014,2014-05-26,21,POWIAT MŁAWSKI,MŁAWA - OBSZAR MIEJSKI,Droga wojewódzka,544,Jednojezdniowa dwukierunkowa,Odcinek prosty,Obszar zabudowany,"20,4494444444444","53,2647222222222",Jezdnia,Dobre warunki atmosferyczne,Noc - droga oświetlona,Zderzenie pojazdów tylne,1,0,1,Ciężko,T,,,,,,,,,,,,,,,,,,
EWK-98253259T,2014,2014-05-26,21,POWIAT MŁAWSKI,MŁAWA - OBSZAR MIEJSKI,Droga wojewódzka,544,Jednojezdniowa dwukierunkowa,Odcinek prosty,Obszar zabudowany,"20,4494444444444","53,2647222222222",Jezdnia,Dobre warunki atmosferyczne,Noc - droga oświetlona,Zderzenie pojazdów tylne,1,0,0,Nieokreślone (puste pole),T,,,,,,,,,,,,,,,,,,
EWK-98249778W,2014,2014-05-26,17,POWIAT PŁOCKI,NOWY DUNINÓW - OBSZAR WIEJSKI,Droga krajowa,62,Jednojezdniowa dwukierunkowa,Odcinek prosty,Obszar niezabudowany,"19,7088888888889","52,6063888888889",Jezdnia,Dobre warunki atmosferyczne,Światło dzienne,Zderzenie pojazdów tylne,1,0,5,Lekko,N,,,,,,,,,,,,,,,,,,
EWK-98249778W,2014,2014-05-26,17,POWIAT PŁOCKI,NOWY DUNINÓW - OBSZAR WIEJSKI,Droga krajowa,62,Jednojezdniowa dwukierunkowa,Odcinek prosty,Obszar niezabudowany,"19,7088888888889","52,6063888888889",Jezdnia,Dobre warunki atmosferyczne,Światło dzienne,Zderzenie pojazdów tylne,1,0,0,Nieokreślone (puste pole),N,,,,,,,,,,,,,,,,,,
EWK-98251600J,2014,2014-05-26,11,POWIAT MŁAWSKI,MŁAWA - OBSZAR MIEJSKI,Droga gminna,GMINNA,Jednojezdniowa dwukierunkowa,Odcinek prosty,Obszar zabudowany,"20,4813888888889","53,2902777777778",Jezdnia,Dobre warunki atmosferyczne,Światło dzienne,Zderzenie pojazdów tylne,1,0,1,Lekko,N,,,,,,,,,,,,,,,,,,
EWK-98251600J,2014,2014-05-26,11,POWIAT MŁAWSKI,MŁAWA - OBSZAR MIEJSKI,Droga gminna,GMINNA,Jednojezdniowa dwukierunkowa,Odcinek prosty,Obszar zabudowany,"20,4813888888889","53,2902777777778",Jezdnia,Dobre warunki atmosferyczne,Światło dzienne,Zderzenie pojazdów tylne,1,0,0,Nieokreślone (puste pole),N,,,,,,,,,,,,,,,,,,
EWK-98249944E,2014,2014-05-26,7,POWIAT SOCHACZEWSKI,TERESIN - OBSZAR WIEJSKI,Droga gminna,GMINNA,Jednojezdniowa dwukierunkowa,Odcinek prosty,Obszar zabudowany,"20,4583333333333","52,2180555555556",Jezdnia,Oślepiające słońce,Światło dzienne,Zderzenie pojazdów czołowe,1,0,1,Ciężko,N,,,,,,,,,,,,,,,,,,
EWK-98249944E,2014,2014-05-26,7,POWIAT SOCHACZEWSKI,TERESIN - OBSZAR WIEJSKI,Droga gminna,GMINNA,Jednojezdniowa dwukierunkowa,Odcinek prosty,Obszar zabudowany,"20,4583333333333","52,2180555555556",Jezdnia,Oślepiające słońce,Światło dzienne,Zderzenie pojazdów czołowe,1,0,0,Nieokreślone (puste pole),N,,,,,,,,,,,,,,,,,,
EWK-98251241A,2014,2014-05-27,8,POWIAT PŁOCKI,STAROŹREBY - OBSZAR WIEJSKI,Droga wojewódzka,567,Jednojezdniowa dwukierunkowa,,Obszar niezabudowany,"19,9827777777778","52,7247222222222",Jezdnia,Dobre warunki atmosferyczne,Światło dzienne,Zderzenie pojazdów boczne,1,0,2,Lekko,N,,,,,,,,,,,,,,,,,,
EWK-98251241A,2014,2014-05-27,8,POWIAT PŁOCKI,STAROŹREBY - OBSZAR WIEJSKI,Droga wojewódzka,567,Jednojezdniowa dwukierunkowa,,Obszar niezabudowany,"19,9827777777778","52,7247222222222",Jezdnia,Dobre warunki atmosferyczne,Światło dzienne,Zderzenie pojazdów boczne,1,0,0,Nieokreślone (puste pole),N,,,,,,,,,,,,,,,,,,
EWK-98250854N,2014,2014-05-27,8,POWIAT PŁOCKI,BODZANÓW - OBSZAR WIEJSKI,Droga powiatowa,P2952W,Jednojezdniowa dwukierunkowa,Odcinek prosty,Obszar niezabudowany,"20,2097222222222","52,6083333333333",Pobocze,Dobre warunki atmosferyczne,Światło dzienne,Zderzenie pojazdów tylne,1,0,1,Lekko,N,,,,,,,,,,,,,,,,,,
EWK-98250854N,2014,2014-05-27,8,POWIAT PŁOCKI,BODZANÓW - OBSZAR WIEJSKI,Droga powiatowa,P2952W,Jednojezdniowa dwukierunkowa,Odcinek prosty,Obszar niezabudowany,"20,2097222222222","52,6083333333333",Pobocze,Dobre warunki atmosferyczne,Światło dzienne,Zderzenie pojazdów tylne,1,0,0,Nieokreślone (puste pole),N,,,,,,,,,,,,,,,,,,
EWK-98253812F,2014,2014-05-28,16,POWIAT SIEDLECKI,SKÓRZEC - OBSZAR WIEJSKI,Nieokreślone (puste pole),,Jednojezdniowa dwukierunkowa,Spadek,Obszar zabudowany,"22,2916666666667","52,2347222222222","Parking, plac",Dobre warunki atmosferyczne,Światło dzienne,Inne,1,0,1,Ciężko,N,,,,,,,,,,,,,,,,,,
EWK-98253812F,2014,2014-05-28,16,POWIAT SIEDLECKI,SKÓRZEC - OBSZAR WIEJSKI,Nieokreślone (puste pole),,Jednojezdniowa dwukierunkowa,Spadek,Obszar zabudowany,"22,2916666666667","52,2347222222222","Parking, plac",Dobre warunki atmosferyczne,Światło dzienne,Inne,1,0,0,Nieokreślone (puste pole),N,,,,,,,,,,,,,,,,,,
EWK-98252809M,2014,2014-05-28,8,POWIAT RADOM,RADOM - OBSZAR MIEJSKI,Droga gminna,G530133W,Jednokierunkowa,,Obszar zabudowany,"21,2605555555556","51,5055555555556",Jezdnia,Dobre warunki atmosferyczne,Światło dzienne,Zderzenie pojazdów boczne,1,0,1,Lekko,N,,,,,,,,,,,,,,,,,,
EWK-98252809M,2014,2014-05-28,8,POWIAT RADOM,RADOM - OBSZAR MIEJSKI,Droga gminna,G530133W,Jednokierunkowa,,Obszar zabudowany,"21,2605555555556","51,5055555555556",Jezdnia,Dobre warunki atmosferyczne,Światło dzienne,Zderzenie pojazdów boczne,1,0,0,Nieokreślone (puste pole),N,,,,,,,,,,,,,,,,,,
EWK-98252789M,2014,2014-05-28,10,POWIAT SIEDLECKI,KOTUŃ - OBSZAR WIEJSKI,Droga krajowa,2,Jednojezdniowa dwukierunkowa,,Obszar niezabudowany,"22,1047222222222","52,2538888888889",Jezdnia,Pochmurno,Światło dzienne,Zderzenie pojazdów boczne,1,0,2,Ciężko,N,,,,,,,,,,,,,,,,,,
EWK-98252789M,2014,2014-05-28,10,POWIAT SIEDLECKI,KOTUŃ - OBSZAR WIEJSKI,Droga krajowa,2,Jednojezdniowa dwukierunkowa,,Obszar niezabudowany,"22,1047222222222","52,2538888888889",Jezdnia,Pochmurno,Światło dzienne,Zderzenie pojazdów boczne,1,2,0,Nieokreślone (puste pole),N,,,,,,,,,,,,,,,,,,
EWK-98260204N,2014,2014-05-28,13,POWIAT GARWOLIŃSKI,GARWOLIN - OBSZAR MIEJSKI,Nieokreślone (puste pole),G,Jednojezdniowa dwukierunkowa,,Obszar zabudowany,"22,0983333333333","52,7294444444444",Jezdnia,Pochmurno,Światło dzienne,Zderzenie pojazdów boczne,1,0,1,Ciężko,N,,,,,,,,,,,,,,,,,,
EWK-98260204N,2014,2014-05-28,13,POWIAT GARWOLIŃSKI,GARWOLIN - OBSZAR MIEJSKI,Nieokreślone (puste pole),G,Jednojezdniowa dwukierunkowa,,Obszar zabudowany,"22,0983333333333","52,7294444444444",Jezdnia,Pochmurno,Światło dzienne,Zderzenie pojazdów boczne,1,0,0,Nieokreślone (puste pole),N,,,,,,,,,,,,,,,,,,