IDKSIP,year,date,hour,district,district_commune,road_category,road_number,type_of_road,road_geometry,area,Longitude,Latitude,char_place_of_the_event,weather_conditions,lighting,type_of_accident,num_of_accidents,num_of_fatalities,num_of_injured,type_of_injury,is_offender_intoxicated,,,,,,,,,,,,,,,,,,
EWK-98255509K,2014,2014-05-29,16,POWIAT SIEDLECKI,KOTUŃ - OBSZAR WIEJSKI,Droga krajowa,2,Jednojezdniowa dwukierunkowa,Odcinek prosty,Obszar niezabudowany,"22,1891666666667","52,3155555555556",Jezdnia,Dobre warunki atmosferyczne,Światło dzienne,Wywrócenie się pojazdu,1,0,1,Ciężko,N,,,,,,,,,,,,,,,,,,
EWK-98255509K,2014,2014-05-29,16,POWIAT SIEDLECKI,KOTUŃ - OBSZAR WIEJSKI,Droga krajowa,2,Jednojezdniowa dwukierunkowa,Odcinek prosty,Obszar niezabudowany,"22,1891666666667","52,3155555555556",Jezdnia,Dobre warunki atmosferyczne,Światło dzienne,Wywrócenie się pojazdu,1,0,0,Nieokreślone (puste pole),N,,,,,,,,,,,,,,,,,,
EWK-98254206H,2014,2014-05-29,18,POWIAT PŁOCK,PŁOCK - OBSZAR MIEJSKI,Droga powiatowa,P,Jednojezdniowa dwukierunkowa,,Obszar zabudowany,"19,8025","52,5655555555556",Jezdnia,Dobre warunki atmosferyczne,Światło dzienne,Zderzenie pojazdów tylne,1,0,1,Lekko,N,,,,,,,,,,,,,,,,,,
EWK-98254206H,2014,2014-05-29,18,POWIAT PŁOCK,PŁOCK - OBSZAR MIEJSKI,Droga powiatowa,P,Jednojezdniowa dwukierunkowa,,Obszar zabudowany,"19,8025","52,5655555555556",Jezdnia,Dobre warunki atmosferyczne,Światło dzienne,Zderzenie pojazdów tylne,1,0,0,Nieokreślone (puste pole),N,,,,,,,,,,,,,,,,,,
EWK-98255182P,2014,2014-05-29,9,POWIAT RADOM,RADOM - OBSZAR MIEJSKI,Droga powiatowa,P5321W,Jednojezdniowa dwukierunkowa,Odcinek prosty,Obszar zabudowany,"21,1680555555556","51,5397222222222","Chodnik, droga dla pieszych",Opady deszczu,Światło dzienne,Najechanie na pieszego,1,0,1,Lekko,N,,,,,,,,,,,,,,,,,,
EWK-98255182P,2014,2014-05-29,9,POWIAT RADOM,RADOM - OBSZAR MIEJSKI,Droga powiatowa,P5321W,Jednojezdniowa dwukierunkowa,Odcinek prosty,Obszar zabudowany,"21,1680555555556","51,5397222222222","Chodnik, droga dla pieszych",Opady deszczu,Światło dzienne,Najechanie na pieszego,1,0,0,Nieokreślone (puste pole),N,,,,,,,,,,,,,,,,,,
EWK-98258080F,2014,2014-05-30,23,POWIAT PŁOCKI,WYSZOGRÓD - OBSZAR WIEJSKI,Droga krajowa,62,Jednojezdniowa dwukierunkowa,Odcinek prosty,Obszar niezabudowany,"20,2597222222222","52,5397222222222","Skarpa, rów",Dobre warunki atmosferyczne,Noc - droga nieoświetlona,Najechanie na drzewo,1,0,2,Ciężko,N,,,,,,,,,,,,,,,,,,
EWK-98258080F,2014,2014-05-30,23,POWIAT PŁOCKI,WYSZOGRÓD - OBSZAR WIEJSKI,Droga krajowa,62,Jednojezdniowa dwukierunkowa,Odcinek prosty,Obszar niezabudowany,"20,2597222222222","52,5397222222222","Skarpa, rów",Dobre warunki atmosferyczne,Noc - droga nieoświetlona,Najechanie na drzewo,1,1,0,Nieokreślone (puste pole),N,,,,,,,,,,,,,,,,,,
EWK-98256868A,2014,2014-05-30,15,POWIAT CIECHANOWSKI,GLINOJECK - OBSZAR WIEJSKI,Droga gminna,G120347W,Jednojezdniowa dwukierunkowa,Odcinek prosty,Obszar niezabudowany,"20,3366666666667","52,8686111111111",Pobocze,Dobre warunki atmosferyczne,Światło dzienne,Najechanie na drzewo,1,0,1,Ciężko,N,,,,,,,,,,,,,,,,,,
EWK-98260886K,2014,2014-05-30,17,POWIAT ŻYRARDOWSKI,RADZIEJOWICE - OBSZAR WIEJSKI,Droga krajowa,50a,Jednojezdniowa dwukierunkowa,Odcinek prosty,Obszar niezabudowany,"20,5769444444444","52,14",Jezdnia,Dobre warunki atmosferyczne,Światło dzienne,Zdarzenie z pasażerem,1,0,1,Ciężko,N,,,,,,,,,,,,,,,,,,
EWK-98260886K,2014,2014-05-30,17,POWIAT ŻYRARDOWSKI,RADZIEJOWICE - OBSZAR WIEJSKI,Droga krajowa,50a,Jednojezdniowa dwukierunkowa,Odcinek prosty,Obszar niezabudowany,"20,5769444444444","52,14",Jezdnia,Dobre warunki atmosferyczne,Światło dzienne,Zdarzenie z pasażerem,1,0,0,Nieokreślone (puste pole),N,,,,,,,,,,,,,,,,,,
EWK-98254847D,2014,2014-05-30,18,POWIAT GOSTYNIŃSKI,SANNIKI - OBSZAR WIEJSKI,Droga wojewódzka,577,Jednojezdniowa dwukierunkowa,,Obszar zabudowany,"19,8780555555556","52,4516666666667",Jezdnia,Dobre warunki atmosferyczne,Światło dzienne,Zderzenie pojazdów boczne,1,0,1,Ciężko,N,,,,,,,,,,,,,,,,,,
EWK-98254847D,2014,2014-05-30,18,POWIAT GOSTYNIŃSKI,SANNIKI - OBSZAR WIEJSKI,Droga wojewódzka,577,Jednojezdniowa dwukierunkowa,,Obszar zabudowany,"19,8780555555556","52,4516666666667",Jezdnia,Dobre warunki atmosferyczne,Światło dzienne,Zderzenie pojazdów boczne,1,0,0,Nieokreślone (puste pole),N,,,,,,,,,,,,,,,,,,
EWK-98258220P,2014,2014-05-30,20,POWIAT GRÓJECKI,NOWE MIASTO NAD PILICĄ - OBSZAR WIEJSKI,Droga gminna,GMINNA,Jednojezdniowa dwukierunkowa,"Zakręt, łuk",Obszar niezabudowany,"20,6461111111111","51,6383333333333","Wjazd, wyjazd z posesji, pola",Pochmurno,Światło dzienne,Inne,1,2,0,Nieokreślone (puste pole),N,,,,,,,,,,,,,,,,,,
EWK-98257072X,2014,2014-05-30,6,POWIAT OSTROWSKI,OSTRÓW MAZOWIECKA - OBSZAR MIEJSKI,Droga gminna,GMINNA,Jednojezdniowa dwukierunkowa,,Obszar zabudowany,"22,0038888888889","52,9175",Jezdnia,Pochmurno,Światło dzienne,Zderzenie pojazdów boczne,1,0,1,Ciężko,N,,,,,,,,,,,,,,,,,,
EWK-98257072X,2014,2014-05-30,6,POWIAT OSTROWSKI,OSTRÓW MAZOWIECKA - OBSZAR MIEJSKI,Droga gminna,GMINNA,Jednojezdniowa dwukierunkowa,,Obszar zabudowany,"22,0038888888889","52,9175",Jezdnia,Pochmurno,Światło dzienne,Zderzenie pojazdów boczne,1,0,0,Nieokreślone (puste pole),N,,,,,,,,,,,,,,,,,,
EWK-98257303F,2014,2014-05-31,17,POWIAT PŁOŃSKI,SOCHOCIN - OBSZAR WIEJSKI,Droga gminna,G301147W,Jednojezdniowa dwukierunkowa,Odcinek prosty,Obszar niezabudowany,"20,5175","52,8397222222222",Pobocze,Dobre warunki atmosferyczne,Światło dzienne,Najechanie na drzewo,1,0,1,Ciężko,N,,,,,,,,,,,,,,,,,,
EWK-98257303F,2014,2014-05-31,17,POWIAT PŁOŃSKI,SOCHOCIN - OBSZAR WIEJSKI,Droga gminna,G301147W,Jednojezdniowa dwukierunkowa,Odcinek prosty,Obszar niezabudowany,"20,5175","52,8397222222222",Pobocze,Dobre warunki atmosferyczne,Światło dzienne,Najechanie na drzewo,1,0,1,Lekko,N,,,,,,,,,,,,,,,,,,
EWK-98257303F,2014,2014-05-31,17,POWIAT PŁOŃSKI,SOCHOCIN - OBSZAR WIEJSKI,Droga gminna,G301147W,Jednojezdniowa dwukierunkowa,Odcinek prosty,Obszar niezabudowany,"20,5175","52,8397222222222",Pobocze,Dobre warunki atmosferyczne,Światło dzienne,Najechanie na drzewo,1,0,0,Nieokreślone (puste pole),N,,,,,,,,,,,,,,,,,,
EWK-98258109M,2014,2014-05-31,22,POWIAT RADOMSKI,KOWALA - OBSZAR WIEJSKI,Droga wojewódzka,744,Jednojezdniowa dwukierunkowa,Odcinek prosty,Obszar zabudowany,"21,2366666666667","51,3625",Jezdnia,Dobre warunki atmosferyczne,Noc - droga oświetlona,Najechanie na pieszego,1,0,1,Ciężko,T,,,,,,,,,,,,,,,,,,
EWK-98258109M,2014,2014-05-31,22,POWIAT RADOMSKI,KOWALA - OBSZAR WIEJSKI,Droga wojewódzka,744,Jednojezdniowa dwukierunkowa,Odcinek prosty,Obszar zabudowany,"21,2366666666667","51,3625",Jezdnia,Dobre warunki atmosferyczne,Noc - droga oświetlona,Najechanie na pieszego,1,0,0,Nieokreślone (puste pole),T,,,,,,,,,,,,,,,,,,
EWK-98257413E,2014,2014-05-31,5,POWIAT MŁAWSKI,STRZEGOWO - OBSZAR WIEJSKI,Droga krajowa,7,Jednojezdniowa dwukierunkowa,Odcinek prosty,Obszar niezabudowany,"20,3180555555556","52,9230555555556",Jezdnia,Dobre warunki atmosferyczne,Światło dzienne,Wywrócenie się pojazdu,1,0,9,Lekko,N,,,,,,,,,,,,,,,,,,
EWK-98257413E,2014,2014-05-31,5,POWIAT MŁAWSKI,STRZEGOWO - OBSZAR WIEJSKI,Droga krajowa,7,Jednojezdniowa dwukierunkowa,Odcinek prosty,Obszar niezabudowany,"20,3180555555556","52,9230555555556",Jezdnia,Dobre warunki atmosferyczne,Światło dzienne,Wywrócenie się pojazdu,1,0,0,Nieokreślone (puste pole),N,,,,,,,,,,,,,,,,,,
EWK-98256853F,2014,2014-05-31,14,POWIAT OSTROŁĘKA,OSTROŁĘKA - OBSZAR MIEJSKI,Droga powiatowa,2569W,Jednojezdniowa dwukierunkowa,Odcinek prosty,Obszar zabudowany,"21,6794444444444","53,1205555555556",Jezdnia,Dobre warunki atmosferyczne,Światło dzienne,Zderzenie pojazdów boczne,1,0,1,Lekko,N,,,,,,,,,,,,,,,,,,
EWK-98256853F,2014,2014-05-31,14,POWIAT OSTROŁĘKA,OSTROŁĘKA - OBSZAR MIEJSKI,Droga powiatowa,2569W,Jednojezdniowa dwukierunkowa,Odcinek prosty,Obszar zabudowany,"21,6794444444444","53,1205555555556",Jezdnia,Dobre warunki atmosferyczne,Światło dzienne,Zderzenie pojazdów boczne,1,0,0,Nieokreślone (puste pole),N,,,,,,,,,,,,,,,,,,
EWK-98258087L,2014,2014-05-31,6,POWIAT RADOMSKI,WIERZBICA - OBSZAR WIEJSKI,Droga wojewódzka,744,Jednojezdniowa dwukierunkowa,,Obszar zabudowany,"21,2141666666667","51,3897222222222",Jezdnia,Dobre warunki atmosferyczne,Światło dzienne,Zderzenie pojazdów boczne,1,0,2,Ciężko,T,,,,,,,,,,,,,,,,,,
EWK-98258087L,2014,2014-05-31,6,POWIAT RADOMSKI,WIERZBICA - OBSZAR WIEJSKI,Droga wojewódzka,744,Jednojezdniowa dwukierunkowa,,Obszar zabudowany,"21,2141666666667","51,3897222222222",Jezdnia,Dobre warunki atmosferyczne,Światło dzienne,Zderzenie pojazdów boczne,1,0,0,Nieokreślone (puste pole),T,,,,,,,,,,,,,,,,,,
EWK-98258139L,2014,2014-05-31,16,POWIAT PRZYSUSKI,KLWÓW - OBSZAR WIEJSKI,Droga krajowa,48,Jednojezdniowa dwukierunkowa,,Obszar niezabudowany,"20,7519444444444","51,5716666666667",Jezdnia,Dobre warunki atmosferyczne,Światło dzienne,Zderzenie pojazdów boczne,1,0,2,Lekko,N,,,,,,,,,,,,,,,,,,
EWK-98258139L,2014,2014-05-31,16,POWIAT PRZYSUSKI,KLWÓW - OBSZAR WIEJSKI,Droga krajowa,48,Jednojezdniowa dwukierunkowa,,Obszar niezabudowany,"20,7519444444444","51,5716666666667",Jezdnia,Dobre warunki atmosferyczne,Światło dzienne,Zderzenie pojazdów boczne,1,0,0,Nieokreślone (puste pole),N,,,,,,,,,,,,,,,,,,
EWK-98258158M,2014,2014-05-31,20,POWIAT GRÓJECKI,WARKA - OBSZAR WIEJSKI,Droga powiatowa,P,Jednojezdniowa dwukierunkowa,,Obszar zabudowany,"21,2027777777778","51,9141666666667",Jezdnia,Dobre warunki atmosferyczne,Światło dzienne,Zderzenie pojazdów boczne,1,0,3,Lekko,N,,,,,,,,,,,,,,,,,,
EWK-98260588D,2014,2014-05-31,22,POWIAT GARWOLIŃSKI,PILAWA - OBSZAR WIEJSKI,Droga krajowa,17,Jednojezdniowa dwukierunkowa,Odcinek prosty,Obszar niezabudowany,"21,6408333333333","51,9836111111111",Jezdnia,Dobre warunki atmosferyczne,Noc - droga nieoświetlona,Zderzenie pojazdów tylne,1,0,1,Lekko,N,,,,,,,,,,,,,,,,,,
EWK-98260588D,2014,2014-05-31,22,POWIAT GARWOLIŃSKI,PILAWA - OBSZAR WIEJSKI,Droga krajowa,17,Jednojezdniowa dwukierunkowa,Odcinek prosty,Obszar niezabudowany,"21,6408333333333","51,9836111111111",Jezdnia,Dobre warunki atmosferyczne,Noc - droga nieoświetlona,Zderzenie pojazdów tylne,1,0,0,Nieokreślone (puste pole),N,,,,,,,,,,,,,,,,,,
EWK-98256817K,2014,2014-05-31,13,POWIAT OSTROŁĘKA,OSTROŁĘKA - OBSZAR MIEJSKI,Droga gminna,G510089W,Jednojezdniowa dwukierunkowa,Odcinek prosty,Obszar zabudowany,"21,5730555555556","53,2247222222222",Jezdnia,Dobre warunki atmosferyczne,Światło dzienne,Zderzenie pojazdów tylne,1,0,1,Lekko,N,,,,,,,,,,,,,,,,,,
EWK-98256817K,2014,2014-05-31,13,POWIAT OSTROŁĘKA,OSTROŁĘKA - OBSZAR MIEJSKI,Droga gminna,G510089W,Jednojezdniowa dwukierunkowa,Odcinek prosty,Obszar zabudowany,"21,5730555555556","53,2247222222222",Jezdnia,Dobre warunki atmosferyczne,Światło dzienne,Zderzenie pojazdów tylne,1,0,0,Nieokreślone (puste pole),N,,,,,,,,,,,,,,,,,,
EWK-98258126W,2014,2014-05-31,11,POWIAT PRZYSUSKI,RUSINÓW - OBSZAR WIEJSKI,Droga powiatowa,34329W,Jednojezdniowa dwukierunkowa,,Obszar zabudowany,"20,7038888888889","51,4522222222222",Jezdnia,Dobre warunki atmosferyczne,Światło dzienne,Zderzenie pojazdów tylne,1,0,1,Lekko,N,,,,,,,,,,,,,,,,,,
EWK-98258126W,2014,2014-05-31,11,POWIAT PRZYSUSKI,RUSINÓW - OBSZAR WIEJSKI,Droga powiatowa,34329W,Jednojezdniowa dwukierunkowa,,Obszar zabudowany,"20,7038888888889","51,4522222222222",Jezdnia,Dobre warunki atmosferyczne,Światło dzienne,Zderzenie pojazdów tylne,1,0,0,Nieokreślone (puste pole),N,,,,,,,,,,,,,,,,,,
EWK-98260988P,2014,2014-06-01,17,POWIAT KOZIENICKI,GARBATKA-LETNISKO - OBSZAR WIEJSKI,Droga gminna,GMINNA,Jednojezdniowa dwukierunkowa,Odcinek prosty,Obszar niezabudowany,"21,61","51,5958333333333",Pobocze,Dobre warunki atmosferyczne,Światło dzienne,Najechanie na drzewo,1,0,1,Lekko,T,,,,,,,,,,,,,,,,,,
EWK-98260988P,2014,2014-06-01,17,POWIAT KOZIENICKI,GARBATKA-LETNISKO - OBSZAR WIEJSKI,Droga gminna,GMINNA,Jednojezdniowa dwukierunkowa,Odcinek prosty,Obszar niezabudowany,"21,61","51,5958333333333",Pobocze,Dobre warunki atmosferyczne,Światło dzienne,Najechanie na drzewo,1,0,0,Nieokreślone (puste pole),T,,,,,,,,,,,,,,,,,,
EWK-98260383H,2014,2014-06-01,23,POWIAT PŁOCKI,ŁĄCK - OBSZAR WIEJSKI,Droga powiatowa,P2976W,Jednojezdniowa dwukierunkowa,"Zakręt, łuk; Spadek",Obszar niezabudowany,"19,7747222222222","52,4355555555556",Jezdnia,Dobre warunki atmosferyczne,Noc - droga nieoświetlona,Najechanie na pieszego,1,0,1,Lekko,N,,,,,,,,,,,,,,,,,,
EWK-98260383H,2014,2014-06-01,23,POWIAT PŁOCKI,ŁĄCK - OBSZAR WIEJSKI,Droga powiatowa,P2976W,Jednojezdniowa dwukierunkowa,"Zakręt, łuk; Spadek",Obszar niezabudowany,"19,7747222222222","52,4355555555556",Jezdnia,Dobre warunki atmosferyczne,Noc - droga nieoświetlona,Najechanie na pieszego,1,0,0,Nieokreślone (puste pole),N,,,,,,,,,,,,,,,,,,
EWK-98260646P,2014,2014-06-01,12,POWIAT MAKOWSKI,RÓŻAN - OBSZAR WIEJSKI,Droga krajowa,61,Jednojezdniowa dwukierunkowa,"Zakręt, łuk",Obszar niezabudowany,"21,4711111111111","52,9425","Skarpa, rów",Dobre warunki atmosferyczne,Światło dzienne,Wywrócenie się pojazdu,1,0,1,Ciężko,T,,,,,,,,,,,,,,,,,,
EWK-98260646P,2014,2014-06-01,12,POWIAT MAKOWSKI,RÓŻAN - OBSZAR WIEJSKI,Droga krajowa,61,Jednojezdniowa dwukierunkowa,"Zakręt, łuk",Obszar niezabudowany,"21,4711111111111","52,9425","Skarpa, rów",Dobre warunki atmosferyczne,Światło dzienne,Wywrócenie się pojazdu,1,0,0,Nieokreślone (puste pole),T,,,,,,,,,,,,,,,,,,
EWK-98268245X,2014,2014-06-01,21,POWIAT WYSZKOWSKI,DŁUGOSIODŁO - OBSZAR WIEJSKI,Droga powiatowa,4401W,Jednojezdniowa dwukierunkowa,"Zakręt, łuk",Obszar niezabudowany,"21,7136111111111","52,8441666666667",Jezdnia,Opady deszczu,Noc - droga nieoświetlona,Wywrócenie się pojazdu,1,0,2,Lekko,N,,,,,,,,,,,,,,,,,,
EWK-98268245X,2014,2014-06-01,21,POWIAT WYSZKOWSKI,DŁUGOSIODŁO - OBSZAR WIEJSKI,Droga powiatowa,4401W,Jednojezdniowa dwukierunkowa,"Zakręt, łuk",Obszar niezabudowany,"21,7136111111111","52,8441666666667",Jezdnia,Opady deszczu,Noc - droga nieoświetlona,Wywrócenie się pojazdu,1,0,0,Nieokreślone (puste pole),N,,,,,,,,,,,,,,,,,,
EWK-98258034W,2014,2014-06-01,21,POWIAT RADOMSKI,ZAKRZEW - OBSZAR WIEJSKI,Droga wojewódzka,740,Jednojezdniowa dwukierunkowa,Odcinek prosty,Obszar niezabudowany,"21,1086111111111","51,5775",Jezdnia,Pochmurno,Noc - droga oświetlona,Najechanie na zwierzę,1,0,1,Ciężko,N,,,,,,,,,,,,,,,,,,
EWK-98257815G,2014,2014-06-02,7,POWIAT MŁAWSKI,RADZANÓW - OBSZAR WIEJSKI,Droga powiatowa,P2359W,Jednojezdniowa dwukierunkowa,"Zakręt, łuk",Obszar niezabudowany,"20,0697222222222","53,0680555555556",Jezdnia,Opady deszczu,Światło dzienne,Zderzenie pojazdów czołowe,1,0,2,Lekko,N,,,,,,,,,,,,,,,,,,
EWK-98259903E,2014,2014-06-02,7,POWIAT MŁAWSKI,MŁAWA - OBSZAR MIEJSKI,Droga powiatowa,P,Jednojezdniowa dwukierunkowa,,Obszar zabudowany,"20,4472222222222","53,2194444444445",Jezdnia,Opady deszczu,Światło dzienne,Zderzenie pojazdów tylne,1,0,1,Lekko,N,,,,,,,,,,,,,,,,,,
EWK-98259903E,2014,2014-06-02,7,POWIAT MŁAWSKI,MŁAWA - OBSZAR MIEJSKI,Droga powiatowa,P,Jednojezdniowa dwukierunkowa,,Obszar zabudowany,"20,4472222222222","53,2194444444445",Jezdnia,Opady deszczu,Światło dzienne,Zderzenie pojazdów tylne,1,0,0,Nieokreślone (puste pole),N,,,,,,,,,,,,,,,,,,
EWK-98262463T,2014,2014-06-02,12,POWIAT SIEDLECKI,PRZESMYKI - OBSZAR WIEJSKI,Droga powiatowa,3590N,Jednojezdniowa dwukierunkowa,"Zakręt, łuk",Obszar zabudowany,"22,5947222222222","52,3852777777778",Jezdnia,Pochmurno,Światło dzienne,Zderzenie pojazdów boczne,1,1,0,Nieokreślone (puste pole),N,,,,,,,,,,,,,,,,,,
EWK-98260543U,2014,2014-06-02,8,POWIAT RADOMSKI,PRZYTYK - OBSZAR WIEJSKI,Droga powiatowa,34361W,Jednojezdniowa dwukierunkowa,Odcinek prosty,Obszar niezabudowany,"21,0438888888889","51,5338888888889",Jezdnia,Pochmurno,Światło dzienne,Zderzenie pojazdów tylne,1,0,1,Lekko,N,,,,,,,,,,,,,,,,,,
EWK-98260543U,2014,2014-06-02,8,POWIAT RADOMSKI,PRZYTYK - OBSZAR WIEJSKI,Droga powiatowa,34361W,Jednojezdniowa dwukierunkowa,Odcinek prosty,Obszar niezabudowany,"21,0438888888889","51,5338888888889",Jezdnia,Pochmurno,Światło dzienne,Zderzenie pojazdów tylne,1,0,0,Nieokreślone (puste pole),N,,,,,,,,,,,,,,,,,,
EWK-98263296Y,2014,2014-06-03,16,POWIAT ZWOLEŃSKI,ZWOLEŃ - OBSZAR WIEJSKI,Droga gminna,GMINNA,Jednojezdniowa dwukierunkowa,"Zakręt, łuk",Obszar niezabudowany,"21,625","51,4225","Skarpa, rów",Dobre warunki atmosferyczne,Światło dzienne,Najechanie na drzewo,1,0,1,Ciężko,N,,,,,,,,,,,,,,,,,,
EWK-98269618Q,2014,2014-06-03,5,POWIAT ŁOSICKI,PLATERÓW - OBSZAR WIEJSKI,Droga powiatowa,02104W,Jednojezdniowa dwukierunkowa,Odcinek prosty,Obszar zabudowany,"22,9433333333333","52,4111111111111","Skarpa, rów",Dobre warunki atmosferyczne,"Zmrok, świt","Najechanie na słup, znak",1,0,1,Ciężko,T,,,,,,,,,,,,,,,,,,
EWK-98301183H,2014,2014-06-03,22,POWIAT GARWOLIŃSKI,GARWOLIN - OBSZAR WIEJSKI,Droga krajowa,76,Jednojezdniowa dwukierunkowa,"Zakręt, łuk",Obszar zabudowany,"21,6119444444444","51,9905555555556",Jezdnia,Dobre warunki atmosferyczne,Noc - droga nieoświetlona,Zderzenie pojazdów tylne,1,1,0,Nieokreślone (puste pole),N,,,,,,,,,,,,,,,,,,
EWK-98268264L,2014,2014-06-03,19,POWIAT WYSZKOWSKI,DŁUGOSIODŁO - OBSZAR WIEJSKI,Droga powiatowa,4401W,Jednojezdniowa dwukierunkowa,Odcinek prosty,Obszar niezabudowany,"21,6891666666667","52,8083333333333",Jezdnia,Pochmurno,Światło dzienne,Zderzenie pojazdów boczne,1,0,1,Lekko,T,,,,,,,,,,,,,,,,,,
EWK-98268264L,2014,2014-06-03,19,POWIAT WYSZKOWSKI,DŁUGOSIODŁO - OBSZAR WIEJSKI,Droga powiatowa,4401W,Jednojezdniowa dwukierunkowa,Odcinek prosty,Obszar niezabudowany,"21,6891666666667","52,8083333333333",Jezdnia,Pochmurno,Światło dzienne,Zderzenie pojazdów boczne,1,0,0,Nieokreślone (puste pole),T,,,,,,,,,,,,,,,,,,
EWK-98267221N,2014,2014-06-04,9,POWIAT SIEDLECKI,ZBUCZYN - OBSZAR WIEJSKI,Droga krajowa,2,Jednojezdniowa dwukierunkowa,,Obszar zabudowany,"22,5458333333333","52,2147222222222",Droga dla rowerzystów,Dobre warunki atmosferyczne,Światło dzienne,Zderzenie pojazdów boczne,1,0,1,Ciężko,N,,,,,,,,,,,,,,,,,,
EWK-98267221N,2014,2014-06-04,9,POWIAT SIEDLECKI,ZBUCZYN - OBSZAR WIEJSKI,Droga krajowa,2,Jednojezdniowa dwukierunkowa,,Obszar zabudowany,"22,5458333333333","52,2147222222222",Droga dla rowerzystów,Dobre warunki atmosferyczne,Światło dzienne,Zderzenie pojazdów boczne,1,0,0,Nieokreślone (puste pole),N,,,,,,,,,,,,,,,,,,
EWK-98263073L,2014,2014-06-04,19,POWIAT PRZASNYSKI,PRZASNYSZ - OBSZAR MIEJSKI,Droga krajowa,57,Jednojezdniowa dwukierunkowa,,Obszar zabudowany,"20,9608333333333","53,0188888888889",Jezdnia,Dobre warunki atmosferyczne,Światło dzienne,Zderzenie pojazdów boczne,1,0,1,Ciężko,N,,,,,,,,,,,,,,,,,,
EWK-98263073L,2014,2014-06-04,19,POWIAT PRZASNYSKI,PRZASNYSZ - OBSZAR MIEJSKI,Droga krajowa,57,Jednojezdniowa dwukierunkowa,,Obszar zabudowany,"20,9608333333333","53,0188888888889",Jezdnia,Dobre warunki atmosferyczne,Światło dzienne,Zderzenie pojazdów boczne,1,0,0,Nieokreślone (puste pole),N,,,,,,,,,,,,,,,,,,
EWK-98262213N,2014,2014-06-04,7,POWIAT SOCHACZEWSKI,SOCHACZEW - OBSZAR MIEJSKI,Droga powiatowa,3815W,Jednojezdniowa dwukierunkowa,Odcinek prosty,Obszar zabudowany,"20,3294444444444","52,3688888888889",Jezdnia,"Mgła, dym",Światło dzienne,Najechanie na pieszego,1,0,1,Ciężko,N,,,,,,,,,,,,,,,,,,
EWK-98262213N,2014,2014-06-04,7,POWIAT SOCHACZEWSKI,SOCHACZEW - OBSZAR MIEJSKI,Droga powiatowa,3815W,Jednojezdniowa dwukierunkowa,Odcinek prosty,Obszar zabudowany,"20,3294444444444","52,3688888888889",Jezdnia,"Mgła, dym",Światło dzienne,Najechanie na pieszego,1,0,0,Nieokreślone (puste pole),N,,,,,,,,,,,,,,,,,,
EWK-98299554A,2014,2014-06-04,13,POWIAT RADOM,RADOM - OBSZAR MIEJSKI,Droga powiatowa,P5304W  ,Jednojezdniowa dwukierunkowa,Odcinek prosty,Obszar zabudowany,"21,3063888888889","51,4902777777778",Przystanek komunikacji publicznej,Opady deszczu,Światło dzienne,Zdarzenie z pasażerem,1,0,1,Ciężko,N,,,,,,,,,,,,,,,,,,
EWK-98299554A,2014,2014-06-04,13,POWIAT RADOM,RADOM - OBSZAR MIEJSKI,Droga powiatowa,P5304W  ,Jednojezdniowa dwukierunkowa,Odcinek prosty,Obszar zabudowany,"21,3063888888889","51,4902777777778",Przystanek komunikacji publicznej,Opady deszczu,Światło dzienne,Zdarzenie z pasażerem,1,0,0,Nieokreślone (puste pole),N,,,,,,,,,,,,,,,,,,
EWK-98263057N,2014,2014-06-04,16,POWIAT RADOM,RADOM - OBSZAR MIEJSKI,Droga powiatowa,P5301W,Dwie jezdnie jednokierunkowe,,Obszar zabudowany,"21,2911111111111","51,5358333333333",Jezdnia,Oślepiające słońce,Światło dzienne,Zderzenie pojazdów boczne,1,0,2,Lekko,N,,,,,,,,,,,,,,,,,,
EWK-98263057N,2014,2014-06-04,16,POWIAT RADOM,RADOM - OBSZAR MIEJSKI,Droga powiatowa,P5301W,Dwie jezdnie jednokierunkowe,,Obszar zabudowany,"21,2911111111111","51,5358333333333",Jezdnia,Oślepiające słońce,Światło dzienne,Zderzenie pojazdów boczne,1,0,0,Nieokreślone (puste pole),N,,,,,,,,,,,,,,,,,,
EWK-98269674R,2014,2014-06-05,14,POWIAT ŻYRARDOWSKI,PUSZCZA MARIAŃSKA - OBSZAR WIEJSKI,Droga krajowa,70,Jednojezdniowa dwukierunkowa,,Obszar zabudowany,"20,2630555555556","52,0463888888889",Jezdnia,Dobre warunki atmosferyczne,Światło dzienne,Zderzenie pojazdów tylne,1,0,2,Lekko,N,,,,,,,,,,,,,,,,,,
EWK-98269674R,2014,2014-06-05,14,POWIAT ŻYRARDOWSKI,PUSZCZA MARIAŃSKA - OBSZAR WIEJSKI,Droga krajowa,70,Jednojezdniowa dwukierunkowa,,Obszar zabudowany,"20,2630555555556","52,0463888888889",Jezdnia,Dobre warunki atmosferyczne,Światło dzienne,Zderzenie pojazdów tylne,1,0,0,Nieokreślone (puste pole),N,,,,,,,,,,,,,,,,,,
EWK-98262549H,2014,2014-06-05,11,POWIAT PŁOCK,PŁOCK - OBSZAR MIEJSKI,Droga gminna,GMINNA,Jednojezdniowa dwukierunkowa,,Obszar zabudowany,"19,7127777777778","52,6458333333333",Jezdnia,Oślepiające słońce,Światło dzienne,Najechanie na pieszego,1,0,1,Lekko,N,,,,,,,,,,,,,,,,,,