IDKSIP,year,date,hour,district,district_commune,road_category,road_number,type_of_road,road_geometry,area,Longitude,Latitude,char_place_of_the_event,weather_conditions,lighting,type_of_accident,num_of_accidents,num_of_fatalities,num_of_injured,type_of_injury,is_offender_intoxicated,,,,,,,,,,,,,,,,,,
EWK-98262549H,2014,2014-06-05,11,POWIAT PŁOCK,PŁOCK - OBSZAR MIEJSKI,Droga gminna,GMINNA,Jednojezdniowa dwukierunkowa,,Obszar zabudowany,"19,7127777777778","52,6458333333333",Jezdnia,Oślepiające słońce,Światło dzienne,Najechanie na pieszego,1,0,0,Nieokreślone (puste pole),N,,,,,,,,,,,,,,,,,,
EWK-98264868G,2014,2014-06-05,0,POWIAT OSTROŁĘCKI,MYSZYNIEC - OBSZAR WIEJSKI,Droga gminna,G250808W,Jednojezdniowa dwukierunkowa,"Zakręt, łuk",Obszar niezabudowany,"21,3863888888889","53,4275","Skarpa, rów","Pochmurno; Mgła, dym",Noc - droga nieoświetlona,Najechanie na drzewo,1,0,1,Ciężko,T,,,,,,,,,,,,,,,,,,
EWK-98267142P,2014,2014-06-06,15,POWIAT PŁOCK,PŁOCK - OBSZAR MIEJSKI,Droga powiatowa,P,Jednokierunkowa,,Obszar zabudowany,"19,7052777777778","52,6066666666667",Jezdnia,Dobre warunki atmosferyczne,Światło dzienne,Inne,1,0,1,Lekko,N,,,,,,,,,,,,,,,,,,
EWK-98267142P,2014,2014-06-06,15,POWIAT PŁOCK,PŁOCK - OBSZAR MIEJSKI,Droga powiatowa,P,Jednokierunkowa,,Obszar zabudowany,"19,7052777777778","52,6066666666667",Jezdnia,Dobre warunki atmosferyczne,Światło dzienne,Inne,1,0,0,Nieokreślone (puste pole),N,,,,,,,,,,,,,,,,,,
EWK-98265125R,2014,2014-06-06,22,POWIAT MŁAWSKI,STRZEGOWO - OBSZAR WIEJSKI,Droga krajowa,7,Jednojezdniowa dwukierunkowa,Odcinek prosty,Obszar niezabudowany,"20,3111111111111","53,0611111111111",Jezdnia,Dobre warunki atmosferyczne,Noc - droga nieoświetlona,Najechanie na drzewo,1,2,0,Nieokreślone (puste pole),N,,,,,,,,,,,,,,,,,,
EWK-98267840X,2014,2014-06-06,18,POWIAT SIERPECKI,ZAWIDZ - OBSZAR WIEJSKI,Droga powiatowa,P3743W,Jednojezdniowa dwukierunkowa,Odcinek prosty,Obszar zabudowany,"19,9386111111111","52,8969444444445",Jezdnia,Dobre warunki atmosferyczne,Światło dzienne,Najechanie na drzewo,1,1,0,Nieokreślone (puste pole),N,,,,,,,,,,,,,,,,,,
EWK-98269702A,2014,2014-06-06,23,POWIAT ŻYRARDOWSKI,RADZIEJOWICE - OBSZAR WIEJSKI,Droga gminna,GMINNA,Jednojezdniowa dwukierunkowa,Odcinek prosty,Obszar niezabudowany,"20,5816666666667","52,0241666666667",Jezdnia,Dobre warunki atmosferyczne,Noc - droga nieoświetlona,Najechanie na pieszego,1,1,0,Nieokreślone (puste pole),N,,,,,,,,,,,,,,,,,,
EWK-98267241P,2014,2014-06-06,21,POWIAT RADOM,RADOM - OBSZAR MIEJSKI,Droga wojewódzka,740,Jednojezdniowa dwukierunkowa,Odcinek prosty,Obszar zabudowany,"21,1483333333333","51,4791666666667",Jezdnia,Dobre warunki atmosferyczne,Światło dzienne,Najechanie na pieszego,1,0,1,Lekko,N,,,,,,,,,,,,,,,,,,
EWK-98267241P,2014,2014-06-06,21,POWIAT RADOM,RADOM - OBSZAR MIEJSKI,Droga wojewódzka,740,Jednojezdniowa dwukierunkowa,Odcinek prosty,Obszar zabudowany,"21,1483333333333","51,4791666666667",Jezdnia,Dobre warunki atmosferyczne,Światło dzienne,Najechanie na pieszego,1,0,0,Nieokreślone (puste pole),N,,,,,,,,,,,,,,,,,,
EWK-98266142R,2014,2014-06-06,8,POWIAT RADOM,RADOM - OBSZAR MIEJSKI,Droga krajowa,12,Dwie jezdnie jednokierunkowe,Odcinek prosty,Obszar zabudowany,"21,2022222222222","51,4980555555556",Jezdnia,Dobre warunki atmosferyczne,Światło dzienne,Zderzenie pojazdów boczne,1,0,1,Lekko,N,,,,,,,,,,,,,,,,,,
EWK-98266142R,2014,2014-06-06,8,POWIAT RADOM,RADOM - OBSZAR MIEJSKI,Droga krajowa,12,Dwie jezdnie jednokierunkowe,Odcinek prosty,Obszar zabudowany,"21,2022222222222","51,4980555555556",Jezdnia,Dobre warunki atmosferyczne,Światło dzienne,Zderzenie pojazdów boczne,1,0,0,Nieokreślone (puste pole),N,,,,,,,,,,,,,,,,,,
EWK-98267714F,2014,2014-06-06,6,POWIAT LIPSKI,SIENNO - OBSZAR WIEJSKI,Droga wojewódzka,747,Jednojezdniowa dwukierunkowa,Odcinek prosty,Obszar zabudowany,"21,5288888888889","51,1602777777778",Jezdnia,Dobre warunki atmosferyczne,Światło dzienne,Zderzenie pojazdów boczne,1,0,1,Lekko,N,,,,,,,,,,,,,,,,,,
EWK-98267714F,2014,2014-06-06,6,POWIAT LIPSKI,SIENNO - OBSZAR WIEJSKI,Droga wojewódzka,747,Jednojezdniowa dwukierunkowa,Odcinek prosty,Obszar zabudowany,"21,5288888888889","51,1602777777778",Jezdnia,Dobre warunki atmosferyczne,Światło dzienne,Zderzenie pojazdów boczne,1,0,0,Nieokreślone (puste pole),N,,,,,,,,,,,,,,,,,,
EWK-98267123K,2014,2014-06-06,13,POWIAT PŁOCK,PŁOCK - OBSZAR MIEJSKI,Droga krajowa,62,Jednojezdniowa dwukierunkowa,Odcinek prosty,Obszar niezabudowany,"19,9225","52,6177777777778",Jezdnia,Dobre warunki atmosferyczne,Światło dzienne,Zderzenie pojazdów tylne,1,0,1,Lekko,N,,,,,,,,,,,,,,,,,,
EWK-98267123K,2014,2014-06-06,13,POWIAT PŁOCK,PŁOCK - OBSZAR MIEJSKI,Droga krajowa,62,Jednojezdniowa dwukierunkowa,Odcinek prosty,Obszar niezabudowany,"19,9225","52,6177777777778",Jezdnia,Dobre warunki atmosferyczne,Światło dzienne,Zderzenie pojazdów tylne,1,0,0,Nieokreślone (puste pole),N,,,,,,,,,,,,,,,,,,
EWK-98269683T,2014,2014-06-06,15,POWIAT ŻYRARDOWSKI,WISKITKI - OBSZAR WIEJSKI,Autostrada,A2,Autostrada,Odcinek prosty,Obszar niezabudowany,"20,44","52,1247222222222",Jezdnia,Dobre warunki atmosferyczne,Światło dzienne,Zderzenie pojazdów tylne,1,0,1,Ciężko,N,,,,,,,,,,,,,,,,,,
EWK-98269683T,2014,2014-06-06,15,POWIAT ŻYRARDOWSKI,WISKITKI - OBSZAR WIEJSKI,Autostrada,A2,Autostrada,Odcinek prosty,Obszar niezabudowany,"20,44","52,1247222222222",Jezdnia,Dobre warunki atmosferyczne,Światło dzienne,Zderzenie pojazdów tylne,1,0,0,Nieokreślone (puste pole),N,,,,,,,,,,,,,,,,,,
EWK-98267176T,2014,2014-06-06,10,POWIAT BIAŁOBRZESKI,WYŚMIERZYCE - OBSZAR WIEJSKI,Droga krajowa,48,Jednojezdniowa dwukierunkowa,Odcinek prosty,Obszar niezabudowany,"21,025","51,7377777777778",Jezdnia,Opady deszczu,Światło dzienne,Zderzenie pojazdów boczne,1,0,1,Lekko,N,,,,,,,,,,,,,,,,,,
EWK-98267176T,2014,2014-06-06,10,POWIAT BIAŁOBRZESKI,WYŚMIERZYCE - OBSZAR WIEJSKI,Droga krajowa,48,Jednojezdniowa dwukierunkowa,Odcinek prosty,Obszar niezabudowany,"21,025","51,7377777777778",Jezdnia,Opady deszczu,Światło dzienne,Zderzenie pojazdów boczne,1,1,0,Nieokreślone (puste pole),N,,,,,,,,,,,,,,,,,,
EWK-98267350W,2014,2014-06-07,10,POWIAT WĘGROWSKI,KORYTNICA - OBSZAR WIEJSKI,Droga powiatowa,36210,Jednojezdniowa dwukierunkowa,Odcinek prosty,Obszar zabudowany,"21,9136111111111","52,4397222222222",Jezdnia,Dobre warunki atmosferyczne,Światło dzienne,Najechanie na pieszego,1,0,1,Lekko,N,,,,,,,,,,,,,,,,,,
EWK-98267350W,2014,2014-06-07,10,POWIAT WĘGROWSKI,KORYTNICA - OBSZAR WIEJSKI,Droga powiatowa,36210,Jednojezdniowa dwukierunkowa,Odcinek prosty,Obszar zabudowany,"21,9136111111111","52,4397222222222",Jezdnia,Dobre warunki atmosferyczne,Światło dzienne,Najechanie na pieszego,1,0,0,Nieokreślone (puste pole),N,,,,,,,,,,,,,,,,,,
EWK-98269710H,2014,2014-06-07,11,POWIAT ŻYRARDOWSKI,ŻYRARDÓW - OBSZAR MIEJSKI,Droga gminna,GMINNA,Jednojezdniowa dwukierunkowa,Odcinek prosty,Obszar zabudowany,"20,4833333333333","52,1908333333333",Jezdnia,Dobre warunki atmosferyczne,Światło dzienne,Najechanie na pieszego,1,0,1,Ciężko,N,,,,,,,,,,,,,,,,,,
EWK-98269710H,2014,2014-06-07,11,POWIAT ŻYRARDOWSKI,ŻYRARDÓW - OBSZAR MIEJSKI,Droga gminna,GMINNA,Jednojezdniowa dwukierunkowa,Odcinek prosty,Obszar zabudowany,"20,4833333333333","52,1908333333333",Jezdnia,Dobre warunki atmosferyczne,Światło dzienne,Najechanie na pieszego,1,0,0,Nieokreślone (puste pole),N,,,,,,,,,,,,,,,,,,
EWK-98265298C,2014,2014-06-07,15,POWIAT OSTROŁĘCKI,RZEKUŃ - OBSZAR WIEJSKI,Droga gminna,G251022W,Jednojezdniowa dwukierunkowa,Odcinek prosty,Obszar zabudowany,"21,7419444444444","53,1558333333333",Jezdnia,Dobre warunki atmosferyczne,Światło dzienne,Najechanie na zwierzę,1,0,1,Lekko,N,,,,,,,,,,,,,,,,,,
EWK-98265298C,2014,2014-06-07,15,POWIAT OSTROŁĘCKI,RZEKUŃ - OBSZAR WIEJSKI,Droga gminna,G251022W,Jednojezdniowa dwukierunkowa,Odcinek prosty,Obszar zabudowany,"21,7419444444444","53,1558333333333",Jezdnia,Dobre warunki atmosferyczne,Światło dzienne,Najechanie na zwierzę,1,0,0,Nieokreślone (puste pole),N,,,,,,,,,,,,,,,,,,
EWK-98266267M,2014,2014-06-07,16,POWIAT OSTROWSKI,OSTRÓW MAZOWIECKA - OBSZAR MIEJSKI,Droga gminna,GMINNA,Jednojezdniowa dwukierunkowa,,Obszar zabudowany,"21,9658333333333","52,8405555555556",Jezdnia,Dobre warunki atmosferyczne,Światło dzienne,Zderzenie pojazdów boczne,1,0,1,Ciężko,N,,,,,,,,,,,,,,,,,,
EWK-98266267M,2014,2014-06-07,16,POWIAT OSTROWSKI,OSTRÓW MAZOWIECKA - OBSZAR MIEJSKI,Droga gminna,GMINNA,Jednojezdniowa dwukierunkowa,,Obszar zabudowany,"21,9658333333333","52,8405555555556",Jezdnia,Dobre warunki atmosferyczne,Światło dzienne,Zderzenie pojazdów boczne,1,0,0,Nieokreślone (puste pole),N,,,,,,,,,,,,,,,,,,
EWK-98267253M,2014,2014-06-07,11,POWIAT RADOMSKI,SKARYSZEW - OBSZAR MIEJSKI,Droga krajowa,9,Jednojezdniowa dwukierunkowa,Odcinek prosty,Obszar zabudowany,"21,3930555555556","51,4458333333333",Jezdnia,Dobre warunki atmosferyczne,Światło dzienne,Zderzenie pojazdów boczne,1,0,1,Ciężko,N,,,,,,,,,,,,,,,,,,
EWK-98267253M,2014,2014-06-07,11,POWIAT RADOMSKI,SKARYSZEW - OBSZAR MIEJSKI,Droga krajowa,9,Jednojezdniowa dwukierunkowa,Odcinek prosty,Obszar zabudowany,"21,3930555555556","51,4458333333333",Jezdnia,Dobre warunki atmosferyczne,Światło dzienne,Zderzenie pojazdów boczne,1,0,0,Nieokreślone (puste pole),N,,,,,,,,,,,,,,,,,,
EWK-98267327K,2014,2014-06-07,11,POWIAT PŁOŃSKI,CZERWIŃSK NAD WISŁĄ - OBSZAR WIEJSKI,Droga krajowa,62,Jednojezdniowa dwukierunkowa,"Zakręt, łuk",Obszar niezabudowany,"20,4152777777778","52,5247222222222",Jezdnia,Dobre warunki atmosferyczne,Światło dzienne,Zderzenie pojazdów czołowe,1,1,0,Nieokreślone (puste pole),N,,,,,,,,,,,,,,,,,,
EWK-98300830F,2014,2014-06-07,8,POWIAT GARWOLIŃSKI,GÓRZNO - OBSZAR WIEJSKI,Droga krajowa,17,Jednojezdniowa dwukierunkowa,Odcinek prosty,Obszar niezabudowany,"21,8172222222222","51,975",Jezdnia,Dobre warunki atmosferyczne,Światło dzienne,Zderzenie pojazdów tylne,1,0,3,Lekko,N,,,,,,,,,,,,,,,,,,
EWK-98300830F,2014,2014-06-07,8,POWIAT GARWOLIŃSKI,GÓRZNO - OBSZAR WIEJSKI,Droga krajowa,17,Jednojezdniowa dwukierunkowa,Odcinek prosty,Obszar niezabudowany,"21,8172222222222","51,975",Jezdnia,Dobre warunki atmosferyczne,Światło dzienne,Zderzenie pojazdów tylne,1,0,0,Nieokreślone (puste pole),N,,,,,,,,,,,,,,,,,,
EWK-98270019A,2014,2014-06-08,1,POWIAT KOZIENICKI,MAGNUSZEW - OBSZAR WIEJSKI,Droga krajowa,79,Jednojezdniowa dwukierunkowa,"Zakręt, łuk",Obszar zabudowany,"21,4027777777778","51,8411111111111",Pobocze,Dobre warunki atmosferyczne,Noc - droga nieoświetlona,Najechanie na barierę ochronną,1,0,1,Ciężko,T,,,,,,,,,,,,,,,,,,
EWK-98269473T,2014,2014-06-08,23,POWIAT LIPSKI,LIPSKO - OBSZAR WIEJSKI,Droga powiatowa,P1922W,Jednojezdniowa dwukierunkowa,"Zakręt, łuk",Obszar zabudowany,"21,7047222222222","51,1102777777778",Jezdnia,Dobre warunki atmosferyczne,Noc - droga oświetlona,Wywrócenie się pojazdu,1,0,1,Ciężko,N,,,,,,,,,,,,,,,,,,
EWK-98269473T,2014,2014-06-08,23,POWIAT LIPSKI,LIPSKO - OBSZAR WIEJSKI,Droga powiatowa,P1922W,Jednojezdniowa dwukierunkowa,"Zakręt, łuk",Obszar zabudowany,"21,7047222222222","51,1102777777778",Jezdnia,Dobre warunki atmosferyczne,Noc - droga oświetlona,Wywrócenie się pojazdu,1,0,1,Lekko,N,,,,,,,,,,,,,,,,,,
EWK-98265395N,2014,2014-06-08,16,POWIAT SOCHACZEWSKI,BROCHÓW - OBSZAR WIEJSKI,Droga wojewódzka,575,Jednojezdniowa dwukierunkowa,Odcinek prosty,Obszar zabudowany,"20,3538888888889","52,4786111111111",Jezdnia,Dobre warunki atmosferyczne,Światło dzienne,Zderzenie pojazdów boczne,1,0,1,Lekko,N,,,,,,,,,,,,,,,,,,
EWK-98265395N,2014,2014-06-08,16,POWIAT SOCHACZEWSKI,BROCHÓW - OBSZAR WIEJSKI,Droga wojewódzka,575,Jednojezdniowa dwukierunkowa,Odcinek prosty,Obszar zabudowany,"20,3538888888889","52,4786111111111",Jezdnia,Dobre warunki atmosferyczne,Światło dzienne,Zderzenie pojazdów boczne,1,0,0,Nieokreślone (puste pole),N,,,,,,,,,,,,,,,,,,
EWK-98266284Q,2014,2014-06-08,18,POWIAT GRÓJECKI,BŁĘDÓW - OBSZAR WIEJSKI,Droga powiatowa,P,Jednojezdniowa dwukierunkowa,,Obszar zabudowany,"20,7722222222222","51,8827777777778",Jezdnia,Dobre warunki atmosferyczne,Światło dzienne,Zderzenie pojazdów boczne,1,0,3,Lekko,N,,,,,,,,,,,,,,,,,,
EWK-98266284Q,2014,2014-06-08,18,POWIAT GRÓJECKI,BŁĘDÓW - OBSZAR WIEJSKI,Droga powiatowa,P,Jednojezdniowa dwukierunkowa,,Obszar zabudowany,"20,7722222222222","51,8827777777778",Jezdnia,Dobre warunki atmosferyczne,Światło dzienne,Zderzenie pojazdów boczne,1,0,0,Nieokreślone (puste pole),N,,,,,,,,,,,,,,,,,,
EWK-98267165N,2014,2014-06-08,10,POWIAT PŁOCK,PŁOCK - OBSZAR MIEJSKI,Droga krajowa,62,Jednokierunkowa,,Obszar zabudowany,"19,825","52,585",Jezdnia,Dobre warunki atmosferyczne,Światło dzienne,Zderzenie pojazdów boczne,1,0,1,Lekko,N,,,,,,,,,,,,,,,,,,
EWK-98267165N,2014,2014-06-08,10,POWIAT PŁOCK,PŁOCK - OBSZAR MIEJSKI,Droga krajowa,62,Jednokierunkowa,,Obszar zabudowany,"19,825","52,585",Jezdnia,Dobre warunki atmosferyczne,Światło dzienne,Zderzenie pojazdów boczne,1,0,0,Nieokreślone (puste pole),N,,,,,,,,,,,,,,,,,,
EWK-98268684L,2014,2014-06-08,16,POWIAT KOZIENICKI,MAGNUSZEW - OBSZAR WIEJSKI,Droga wojewódzka,W736,Jednojezdniowa dwukierunkowa,Odcinek prosty,Obszar zabudowany,"21,3536111111111","51,7819444444444",Jezdnia,Dobre warunki atmosferyczne,Światło dzienne,Zderzenie pojazdów boczne,1,0,1,Lekko,N,,,,,,,,,,,,,,,,,,
EWK-98268684L,2014,2014-06-08,16,POWIAT KOZIENICKI,MAGNUSZEW - OBSZAR WIEJSKI,Droga wojewódzka,W736,Jednojezdniowa dwukierunkowa,Odcinek prosty,Obszar zabudowany,"21,3536111111111","51,7819444444444",Jezdnia,Dobre warunki atmosferyczne,Światło dzienne,Zderzenie pojazdów boczne,1,0,0,Nieokreślone (puste pole),N,,,,,,,,,,,,,,,,,,
EWK-98269972X,2014,2014-06-08,15,POWIAT SIERPECKI,MOCHOWO - OBSZAR WIEJSKI,Droga gminna,GMINNA,Jednojezdniowa dwukierunkowa,Odcinek prosty,Obszar zabudowany,"19,6222222222222","52,7227777777778",Jezdnia,Dobre warunki atmosferyczne,Światło dzienne,Zderzenie pojazdów boczne,1,0,1,Lekko,N,,,,,,,,,,,,,,,,,,
EWK-98269972X,2014,2014-06-08,15,POWIAT SIERPECKI,MOCHOWO - OBSZAR WIEJSKI,Droga gminna,GMINNA,Jednojezdniowa dwukierunkowa,Odcinek prosty,Obszar zabudowany,"19,6222222222222","52,7227777777778",Jezdnia,Dobre warunki atmosferyczne,Światło dzienne,Zderzenie pojazdów boczne,1,0,0,Nieokreślone (puste pole),N,,,,,,,,,,,,,,,,,,
EWK-98269218W,2014,2014-06-08,15,POWIAT PRZASNYSKI,JEDNOROŻEC - OBSZAR WIEJSKI,Droga powiatowa,31234W,Jednojezdniowa dwukierunkowa,,Obszar zabudowany,"21,1636111111111","53,1883333333333",Jezdnia,Dobre warunki atmosferyczne,Światło dzienne,Zderzenie pojazdów czołowe,1,0,1,Ciężko,N,,,,,,,,,,,,,,,,,,
EWK-98269218W,2014,2014-06-08,15,POWIAT PRZASNYSKI,JEDNOROŻEC - OBSZAR WIEJSKI,Droga powiatowa,31234W,Jednojezdniowa dwukierunkowa,,Obszar zabudowany,"21,1636111111111","53,1883333333333",Jezdnia,Dobre warunki atmosferyczne,Światło dzienne,Zderzenie pojazdów czołowe,1,0,0,Nieokreślone (puste pole),N,,,,,,,,,,,,,,,,,,
EWK-98266575L,2014,2014-06-08,14,POWIAT ŻUROMIŃSKI,KUCZBORK-OSADA - OBSZAR WIEJSKI,Droga wojewódzka,563,Jednojezdniowa dwukierunkowa,Odcinek prosty,Obszar niezabudowany,"20,0797222222222","53,0888888888889",Jezdnia,Dobre warunki atmosferyczne,Światło dzienne,Zderzenie pojazdów tylne,1,0,1,Lekko,N,,,,,,,,,,,,,,,,,,
EWK-98266575L,2014,2014-06-08,14,POWIAT ŻUROMIŃSKI,KUCZBORK-OSADA - OBSZAR WIEJSKI,Droga wojewódzka,563,Jednojezdniowa dwukierunkowa,Odcinek prosty,Obszar niezabudowany,"20,0797222222222","53,0888888888889",Jezdnia,Dobre warunki atmosferyczne,Światło dzienne,Zderzenie pojazdów tylne,1,0,0,Nieokreślone (puste pole),N,,,,,,,,,,,,,,,,,,
EWK-98267288Y,2014,2014-06-08,16,POWIAT RADOM,RADOM - OBSZAR MIEJSKI,Droga wojewódzka,737,Jednojezdniowa dwukierunkowa,,Obszar zabudowany,"21,3655555555556","51,5711111111111",Jezdnia,Dobre warunki atmosferyczne,Światło dzienne,Zderzenie pojazdów tylne,1,0,1,Lekko,N,,,,,,,,,,,,,,,,,,
EWK-98267288Y,2014,2014-06-08,16,POWIAT RADOM,RADOM - OBSZAR MIEJSKI,Droga wojewódzka,737,Jednojezdniowa dwukierunkowa,,Obszar zabudowany,"21,3655555555556","51,5711111111111",Jezdnia,Dobre warunki atmosferyczne,Światło dzienne,Zderzenie pojazdów tylne,1,0,0,Nieokreślone (puste pole),N,,,,,,,,,,,,,,,,,,
EWK-98269251W,2014,2014-06-09,13,POWIAT GRÓJECKI,JASIENIEC - OBSZAR WIEJSKI,Droga wojewódzka,730,Jednojezdniowa dwukierunkowa,,Obszar zabudowany,"20,955","51,8677777777778",Jezdnia,Dobre warunki atmosferyczne,Światło dzienne,Najechanie na pieszego,1,0,1,Lekko,N,,,,,,,,,,,,,,,,,,
EWK-98269251W,2014,2014-06-09,13,POWIAT GRÓJECKI,JASIENIEC - OBSZAR WIEJSKI,Droga wojewódzka,730,Jednojezdniowa dwukierunkowa,,Obszar zabudowany,"20,955","51,8677777777778",Jezdnia,Dobre warunki atmosferyczne,Światło dzienne,Najechanie na pieszego,1,0,0,Nieokreślone (puste pole),N,,,,,,,,,,,,,,,,,,
EWK-98269274L,2014,2014-06-09,7,POWIAT MAKOWSKI,MAKÓW MAZOWIECKI - OBSZAR MIEJSKI,Droga krajowa,60,Jednojezdniowa dwukierunkowa,,Obszar zabudowany,"21,1030555555556","52,9997222222222",Przejście dla pieszych,Dobre warunki atmosferyczne,Światło dzienne,Najechanie na pieszego,1,0,1,Ciężko,N,,,,,,,,,,,,,,,,,,
EWK-98269274L,2014,2014-06-09,7,POWIAT MAKOWSKI,MAKÓW MAZOWIECKI - OBSZAR MIEJSKI,Droga krajowa,60,Jednojezdniowa dwukierunkowa,,Obszar zabudowany,"21,1030555555556","52,9997222222222",Przejście dla pieszych,Dobre warunki atmosferyczne,Światło dzienne,Najechanie na pieszego,1,0,0,Nieokreślone (puste pole),N,,,,,,,,,,,,,,,,,,
EWK-98267790C,2014,2014-06-09,18,POWIAT LIPSKI,CHOTCZA - OBSZAR WIEJSKI,Droga powiatowa,P1913W,Jednojezdniowa dwukierunkowa,Odcinek prosty,Obszar zabudowany,"21,7138888888889","51,2691666666667",Jezdnia,Dobre warunki atmosferyczne,Światło dzienne,Wywrócenie się pojazdu,1,1,0,Nieokreślone (puste pole),N,,,,,,,,,,,,,,,,,,
EWK-98279151C,2014,2014-06-09,16,POWIAT BIAŁOBRZESKI,STARA BŁOTNICA - OBSZAR WIEJSKI,Droga gminna,G110412W,Jednojezdniowa dwukierunkowa,Odcinek prosty,Obszar zabudowany,"21,0363888888889","51,6788888888889",Jezdnia,Dobre warunki atmosferyczne,Światło dzienne,Wywrócenie się pojazdu,1,0,1,Lekko,N,,,,,,,,,,,,,,,,,,
EWK-98268253K,2014,2014-06-09,15,POWIAT WYSZKOWSKI,RZĄŚNIK - OBSZAR WIEJSKI,Droga powiatowa,4410W,Jednojezdniowa dwukierunkowa,Odcinek prosty,Obszar niezabudowany,"21,3638888888889","52,7475",Jezdnia,Dobre warunki atmosferyczne,Światło dzienne,Zderzenie pojazdów czołowe,1,0,1,Ciężko,N,,,,,,,,,,,,,,,,,,
EWK-98268253K,2014,2014-06-09,15,POWIAT WYSZKOWSKI,RZĄŚNIK - OBSZAR WIEJSKI,Droga powiatowa,4410W,Jednojezdniowa dwukierunkowa,Odcinek prosty,Obszar niezabudowany,"21,3638888888889","52,7475",Jezdnia,Dobre warunki atmosferyczne,Światło dzienne,Zderzenie pojazdów czołowe,1,0,2,Lekko,N,,,,,,,,,,,,,,,,,,
EWK-98268096H,2014,2014-06-09,17,POWIAT RADOM,RADOM - OBSZAR MIEJSKI,Droga powiatowa,P5302W,Jednojezdniowa dwukierunkowa,,Obszar zabudowany,"21,1936111111111","51,4972222222222",Jezdnia,Dobre warunki atmosferyczne,Światło dzienne,Zderzenie pojazdów tylne,1,0,1,Lekko,N,,,,,,,,,,,,,,,,,,
EWK-98268096H,2014,2014-06-09,17,POWIAT RADOM,RADOM - OBSZAR MIEJSKI,Droga powiatowa,P5302W,Jednojezdniowa dwukierunkowa,,Obszar zabudowany,"21,1936111111111","51,4972222222222",Jezdnia,Dobre warunki atmosferyczne,Światło dzienne,Zderzenie pojazdów tylne,1,0,0,Nieokreślone (puste pole),N,,,,,,,,,,,,,,,,,,
EWK-98268125D,2014,2014-06-09,14,POWIAT RADOMSKI,JEDLNIA-LETNISKO - OBSZAR WIEJSKI,Droga wojewódzka,737,Jednojezdniowa dwukierunkowa,,Obszar zabudowany,"21,3366666666667","51,5711111111111",Jezdnia,Dobre warunki atmosferyczne,Światło dzienne,Zderzenie pojazdów tylne,1,0,1,Lekko,N,,,,,,,,,,,,,,,,,,
EWK-98268125D,2014,2014-06-09,14,POWIAT RADOMSKI,JEDLNIA-LETNISKO - OBSZAR WIEJSKI,Droga wojewódzka,737,Jednojezdniowa dwukierunkowa,,Obszar zabudowany,"21,3366666666667","51,5711111111111",Jezdnia,Dobre warunki atmosferyczne,Światło dzienne,Zderzenie pojazdów tylne,1,0,0,Nieokreślone (puste pole),N,,,,,,,,,,,,,,,,,,
EWK-98269228J,2014,2014-06-09,8,POWIAT PRZASNYSKI,PRZASNYSZ - OBSZAR MIEJSKI,Droga gminna,GMINNA,Jednojezdniowa dwukierunkowa,Odcinek prosty,Obszar zabudowany,"21,0130555555556","53,1313888888889",Jezdnia,Opady deszczu,Światło dzienne,Zderzenie pojazdów boczne,1,0,1,Ciężko,N,,,,,,,,,,,,,,,,,,
EWK-98269228J,2014,2014-06-09,8,POWIAT PRZASNYSKI,PRZASNYSZ - OBSZAR MIEJSKI,Droga gminna,GMINNA,Jednojezdniowa dwukierunkowa,Odcinek prosty,Obszar zabudowany,"21,0130555555556","53,1313888888889",Jezdnia,Opady deszczu,Światło dzienne,Zderzenie pojazdów boczne,1,0,0,Nieokreślone (puste pole),N,,,,,,,,,,,,,,,,,,
EWK-98270070A,2014,2014-06-10,20,POWIAT RADOMSKI,ZAKRZEW - OBSZAR WIEJSKI,Droga wojewódzka,740,Jednojezdniowa dwukierunkowa,Odcinek prosty,Obszar zabudowany,"21,0502777777778","51,5088888888889","Skarpa, rów",Dobre warunki atmosferyczne,Światło dzienne,Inne,1,0,1,Ciężko,T,,,,,,,,,,,,,,,,,,
EWK-98270136R,2014,2014-06-10,11,POWIAT SZYDŁOWIECKI,JASTRZĄB - OBSZAR WIEJSKI,Droga gminna,G400206W,Jednojezdniowa dwukierunkowa,Odcinek prosty,Obszar zabudowany,"21,0641666666667","51,3419444444445",Jezdnia,Dobre warunki atmosferyczne,Światło dzienne,Najechanie na pieszego,1,1,0,Nieokreślone (puste pole),T,,,,,,,,,,,,,,,,,,
EWK-98268603H,2014,2014-06-10,7,POWIAT PŁOCK,PŁOCK - OBSZAR MIEJSKI,Droga gminna,GMINNA,Jednokierunkowa,,Obszar zabudowany,"19,7769444444444","52,5969444444444",Jezdnia,Dobre warunki atmosferyczne,Światło dzienne,Zderzenie pojazdów tylne,1,0,1,Lekko,N,,,,,,,,,,,,,,,,,,
EWK-98268603H,2014,2014-06-10,7,POWIAT PŁOCK,PŁOCK - OBSZAR MIEJSKI,Droga gminna,GMINNA,Jednokierunkowa,,Obszar zabudowany,"19,7769444444444","52,5969444444444",Jezdnia,Dobre warunki atmosferyczne,Światło dzienne,Zderzenie pojazdów tylne,1,0,0,Nieokreślone (puste pole),N,,,,,,,,,,,,,,,,,,