IDKSIP,year,date,hour,district,district_commune,road_category,road_number,type_of_road,road_geometry,area,Longitude,Latitude,char_place_of_the_event,weather_conditions,lighting,type_of_accident,num_of_accidents,num_of_fatalities,num_of_injured,type_of_injury,is_offender_intoxicated,,,,,,,,,,,,,,,,,,
EWK-98270605N,2014,2014-06-10,5,POWIAT PŁOŃSKI,CZERWIŃSK NAD WISŁĄ - OBSZAR WIEJSKI,Droga powiatowa,P2991W,Jednojezdniowa dwukierunkowa,Odcinek prosty,Obszar zabudowany,"20,3480555555556","52,5425",Jezdnia,Dobre warunki atmosferyczne,Światło dzienne,Zderzenie pojazdów tylne,1,0,1,Ciężko,N,,,,,,,,,,,,,,,,,,
EWK-98270605N,2014,2014-06-10,5,POWIAT PŁOŃSKI,CZERWIŃSK NAD WISŁĄ - OBSZAR WIEJSKI,Droga powiatowa,P2991W,Jednojezdniowa dwukierunkowa,Odcinek prosty,Obszar zabudowany,"20,3480555555556","52,5425",Jezdnia,Dobre warunki atmosferyczne,Światło dzienne,Zderzenie pojazdów tylne,1,0,4,Lekko,N,,,,,,,,,,,,,,,,,,
EWK-98270605N,2014,2014-06-10,5,POWIAT PŁOŃSKI,CZERWIŃSK NAD WISŁĄ - OBSZAR WIEJSKI,Droga powiatowa,P2991W,Jednojezdniowa dwukierunkowa,Odcinek prosty,Obszar zabudowany,"20,3480555555556","52,5425",Jezdnia,Dobre warunki atmosferyczne,Światło dzienne,Zderzenie pojazdów tylne,1,0,0,Nieokreślone (puste pole),N,,,,,,,,,,,,,,,,,,
EWK-98275068J,2014,2014-06-10,16,POWIAT ŻYRARDOWSKI,MSZCZONÓW - OBSZAR MIEJSKI,Droga gminna,GMINNA,Jednojezdniowa dwukierunkowa,,Obszar zabudowany,"20,6619444444444","52,0280555555556",Przejście dla pieszych,Oślepiające słońce,Światło dzienne,Najechanie na pieszego,1,0,1,Lekko,N,,,,,,,,,,,,,,,,,,
EWK-98275068J,2014,2014-06-10,16,POWIAT ŻYRARDOWSKI,MSZCZONÓW - OBSZAR MIEJSKI,Droga gminna,GMINNA,Jednojezdniowa dwukierunkowa,,Obszar zabudowany,"20,6619444444444","52,0280555555556",Przejście dla pieszych,Oślepiające słońce,Światło dzienne,Najechanie na pieszego,1,0,0,Nieokreślone (puste pole),N,,,,,,,,,,,,,,,,,,
EWK-98271579K,2014,2014-06-10,10,POWIAT OSTROŁĘCKI,ŁYSE - OBSZAR WIEJSKI,Droga wojewódzka,645,Jednojezdniowa dwukierunkowa,,Obszar niezabudowany,"21,7186111111111","53,4552777777778",Jezdnia,Oślepiające słońce,Światło dzienne,Zderzenie pojazdów tylne,1,0,1,Lekko,N,,,,,,,,,,,,,,,,,,
EWK-98271579K,2014,2014-06-10,10,POWIAT OSTROŁĘCKI,ŁYSE - OBSZAR WIEJSKI,Droga wojewódzka,645,Jednojezdniowa dwukierunkowa,,Obszar niezabudowany,"21,7186111111111","53,4552777777778",Jezdnia,Oślepiające słońce,Światło dzienne,Zderzenie pojazdów tylne,1,0,0,Nieokreślone (puste pole),N,,,,,,,,,,,,,,,,,,
EWK-98274165G,2014,2014-06-11,15,POWIAT GRÓJECKI,WARKA - OBSZAR MIEJSKI,Droga powiatowa,P,Jednojezdniowa dwukierunkowa,Odcinek prosty,Obszar zabudowany,"21,2747222222222","51,9047222222222",Jezdnia,Dobre warunki atmosferyczne,Światło dzienne,Najechanie na drzewo,1,0,1,Ciężko,N,,,,,,,,,,,,,,,,,,
EWK-98270608X,2014,2014-06-11,13,POWIAT RADOM,RADOM - OBSZAR MIEJSKI,Droga powiatowa,P5339W,Jednokierunkowa,,Obszar zabudowany,"21,1611111111111","51,4575",Jezdnia,Dobre warunki atmosferyczne,Światło dzienne,Najechanie na pieszego,1,0,1,Lekko,N,,,,,,,,,,,,,,,,,,
EWK-98270608X,2014,2014-06-11,13,POWIAT RADOM,RADOM - OBSZAR MIEJSKI,Droga powiatowa,P5339W,Jednokierunkowa,,Obszar zabudowany,"21,1611111111111","51,4575",Jezdnia,Dobre warunki atmosferyczne,Światło dzienne,Najechanie na pieszego,1,0,0,Nieokreślone (puste pole),N,,,,,,,,,,,,,,,,,,
EWK-98272386A,2014,2014-06-11,7,POWIAT RADOMSKI,JEDLNIA-LETNISKO - OBSZAR WIEJSKI,Droga powiatowa,P3425W,Jednojezdniowa dwukierunkowa,Odcinek prosty,Obszar zabudowany,"21,4380555555556","51,4941666666667",Jezdnia,Dobre warunki atmosferyczne,Światło dzienne,Najechanie na pieszego,1,0,1,Ciężko,N,,,,,,,,,,,,,,,,,,
EWK-98272386A,2014,2014-06-11,7,POWIAT RADOMSKI,JEDLNIA-LETNISKO - OBSZAR WIEJSKI,Droga powiatowa,P3425W,Jednojezdniowa dwukierunkowa,Odcinek prosty,Obszar zabudowany,"21,4380555555556","51,4941666666667",Jezdnia,Dobre warunki atmosferyczne,Światło dzienne,Najechanie na pieszego,1,0,0,Nieokreślone (puste pole),N,,,,,,,,,,,,,,,,,,
EWK-98270635Y,2014,2014-06-11,8,POWIAT WĘGROWSKI,ŁOCHÓW - OBSZAR WIEJSKI,Droga powiatowa,36103W,Jednojezdniowa dwukierunkowa,"Zakręt, łuk",Obszar zabudowany,"21,7033333333333","52,6288888888889",Jezdnia,Dobre warunki atmosferyczne,Światło dzienne,Zderzenie pojazdów boczne,1,0,1,Lekko,N,,,,,,,,,,,,,,,,,,
EWK-98270635Y,2014,2014-06-11,8,POWIAT WĘGROWSKI,ŁOCHÓW - OBSZAR WIEJSKI,Droga powiatowa,36103W,Jednojezdniowa dwukierunkowa,"Zakręt, łuk",Obszar zabudowany,"21,7033333333333","52,6288888888889",Jezdnia,Dobre warunki atmosferyczne,Światło dzienne,Zderzenie pojazdów boczne,1,0,0,Nieokreślone (puste pole),N,,,,,,,,,,,,,,,,,,
EWK-98270377J,2014,2014-06-11,21,POWIAT PŁOCK,PŁOCK - OBSZAR MIEJSKI,Droga gminna,GMINNA,Dwie jezdnie jednokierunkowe,Odcinek prosty,Obszar zabudowany,"19,8908333333333","52,5677777777778",Przejście dla pieszych,Dobre warunki atmosferyczne,Światło dzienne,Zderzenie pojazdów boczne,1,0,1,Ciężko,N,,,,,,,,,,,,,,,,,,
EWK-98270377J,2014,2014-06-11,21,POWIAT PŁOCK,PŁOCK - OBSZAR MIEJSKI,Droga gminna,GMINNA,Dwie jezdnie jednokierunkowe,Odcinek prosty,Obszar zabudowany,"19,8908333333333","52,5677777777778",Przejście dla pieszych,Dobre warunki atmosferyczne,Światło dzienne,Zderzenie pojazdów boczne,1,0,0,Nieokreślone (puste pole),N,,,,,,,,,,,,,,,,,,
EWK-98270612U,2014,2014-06-11,17,POWIAT RADOMSKI,JEDLIŃSK - OBSZAR WIEJSKI,Droga krajowa,7,Jednojezdniowa dwukierunkowa,Odcinek prosty,Obszar zabudowany,"21,2413888888889","51,5113888888889",Jezdnia,Dobre warunki atmosferyczne,Światło dzienne,Zderzenie pojazdów czołowe,1,0,1,Lekko,N,,,,,,,,,,,,,,,,,,
EWK-98270612U,2014,2014-06-11,17,POWIAT RADOMSKI,JEDLIŃSK - OBSZAR WIEJSKI,Droga krajowa,7,Jednojezdniowa dwukierunkowa,Odcinek prosty,Obszar zabudowany,"21,2413888888889","51,5113888888889",Jezdnia,Dobre warunki atmosferyczne,Światło dzienne,Zderzenie pojazdów czołowe,1,0,0,Nieokreślone (puste pole),N,,,,,,,,,,,,,,,,,,
EWK-98273389J,2014,2014-06-11,12,POWIAT SIEDLCE,SIEDLCE - OBSZAR MIEJSKI,Droga wojewódzka,W628,Jednojezdniowa dwukierunkowa,Odcinek prosty,Obszar zabudowany,"22,4063888888889","52,2641666666667","Chodnik, droga dla pieszych",Oślepiające słońce,Światło dzienne,Inne,1,0,1,Lekko,N,,,,,,,,,,,,,,,,,,
EWK-98273389J,2014,2014-06-11,12,POWIAT SIEDLCE,SIEDLCE - OBSZAR MIEJSKI,Droga wojewódzka,W628,Jednojezdniowa dwukierunkowa,Odcinek prosty,Obszar zabudowany,"22,4063888888889","52,2641666666667","Chodnik, droga dla pieszych",Oślepiające słońce,Światło dzienne,Inne,1,0,0,Nieokreślone (puste pole),N,,,,,,,,,,,,,,,,,,
EWK-98273964N,2014,2014-06-12,22,POWIAT WĘGROWSKI,KORYTNICA - OBSZAR WIEJSKI,Droga wojewódzka,W637,Jednojezdniowa dwukierunkowa,Odcinek prosty,Obszar niezabudowany,"21,8852777777778","52,4372222222222",Jezdnia,Dobre warunki atmosferyczne,Noc - droga nieoświetlona,Najechanie na pieszego,1,1,0,Nieokreślone (puste pole),N,,,,,,,,,,,,,,,,,,
EWK-98272929Y,2014,2014-06-12,14,POWIAT RADOM,RADOM - OBSZAR MIEJSKI,Droga powiatowa,P5301W,Jednojezdniowa dwukierunkowa,Odcinek prosty,Obszar zabudowany,"21,1763888888889","51,5430555555556","Chodnik, droga dla pieszych",Dobre warunki atmosferyczne,Światło dzienne,Najechanie na pieszego,1,0,1,Lekko,N,,,,,,,,,,,,,,,,,,
EWK-98272929Y,2014,2014-06-12,14,POWIAT RADOM,RADOM - OBSZAR MIEJSKI,Droga powiatowa,P5301W,Jednojezdniowa dwukierunkowa,Odcinek prosty,Obszar zabudowany,"21,1763888888889","51,5430555555556","Chodnik, droga dla pieszych",Dobre warunki atmosferyczne,Światło dzienne,Najechanie na pieszego,1,0,0,Nieokreślone (puste pole),N,,,,,,,,,,,,,,,,,,
EWK-98275088J,2014,2014-06-12,10,POWIAT OSTROWSKI,OSTRÓW MAZOWIECKA - OBSZAR MIEJSKI,Droga wojewódzka,627,Jednojezdniowa dwukierunkowa,Odcinek prosty,Obszar zabudowany,"21,9486111111111","52,8405555555556",Jezdnia,Dobre warunki atmosferyczne,Światło dzienne,Najechanie na zwierzę,1,0,1,Ciężko,N,,,,,,,,,,,,,,,,,,
EWK-98272941P,2014,2014-06-12,16,POWIAT RADOM,RADOM - OBSZAR MIEJSKI,Droga powiatowa,P3539W,Dwie jezdnie jednokierunkowe,,Obszar zabudowany,"21,2613888888889","51,3922222222222",Jezdnia,Dobre warunki atmosferyczne,Światło dzienne,Zderzenie pojazdów boczne,1,0,1,Lekko,N,,,,,,,,,,,,,,,,,,
EWK-98272941P,2014,2014-06-12,16,POWIAT RADOM,RADOM - OBSZAR MIEJSKI,Droga powiatowa,P3539W,Dwie jezdnie jednokierunkowe,,Obszar zabudowany,"21,2613888888889","51,3922222222222",Jezdnia,Dobre warunki atmosferyczne,Światło dzienne,Zderzenie pojazdów boczne,1,0,0,Nieokreślone (puste pole),N,,,,,,,,,,,,,,,,,,
EWK-98272927A,2014,2014-06-12,5,POWIAT PŁOCK,PŁOCK - OBSZAR MIEJSKI,Droga krajowa,60,Jednojezdniowa dwukierunkowa,Odcinek prosty,Obszar zabudowany,"19,815","52,6841666666667",Jezdnia,Opady deszczu,"Zmrok, świt",Zderzenie pojazdów tylne,1,0,3,Lekko,N,,,,,,,,,,,,,,,,,,
EWK-98272927A,2014,2014-06-12,5,POWIAT PŁOCK,PŁOCK - OBSZAR MIEJSKI,Droga krajowa,60,Jednojezdniowa dwukierunkowa,Odcinek prosty,Obszar zabudowany,"19,815","52,6841666666667",Jezdnia,Opady deszczu,"Zmrok, świt",Zderzenie pojazdów tylne,1,0,0,Nieokreślone (puste pole),N,,,,,,,,,,,,,,,,,,
EWK-98274516G,2014,2014-06-13,10,POWIAT PŁOCKI,SŁUPNO - OBSZAR WIEJSKI,Droga powiatowa,P2940W,Jednojezdniowa dwukierunkowa,Odcinek prosty,Obszar zabudowany,"19,9397222222222","52,5333333333333",Jezdnia,Dobre warunki atmosferyczne,Światło dzienne,Najechanie na barierę ochronną,1,0,1,Ciężko,N,,,,,,,,,,,,,,,,,,
EWK-98279847G,2014,2014-06-13,16,POWIAT GRÓJECKI,JASIENIEC - OBSZAR WIEJSKI,Droga powiatowa,P,Jednojezdniowa dwukierunkowa,"Zakręt, łuk",Obszar zabudowany,"21,0541666666667","51,8788888888889","Skarpa, rów",Dobre warunki atmosferyczne,Światło dzienne,Najechanie na drzewo,1,0,1,Lekko,T,,,,,,,,,,,,,,,,,,
EWK-98279847G,2014,2014-06-13,16,POWIAT GRÓJECKI,JASIENIEC - OBSZAR WIEJSKI,Droga powiatowa,P,Jednojezdniowa dwukierunkowa,"Zakręt, łuk",Obszar zabudowany,"21,0541666666667","51,8788888888889","Skarpa, rów",Dobre warunki atmosferyczne,Światło dzienne,Najechanie na drzewo,1,0,0,Nieokreślone (puste pole),T,,,,,,,,,,,,,,,,,,
EWK-98274498Q,2014,2014-06-13,7,POWIAT PŁOCKI,STAROŹREBY - OBSZAR WIEJSKI,Droga wojewódzka,567,Jednojezdniowa dwukierunkowa,,Obszar zabudowany,"20,0330555555556","52,7713888888889",Przejście dla pieszych,Dobre warunki atmosferyczne,Światło dzienne,Najechanie na pieszego,1,0,1,Ciężko,N,,,,,,,,,,,,,,,,,,
EWK-98274498Q,2014,2014-06-13,7,POWIAT PŁOCKI,STAROŹREBY - OBSZAR WIEJSKI,Droga wojewódzka,567,Jednojezdniowa dwukierunkowa,,Obszar zabudowany,"20,0330555555556","52,7713888888889",Przejście dla pieszych,Dobre warunki atmosferyczne,Światło dzienne,Najechanie na pieszego,1,0,0,Nieokreślone (puste pole),N,,,,,,,,,,,,,,,,,,
EWK-98272940X,2014,2014-06-13,3,POWIAT PŁOCKI,DROBIN - OBSZAR WIEJSKI,Droga krajowa,60,Jednojezdniowa dwukierunkowa,Odcinek prosty,Obszar niezabudowany,"20,0575","52,7341666666667",Jezdnia,Dobre warunki atmosferyczne,Światło dzienne,Zderzenie pojazdów tylne,1,0,1,Lekko,N,,,,,,,,,,,,,,,,,,
EWK-98272940X,2014,2014-06-13,3,POWIAT PŁOCKI,DROBIN - OBSZAR WIEJSKI,Droga krajowa,60,Jednojezdniowa dwukierunkowa,Odcinek prosty,Obszar niezabudowany,"20,0575","52,7341666666667",Jezdnia,Dobre warunki atmosferyczne,Światło dzienne,Zderzenie pojazdów tylne,1,0,0,Nieokreślone (puste pole),N,,,,,,,,,,,,,,,,,,
EWK-98276176F,2014,2014-06-13,16,POWIAT PRZYSUSKI,POTWORÓW - OBSZAR WIEJSKI,Droga wojewódzka,727,Jednojezdniowa dwukierunkowa,,Obszar niezabudowany,"20,6894444444444","51,5613888888889",Jezdnia,Opady deszczu,Światło dzienne,Zderzenie pojazdów boczne,1,0,1,Lekko,N,,,,,,,,,,,,,,,,,,
EWK-98276176F,2014,2014-06-13,16,POWIAT PRZYSUSKI,POTWORÓW - OBSZAR WIEJSKI,Droga wojewódzka,727,Jednojezdniowa dwukierunkowa,,Obszar niezabudowany,"20,6894444444444","51,5613888888889",Jezdnia,Opady deszczu,Światło dzienne,Zderzenie pojazdów boczne,1,1,0,Nieokreślone (puste pole),N,,,,,,,,,,,,,,,,,,
EWK-98274469G,2014,2014-06-13,16,POWIAT RADOM,RADOM - OBSZAR MIEJSKI,Droga wojewódzka,744,Jednojezdniowa dwukierunkowa,,Obszar zabudowany,"21,2575","51,4077777777778",Jezdnia,Opady deszczu,Światło dzienne,Zderzenie pojazdów tylne,1,0,1,Lekko,N,,,,,,,,,,,,,,,,,,
EWK-98274469G,2014,2014-06-13,16,POWIAT RADOM,RADOM - OBSZAR MIEJSKI,Droga wojewódzka,744,Jednojezdniowa dwukierunkowa,,Obszar zabudowany,"21,2575","51,4077777777778",Jezdnia,Opady deszczu,Światło dzienne,Zderzenie pojazdów tylne,1,0,0,Nieokreślone (puste pole),N,,,,,,,,,,,,,,,,,,
EWK-98276311D,2014,2014-06-13,17,POWIAT WĘGROWSKI,ŁOCHÓW - OBSZAR WIEJSKI,Droga krajowa,50,Jednojezdniowa dwukierunkowa,Odcinek prosty,Obszar zabudowany,"21,7980555555556","52,5697222222222",Przejście dla pieszych,Pochmurno,Światło dzienne,Najechanie na pieszego,1,0,1,Ciężko,N,,,,,,,,,,,,,,,,,,
EWK-98276311D,2014,2014-06-13,17,POWIAT WĘGROWSKI,ŁOCHÓW - OBSZAR WIEJSKI,Droga krajowa,50,Jednojezdniowa dwukierunkowa,Odcinek prosty,Obszar zabudowany,"21,7980555555556","52,5697222222222",Przejście dla pieszych,Pochmurno,Światło dzienne,Najechanie na pieszego,1,0,0,Nieokreślone (puste pole),N,,,,,,,,,,,,,,,,,,
EWK-98273512E,2014,2014-06-14,12,POWIAT ŁOSICKI,SARNAKI - OBSZAR WIEJSKI,Droga powiatowa,02109W,Jednojezdniowa dwukierunkowa,,Obszar niezabudowany,"23,1822222222222","52,3702777777778",Jezdnia,Dobre warunki atmosferyczne,Światło dzienne,Zderzenie pojazdów boczne,1,0,1,Lekko,N,,,,,,,,,,,,,,,,,,
EWK-98273512E,2014,2014-06-14,12,POWIAT ŁOSICKI,SARNAKI - OBSZAR WIEJSKI,Droga powiatowa,02109W,Jednojezdniowa dwukierunkowa,,Obszar niezabudowany,"23,1822222222222","52,3702777777778",Jezdnia,Dobre warunki atmosferyczne,Światło dzienne,Zderzenie pojazdów boczne,1,0,0,Nieokreślone (puste pole),N,,,,,,,,,,,,,,,,,,
EWK-98273780U,2014,2014-06-14,19,POWIAT GRÓJECKI,NOWE MIASTO NAD PILICĄ - OBSZAR MIEJSKI,Droga wojewódzka,728,Jednojezdniowa dwukierunkowa,Spadek,Obszar zabudowany,"20,6922222222222","51,7408333333333",Jezdnia,Dobre warunki atmosferyczne,Światło dzienne,Zderzenie pojazdów boczne,1,0,2,Lekko,N,,,,,,,,,,,,,,,,,,
EWK-98273780U,2014,2014-06-14,19,POWIAT GRÓJECKI,NOWE MIASTO NAD PILICĄ - OBSZAR MIEJSKI,Droga wojewódzka,728,Jednojezdniowa dwukierunkowa,Spadek,Obszar zabudowany,"20,6922222222222","51,7408333333333",Jezdnia,Dobre warunki atmosferyczne,Światło dzienne,Zderzenie pojazdów boczne,1,0,0,Nieokreślone (puste pole),N,,,,,,,,,,,,,,,,,,
EWK-98276760F,2014,2014-06-14,14,POWIAT SIERPECKI,ZAWIDZ - OBSZAR WIEJSKI,Droga wojewódzka,561,Jednojezdniowa dwukierunkowa,,Obszar niezabudowany,"19,9469444444444","52,9077777777778",Jezdnia,Dobre warunki atmosferyczne,Światło dzienne,Zderzenie pojazdów boczne,1,0,1,Lekko,N,,,,,,,,,,,,,,,,,,
EWK-98276760F,2014,2014-06-14,14,POWIAT SIERPECKI,ZAWIDZ - OBSZAR WIEJSKI,Droga wojewódzka,561,Jednojezdniowa dwukierunkowa,,Obszar niezabudowany,"19,9469444444444","52,9077777777778",Jezdnia,Dobre warunki atmosferyczne,Światło dzienne,Zderzenie pojazdów boczne,1,0,0,Nieokreślone (puste pole),N,,,,,,,,,,,,,,,,,,
EWK-98277408R,2014,2014-06-14,20,POWIAT RADOM,RADOM - OBSZAR MIEJSKI,Droga powiatowa,P5302W,Jednojezdniowa dwukierunkowa,Odcinek prosty,Obszar zabudowany,"21,1647222222222","51,5030555555556",Jezdnia,Dobre warunki atmosferyczne,Światło dzienne,Zderzenie pojazdów boczne,1,0,6,Lekko,N,,,,,,,,,,,,,,,,,,
EWK-98277408R,2014,2014-06-14,20,POWIAT RADOM,RADOM - OBSZAR MIEJSKI,Droga powiatowa,P5302W,Jednojezdniowa dwukierunkowa,Odcinek prosty,Obszar zabudowany,"21,1647222222222","51,5030555555556",Jezdnia,Dobre warunki atmosferyczne,Światło dzienne,Zderzenie pojazdów boczne,1,0,0,Nieokreślone (puste pole),N,,,,,,,,,,,,,,,,,,
EWK-98274576X,2014,2014-06-14,23,POWIAT ŻYRARDOWSKI,WISKITKI - OBSZAR WIEJSKI,Droga krajowa,50,Jednojezdniowa dwukierunkowa,Odcinek prosty,Obszar niezabudowany,"20,4480555555556","52,2305555555556",Jezdnia,Dobre warunki atmosferyczne,Noc - droga nieoświetlona,Zderzenie pojazdów czołowe,1,1,0,Nieokreślone (puste pole),N,,,,,,,,,,,,,,,,,,
EWK-98276209R,2014,2014-06-14,22,POWIAT PŁOCKI,WYSZOGRÓD - OBSZAR MIEJSKI,Droga krajowa,50,Jednojezdniowa dwukierunkowa,Odcinek prosty,Obszar niezabudowany,"20,3283333333333","52,4105555555556",Jezdnia,Dobre warunki atmosferyczne,Noc - droga nieoświetlona,Zderzenie pojazdów tylne,1,0,1,Ciężko,N,,,,,,,,,,,,,,,,,,
EWK-98276209R,2014,2014-06-14,22,POWIAT PŁOCKI,WYSZOGRÓD - OBSZAR MIEJSKI,Droga krajowa,50,Jednojezdniowa dwukierunkowa,Odcinek prosty,Obszar niezabudowany,"20,3283333333333","52,4105555555556",Jezdnia,Dobre warunki atmosferyczne,Noc - droga nieoświetlona,Zderzenie pojazdów tylne,1,0,0,Nieokreślone (puste pole),N,,,,,,,,,,,,,,,,,,
EWK-98277931L,2014,2014-06-14,10,POWIAT WYSZKOWSKI,WYSZKÓW - OBSZAR WIEJSKI,Droga krajowa,62,Jednojezdniowa dwukierunkowa,Odcinek prosty,Obszar zabudowany,"21,4997222222222","52,6275",Jezdnia,Dobre warunki atmosferyczne,Światło dzienne,Zderzenie pojazdów tylne,1,0,1,Ciężko,N,,,,,,,,,,,,,,,,,,
EWK-98277931L,2014,2014-06-14,10,POWIAT WYSZKOWSKI,WYSZKÓW - OBSZAR WIEJSKI,Droga krajowa,62,Jednojezdniowa dwukierunkowa,Odcinek prosty,Obszar zabudowany,"21,4997222222222","52,6275",Jezdnia,Dobre warunki atmosferyczne,Światło dzienne,Zderzenie pojazdów tylne,1,0,1,Lekko,N,,,,,,,,,,,,,,,,,,
EWK-98277931L,2014,2014-06-14,10,POWIAT WYSZKOWSKI,WYSZKÓW - OBSZAR WIEJSKI,Droga krajowa,62,Jednojezdniowa dwukierunkowa,Odcinek prosty,Obszar zabudowany,"21,4997222222222","52,6275",Jezdnia,Dobre warunki atmosferyczne,Światło dzienne,Zderzenie pojazdów tylne,1,0,0,Nieokreślone (puste pole),N,,,,,,,,,,,,,,,,,,
EWK-98274457A,2014,2014-06-14,6,POWIAT RADOMSKI,ZAKRZEW - OBSZAR WIEJSKI,Droga wojewódzka,740,Jednojezdniowa dwukierunkowa,Odcinek prosty,Obszar zabudowany,"21,0411111111111","51,5727777777778",Jezdnia,Opady deszczu,Światło dzienne,Wywrócenie się pojazdu,1,0,1,Lekko,N,,,,,,,,,,,,,,,,,,
EWK-98274457A,2014,2014-06-14,6,POWIAT RADOMSKI,ZAKRZEW - OBSZAR WIEJSKI,Droga wojewódzka,740,Jednojezdniowa dwukierunkowa,Odcinek prosty,Obszar zabudowany,"21,0411111111111","51,5727777777778",Jezdnia,Opady deszczu,Światło dzienne,Wywrócenie się pojazdu,1,0,0,Nieokreślone (puste pole),N,,,,,,,,,,,,,,,,,,
EWK-98276278K,2014,2014-06-14,10,POWIAT PŁOŃSKI,SOCHOCIN - OBSZAR WIEJSKI,Droga krajowa,50,Jednojezdniowa dwukierunkowa,,Obszar zabudowany,"20,5666666666667","52,7805555555556",Jezdnia,Pochmurno,Światło dzienne,Zderzenie pojazdów boczne,1,0,1,Lekko,N,,,,,,,,,,,,,,,,,,
EWK-98276278K,2014,2014-06-14,10,POWIAT PŁOŃSKI,SOCHOCIN - OBSZAR WIEJSKI,Droga krajowa,50,Jednojezdniowa dwukierunkowa,,Obszar zabudowany,"20,5666666666667","52,7805555555556",Jezdnia,Pochmurno,Światło dzienne,Zderzenie pojazdów boczne,1,0,0,Nieokreślone (puste pole),N,,,,,,,,,,,,,,,,,,
EWK-98274527L,2014,2014-06-14,19,POWIAT PŁOCKI,NOWY DUNINÓW - OBSZAR WIEJSKI,Droga krajowa,62,Jednojezdniowa dwukierunkowa,Odcinek prosty,Obszar zabudowany,"19,5091666666667","52,5997222222222",Jezdnia,Pochmurno,Światło dzienne,Zderzenie pojazdów tylne,1,0,1,Lekko,N,,,,,,,,,,,,,,,,,,
EWK-98274527L,2014,2014-06-14,19,POWIAT PŁOCKI,NOWY DUNINÓW - OBSZAR WIEJSKI,Droga krajowa,62,Jednojezdniowa dwukierunkowa,Odcinek prosty,Obszar zabudowany,"19,5091666666667","52,5997222222222",Jezdnia,Pochmurno,Światło dzienne,Zderzenie pojazdów tylne,1,0,0,Nieokreślone (puste pole),N,,,,,,,,,,,,,,,,,,
EWK-98277339D,2014,2014-06-15,8,POWIAT LIPSKI,RZECZNIÓW - OBSZAR WIEJSKI,Droga wojewódzka,747,Jednojezdniowa dwukierunkowa,Odcinek prosty,Obszar zabudowany,"21,4375","51,1783333333333",Jezdnia,Dobre warunki atmosferyczne,Światło dzienne,Wywrócenie się pojazdu,1,0,1,Lekko,T,,,,,,,,,,,,,,,,,,
EWK-98277339D,2014,2014-06-15,8,POWIAT LIPSKI,RZECZNIÓW - OBSZAR WIEJSKI,Droga wojewódzka,747,Jednojezdniowa dwukierunkowa,Odcinek prosty,Obszar zabudowany,"21,4375","51,1783333333333",Jezdnia,Dobre warunki atmosferyczne,Światło dzienne,Wywrócenie się pojazdu,1,0,0,Nieokreślone (puste pole),T,,,,,,,,,,,,,,,,,,
EWK-98273857M,2014,2014-06-15,11,POWIAT ŻYRARDOWSKI,WISKITKI - OBSZAR WIEJSKI,Droga krajowa,50a,Jednojezdniowa dwukierunkowa,Odcinek prosty,Obszar niezabudowany,"20,4861111111111","52,1772222222222",Jezdnia,Dobre warunki atmosferyczne,Światło dzienne,Zderzenie pojazdów czołowe,1,0,1,Lekko,N,,,,,,,,,,,,,,,,,,
EWK-98273857M,2014,2014-06-15,11,POWIAT ŻYRARDOWSKI,WISKITKI - OBSZAR WIEJSKI,Droga krajowa,50a,Jednojezdniowa dwukierunkowa,Odcinek prosty,Obszar niezabudowany,"20,4861111111111","52,1772222222222",Jezdnia,Dobre warunki atmosferyczne,Światło dzienne,Zderzenie pojazdów czołowe,1,0,0,Nieokreślone (puste pole),N,,,,,,,,,,,,,,,,,,
EWK-98277436U,2014,2014-06-16,14,POWIAT RADOM,RADOM - OBSZAR MIEJSKI,Droga gminna,G530040W,Jednojezdniowa dwukierunkowa,Odcinek prosty,Obszar zabudowany,"21,2808333333333","51,5486111111111",Jezdnia,Dobre warunki atmosferyczne,Światło dzienne,Najechanie na pieszego,1,1,0,Nieokreślone (puste pole),N,,,,,,,,,,,,,,,,,,
EWK-98277422J,2014,2014-06-16,6,POWIAT SIERPECKI,MOCHOWO - OBSZAR WIEJSKI,Droga powiatowa,P3112W,Jednojezdniowa dwukierunkowa,Odcinek prosty,Obszar zabudowany,"19,5238888888889","52,9494444444445",Jezdnia,Dobre warunki atmosferyczne,Światło dzienne,Wywrócenie się pojazdu,1,0,1,Ciężko,N,,,,,,,,,,,,,,,,,,
EWK-98281229K,2014,2014-06-16,16,POWIAT PŁOCKI,BIELSK - OBSZAR WIEJSKI,Droga gminna,GMINNA,Jednojezdniowa dwukierunkowa,"Zakręt, łuk",Obszar niezabudowany,"19,8927777777778","52,6738888888889",Pobocze,Dobre warunki atmosferyczne,Światło dzienne,Wywrócenie się pojazdu,1,0,1,Lekko,N,,,,,,,,,,,,,,,,,,