IDKSIP,year,date,hour,district,district_commune,road_category,road_number,type_of_road,road_geometry,area,Longitude,Latitude,char_place_of_the_event,weather_conditions,lighting,type_of_accident,num_of_accidents,num_of_fatalities,num_of_injured,type_of_injury,is_offender_intoxicated,,,,,,,,,,,,,,,,,,
EWK-98280342C,2014,2014-06-16,11,POWIAT ŻYRARDOWSKI,WISKITKI - OBSZAR WIEJSKI,Autostrada,A2,Autostrada,Odcinek prosty,Obszar niezabudowany,"20,4663888888889","52,2094444444444",Jezdnia,Dobre warunki atmosferyczne,Światło dzienne,Zderzenie pojazdów tylne,1,0,1,Lekko,N,,,,,,,,,,,,,,,,,,
EWK-98280342C,2014,2014-06-16,11,POWIAT ŻYRARDOWSKI,WISKITKI - OBSZAR WIEJSKI,Autostrada,A2,Autostrada,Odcinek prosty,Obszar niezabudowany,"20,4663888888889","52,2094444444444",Jezdnia,Dobre warunki atmosferyczne,Światło dzienne,Zderzenie pojazdów tylne,1,0,0,Nieokreślone (puste pole),N,,,,,,,,,,,,,,,,,,
EWK-98281099X,2014,2014-06-17,16,POWIAT WĘGROWSKI,WĘGRÓW - OBSZAR MIEJSKI,Droga krajowa,62,Jednojezdniowa dwukierunkowa,,Obszar zabudowany,"22,075","52,4297222222222","Chodnik, droga dla pieszych",Dobre warunki atmosferyczne,Światło dzienne,Inne,1,0,1,Lekko,N,,,,,,,,,,,,,,,,,,
EWK-98281099X,2014,2014-06-17,16,POWIAT WĘGROWSKI,WĘGRÓW - OBSZAR MIEJSKI,Droga krajowa,62,Jednojezdniowa dwukierunkowa,,Obszar zabudowany,"22,075","52,4297222222222","Chodnik, droga dla pieszych",Dobre warunki atmosferyczne,Światło dzienne,Inne,1,0,0,Nieokreślone (puste pole),N,,,,,,,,,,,,,,,,,,
EWK-98278792Q,2014,2014-06-17,10,POWIAT OSTROŁĘCKI,BARANOWO - OBSZAR WIEJSKI,Droga powiatowa,2536W,Jednojezdniowa dwukierunkowa,"Zakręt, łuk",Obszar zabudowany,"21,4522222222222","53,3022222222222","Skarpa, rów",Dobre warunki atmosferyczne,Światło dzienne,Najechanie na drzewo,1,0,1,Lekko,N,,,,,,,,,,,,,,,,,,
EWK-98280871R,2014,2014-06-17,9,POWIAT SIERPECKI,SIERPC - OBSZAR WIEJSKI,Nieokreślone (puste pole),,Jednojezdniowa dwukierunkowa,Odcinek prosty,Obszar zabudowany,"19,8327777777778","52,9238888888889",Jezdnia,Dobre warunki atmosferyczne,Światło dzienne,Najechanie na pieszego,1,0,1,Lekko,N,,,,,,,,,,,,,,,,,,
EWK-98280871R,2014,2014-06-17,9,POWIAT SIERPECKI,SIERPC - OBSZAR WIEJSKI,Nieokreślone (puste pole),,Jednojezdniowa dwukierunkowa,Odcinek prosty,Obszar zabudowany,"19,8327777777778","52,9238888888889",Jezdnia,Dobre warunki atmosferyczne,Światło dzienne,Najechanie na pieszego,1,0,0,Nieokreślone (puste pole),N,,,,,,,,,,,,,,,,,,
EWK-98280189W,2014,2014-06-17,19,POWIAT GRÓJECKI,MOGIELNICA - OBSZAR WIEJSKI,Droga wojewódzka,728,Jednojezdniowa dwukierunkowa,Odcinek prosty,Obszar niezabudowany,"20,6702777777778","51,6975",Pobocze,Dobre warunki atmosferyczne,"Zmrok, świt","Najechanie na słup, znak",1,0,1,Lekko,N,,,,,,,,,,,,,,,,,,
EWK-98280189W,2014,2014-06-17,19,POWIAT GRÓJECKI,MOGIELNICA - OBSZAR WIEJSKI,Droga wojewódzka,728,Jednojezdniowa dwukierunkowa,Odcinek prosty,Obszar niezabudowany,"20,6702777777778","51,6975",Pobocze,Dobre warunki atmosferyczne,"Zmrok, świt","Najechanie na słup, znak",1,0,0,Nieokreślone (puste pole),N,,,,,,,,,,,,,,,,,,
EWK-98281203U,2014,2014-06-17,7,POWIAT PŁOCK,PŁOCK - OBSZAR MIEJSKI,Droga gminna,GMINNA,Jednojezdniowa dwukierunkowa,,Obszar zabudowany,"19,8855555555556","52,6088888888889",Jezdnia,Dobre warunki atmosferyczne,Światło dzienne,Zderzenie pojazdów boczne,1,0,1,Ciężko,N,,,,,,,,,,,,,,,,,,
EWK-98281203U,2014,2014-06-17,7,POWIAT PŁOCK,PŁOCK - OBSZAR MIEJSKI,Droga gminna,GMINNA,Jednojezdniowa dwukierunkowa,,Obszar zabudowany,"19,8855555555556","52,6088888888889",Jezdnia,Dobre warunki atmosferyczne,Światło dzienne,Zderzenie pojazdów boczne,1,0,0,Nieokreślone (puste pole),N,,,,,,,,,,,,,,,,,,
EWK-98278384T,2014,2014-06-17,5,POWIAT PŁOCK,PŁOCK - OBSZAR MIEJSKI,Droga powiatowa,P,Jednojezdniowa dwukierunkowa,Odcinek prosty,Obszar zabudowany,"19,8402777777778","52,6830555555556",Jezdnia,Dobre warunki atmosferyczne,Światło dzienne,Zderzenie pojazdów tylne,1,0,1,Lekko,N,,,,,,,,,,,,,,,,,,
EWK-98278384T,2014,2014-06-17,5,POWIAT PŁOCK,PŁOCK - OBSZAR MIEJSKI,Droga powiatowa,P,Jednojezdniowa dwukierunkowa,Odcinek prosty,Obszar zabudowany,"19,8402777777778","52,6830555555556",Jezdnia,Dobre warunki atmosferyczne,Światło dzienne,Zderzenie pojazdów tylne,1,0,0,Nieokreślone (puste pole),N,,,,,,,,,,,,,,,,,,
EWK-98278789N,2014,2014-06-17,13,POWIAT OSTROŁĘCKI,ŁYSE - OBSZAR WIEJSKI,Droga wojewódzka,645,Jednojezdniowa dwukierunkowa,"Zakręt, łuk",Obszar niezabudowany,"21,7258333333333","53,4013888888889",Jezdnia,Dobre warunki atmosferyczne,Światło dzienne,Zderzenie pojazdów tylne,1,0,2,Ciężko,N,,,,,,,,,,,,,,,,,,
EWK-98278789N,2014,2014-06-17,13,POWIAT OSTROŁĘCKI,ŁYSE - OBSZAR WIEJSKI,Droga wojewódzka,645,Jednojezdniowa dwukierunkowa,"Zakręt, łuk",Obszar niezabudowany,"21,7258333333333","53,4013888888889",Jezdnia,Dobre warunki atmosferyczne,Światło dzienne,Zderzenie pojazdów tylne,1,0,4,Lekko,N,,,,,,,,,,,,,,,,,,
EWK-98280016D,2014,2014-06-17,20,POWIAT RADOMSKI,WOLANÓW - OBSZAR WIEJSKI,Droga krajowa,12,Jednojezdniowa dwukierunkowa,Odcinek prosty,Obszar niezabudowany,"21,0044444444444","51,4072222222222",Jezdnia,Dobre warunki atmosferyczne,Światło dzienne,Zderzenie pojazdów tylne,1,0,1,Lekko,N,,,,,,,,,,,,,,,,,,
EWK-98280016D,2014,2014-06-17,20,POWIAT RADOMSKI,WOLANÓW - OBSZAR WIEJSKI,Droga krajowa,12,Jednojezdniowa dwukierunkowa,Odcinek prosty,Obszar niezabudowany,"21,0044444444444","51,4072222222222",Jezdnia,Dobre warunki atmosferyczne,Światło dzienne,Zderzenie pojazdów tylne,1,0,0,Nieokreślone (puste pole),N,,,,,,,,,,,,,,,,,,
EWK-98280006C,2014,2014-06-17,13,POWIAT RADOM,RADOM - OBSZAR MIEJSKI,Droga gminna,G530308W,Dwie jezdnie jednokierunkowe,Odcinek prosty,Obszar zabudowany,"21,24","51,4383333333333",Jezdnia,Pochmurno,Światło dzienne,Zderzenie pojazdów boczne,1,0,1,Lekko,N,,,,,,,,,,,,,,,,,,
EWK-98280006C,2014,2014-06-17,13,POWIAT RADOM,RADOM - OBSZAR MIEJSKI,Droga gminna,G530308W,Dwie jezdnie jednokierunkowe,Odcinek prosty,Obszar zabudowany,"21,24","51,4383333333333",Jezdnia,Pochmurno,Światło dzienne,Zderzenie pojazdów boczne,1,0,0,Nieokreślone (puste pole),N,,,,,,,,,,,,,,,,,,
EWK-98281215R,2014,2014-06-18,9,POWIAT PŁOCK,PŁOCK - OBSZAR MIEJSKI,Droga wojewódzka,559,Jednojezdniowa dwukierunkowa,,Obszar zabudowany,"19,7497222222222","52,6811111111111","Roboty drogowe, oznakowanie tymczasowe",Dobre warunki atmosferyczne,Światło dzienne,Inne,1,0,1,Lekko,N,,,,,,,,,,,,,,,,,,
EWK-98281215R,2014,2014-06-18,9,POWIAT PŁOCK,PŁOCK - OBSZAR MIEJSKI,Droga wojewódzka,559,Jednojezdniowa dwukierunkowa,,Obszar zabudowany,"19,7497222222222","52,6811111111111","Roboty drogowe, oznakowanie tymczasowe",Dobre warunki atmosferyczne,Światło dzienne,Inne,1,0,0,Nieokreślone (puste pole),N,,,,,,,,,,,,,,,,,,
EWK-98278796L,2014,2014-06-18,11,POWIAT OSTROŁĘKA,OSTROŁĘKA - OBSZAR MIEJSKI,Droga powiatowa,P5119W,Dwie jezdnie jednokierunkowe,Odcinek prosty,Obszar zabudowany,"21,6766666666667","53,1080555555556",Jezdnia,Dobre warunki atmosferyczne,Światło dzienne,Najechanie na pieszego,1,0,1,Lekko,N,,,,,,,,,,,,,,,,,,
EWK-98278796L,2014,2014-06-18,11,POWIAT OSTROŁĘKA,OSTROŁĘKA - OBSZAR MIEJSKI,Droga powiatowa,P5119W,Dwie jezdnie jednokierunkowe,Odcinek prosty,Obszar zabudowany,"21,6766666666667","53,1080555555556",Jezdnia,Dobre warunki atmosferyczne,Światło dzienne,Najechanie na pieszego,1,0,0,Nieokreślone (puste pole),N,,,,,,,,,,,,,,,,,,
EWK-98280616T,2014,2014-06-18,5,POWIAT GRÓJECKI,BŁĘDÓW - OBSZAR WIEJSKI,Droga wojewódzka,725,Jednojezdniowa dwukierunkowa,"Zakręt, łuk",Obszar zabudowany,"20,6736111111111","51,9472222222222",Jezdnia,Dobre warunki atmosferyczne,Światło dzienne,"Najechanie na słup, znak",1,0,1,Ciężko,N,,,,,,,,,,,,,,,,,,
EWK-98280590U,2014,2014-06-18,21,POWIAT SOKOŁOWSKI,STERDYŃ - OBSZAR WIEJSKI,Droga krajowa,63,Jednojezdniowa dwukierunkowa,,Obszar zabudowany,"22,385","52,7013888888889",Jezdnia,Dobre warunki atmosferyczne,Noc - droga oświetlona,Zderzenie pojazdów boczne,1,0,3,Lekko,N,,,,,,,,,,,,,,,,,,
EWK-98280590U,2014,2014-06-18,21,POWIAT SOKOŁOWSKI,STERDYŃ - OBSZAR WIEJSKI,Droga krajowa,63,Jednojezdniowa dwukierunkowa,,Obszar zabudowany,"22,385","52,7013888888889",Jezdnia,Dobre warunki atmosferyczne,Noc - droga oświetlona,Zderzenie pojazdów boczne,1,1,0,Nieokreślone (puste pole),N,,,,,,,,,,,,,,,,,,
EWK-98283053M,2014,2014-06-18,7,POWIAT RADOM,RADOM - OBSZAR MIEJSKI,Droga krajowa,12,Dwie jezdnie jednokierunkowe,,Obszar zabudowany,"21,2475","51,5080555555556",Jezdnia,Dobre warunki atmosferyczne,Światło dzienne,Zderzenie pojazdów boczne,1,0,1,Lekko,N,,,,,,,,,,,,,,,,,,
EWK-98283053M,2014,2014-06-18,7,POWIAT RADOM,RADOM - OBSZAR MIEJSKI,Droga krajowa,12,Dwie jezdnie jednokierunkowe,,Obszar zabudowany,"21,2475","51,5080555555556",Jezdnia,Dobre warunki atmosferyczne,Światło dzienne,Zderzenie pojazdów boczne,1,0,0,Nieokreślone (puste pole),N,,,,,,,,,,,,,,,,,,
EWK-98301214D,2014,2014-06-18,10,POWIAT GARWOLIŃSKI,GARWOLIN - OBSZAR WIEJSKI,Droga powiatowa,31322W,Jednojezdniowa dwukierunkowa,"Zakręt, łuk",Obszar zabudowany,"21,6261111111111","51,8694444444444",Jezdnia,Dobre warunki atmosferyczne,Światło dzienne,Zderzenie pojazdów boczne,1,0,1,Lekko,N,,,,,,,,,,,,,,,,,,
EWK-98301214D,2014,2014-06-18,10,POWIAT GARWOLIŃSKI,GARWOLIN - OBSZAR WIEJSKI,Droga powiatowa,31322W,Jednojezdniowa dwukierunkowa,"Zakręt, łuk",Obszar zabudowany,"21,6261111111111","51,8694444444444",Jezdnia,Dobre warunki atmosferyczne,Światło dzienne,Zderzenie pojazdów boczne,1,0,0,Nieokreślone (puste pole),N,,,,,,,,,,,,,,,,,,
EWK-98278795F,2014,2014-06-18,12,POWIAT OSTROŁĘKA,OSTROŁĘKA - OBSZAR MIEJSKI,Droga powiatowa,P5102W,Jednojezdniowa dwukierunkowa,,Obszar zabudowany,"21,6741666666667","53,2233333333333",Przejście dla pieszych,Dobre warunki atmosferyczne,Światło dzienne,Zderzenie pojazdów boczne,1,0,1,Lekko,N,,,,,,,,,,,,,,,,,,
EWK-98278795F,2014,2014-06-18,12,POWIAT OSTROŁĘKA,OSTROŁĘKA - OBSZAR MIEJSKI,Droga powiatowa,P5102W,Jednojezdniowa dwukierunkowa,,Obszar zabudowany,"21,6741666666667","53,2233333333333",Przejście dla pieszych,Dobre warunki atmosferyczne,Światło dzienne,Zderzenie pojazdów boczne,1,0,0,Nieokreślone (puste pole),N,,,,,,,,,,,,,,,,,,
EWK-98280564C,2014,2014-06-18,20,POWIAT MŁAWSKI,MŁAWA - OBSZAR MIEJSKI,Droga gminna,GMINNA,Jednojezdniowa dwukierunkowa,,Obszar zabudowany,"20,4783333333333","53,1805555555556",Jezdnia,Dobre warunki atmosferyczne,Światło dzienne,Zderzenie pojazdów tylne,1,0,2,Lekko,N,,,,,,,,,,,,,,,,,,
EWK-98292744U,2014,2014-06-19,12,POWIAT WYSZKOWSKI,WYSZKÓW - OBSZAR WIEJSKI,Droga powiatowa,4406W,Jednojezdniowa dwukierunkowa,Odcinek prosty,Obszar zabudowany,"21,6169444444444","52,585",Jezdnia,Dobre warunki atmosferyczne,Światło dzienne,Inne,1,0,1,Lekko,N,,,,,,,,,,,,,,,,,,
EWK-98283069G,2014,2014-06-19,18,POWIAT RADOM,RADOM - OBSZAR MIEJSKI,Droga powiatowa,P5304W  ,Jednojezdniowa dwukierunkowa,,Obszar zabudowany,"21,2769444444444","51,4019444444445",Jezdnia,Dobre warunki atmosferyczne,Światło dzienne,Najechanie na pieszego,1,0,2,Lekko,N,,,,,,,,,,,,,,,,,,
EWK-98283069G,2014,2014-06-19,18,POWIAT RADOM,RADOM - OBSZAR MIEJSKI,Droga powiatowa,P5304W  ,Jednojezdniowa dwukierunkowa,,Obszar zabudowany,"21,2769444444444","51,4019444444445",Jezdnia,Dobre warunki atmosferyczne,Światło dzienne,Najechanie na pieszego,1,0,0,Nieokreślone (puste pole),N,,,,,,,,,,,,,,,,,,
EWK-98286946Q,2014,2014-06-19,12,POWIAT MAKOWSKI,RÓŻAN - OBSZAR MIEJSKI,Droga gminna,GMINNA,Jednojezdniowa dwukierunkowa,Odcinek prosty,Obszar zabudowany,"21,4625","52,9763888888889",Jezdnia,Dobre warunki atmosferyczne,Światło dzienne,Najechanie na pieszego,1,0,1,Ciężko,N,,,,,,,,,,,,,,,,,,
EWK-98286946Q,2014,2014-06-19,12,POWIAT MAKOWSKI,RÓŻAN - OBSZAR MIEJSKI,Droga gminna,GMINNA,Jednojezdniowa dwukierunkowa,Odcinek prosty,Obszar zabudowany,"21,4625","52,9763888888889",Jezdnia,Dobre warunki atmosferyczne,Światło dzienne,Najechanie na pieszego,1,0,0,Nieokreślone (puste pole),N,,,,,,,,,,,,,,,,,,
EWK-98281117Q,2014,2014-06-19,12,POWIAT BIAŁOBRZESKI,PROMNA - OBSZAR WIEJSKI,Droga powiatowa,P1104W,Jednojezdniowa dwukierunkowa,,Obszar zabudowany,"20,9247222222222","51,7052777777778",Jezdnia,Dobre warunki atmosferyczne,Światło dzienne,Zderzenie pojazdów boczne,1,0,1,Lekko,N,,,,,,,,,,,,,,,,,,
EWK-98281117Q,2014,2014-06-19,12,POWIAT BIAŁOBRZESKI,PROMNA - OBSZAR WIEJSKI,Droga powiatowa,P1104W,Jednojezdniowa dwukierunkowa,,Obszar zabudowany,"20,9247222222222","51,7052777777778",Jezdnia,Dobre warunki atmosferyczne,Światło dzienne,Zderzenie pojazdów boczne,1,0,0,Nieokreślone (puste pole),N,,,,,,,,,,,,,,,,,,
EWK-98281139G,2014,2014-06-19,17,POWIAT PRZASNYSKI,KRZYNOWŁOGA MAŁA - OBSZAR WIEJSKI,Droga krajowa,57,Jednojezdniowa dwukierunkowa,Wzniesienie,Obszar niezabudowany,"20,9055555555556","53,2619444444445",Jezdnia,Dobre warunki atmosferyczne,Światło dzienne,Zderzenie pojazdów boczne,1,0,6,Lekko,N,,,,,,,,,,,,,,,,,,
EWK-98281139G,2014,2014-06-19,17,POWIAT PRZASNYSKI,KRZYNOWŁOGA MAŁA - OBSZAR WIEJSKI,Droga krajowa,57,Jednojezdniowa dwukierunkowa,Wzniesienie,Obszar niezabudowany,"20,9055555555556","53,2619444444445",Jezdnia,Dobre warunki atmosferyczne,Światło dzienne,Zderzenie pojazdów boczne,1,0,0,Nieokreślone (puste pole),N,,,,,,,,,,,,,,,,,,
EWK-98284925E,2014,2014-06-19,14,POWIAT MAKOWSKI,KRASNOSIELC - OBSZAR WIEJSKI,Droga powiatowa,3234W,Jednojezdniowa dwukierunkowa,Odcinek prosty,Obszar zabudowany,"21,2458333333333","53,2272222222222",Jezdnia,Dobre warunki atmosferyczne,Światło dzienne,Zderzenie pojazdów boczne,1,0,2,Lekko,N,,,,,,,,,,,,,,,,,,
EWK-98284925E,2014,2014-06-19,14,POWIAT MAKOWSKI,KRASNOSIELC - OBSZAR WIEJSKI,Droga powiatowa,3234W,Jednojezdniowa dwukierunkowa,Odcinek prosty,Obszar zabudowany,"21,2458333333333","53,2272222222222",Jezdnia,Dobre warunki atmosferyczne,Światło dzienne,Zderzenie pojazdów boczne,1,0,0,Nieokreślone (puste pole),N,,,,,,,,,,,,,,,,,,
EWK-98284107X,2014,2014-06-19,10,POWIAT PŁOŃSKI,BABOSZEWO - OBSZAR WIEJSKI,Droga krajowa,7,Jednojezdniowa dwukierunkowa,Odcinek prosty,Obszar niezabudowany,"20,445","52,8044444444445",Jezdnia,Dobre warunki atmosferyczne,Światło dzienne,Zderzenie pojazdów tylne,1,0,1,Ciężko,T,,,,,,,,,,,,,,,,,,
EWK-98284107X,2014,2014-06-19,10,POWIAT PŁOŃSKI,BABOSZEWO - OBSZAR WIEJSKI,Droga krajowa,7,Jednojezdniowa dwukierunkowa,Odcinek prosty,Obszar niezabudowany,"20,445","52,8044444444445",Jezdnia,Dobre warunki atmosferyczne,Światło dzienne,Zderzenie pojazdów tylne,1,0,0,Nieokreślone (puste pole),T,,,,,,,,,,,,,,,,,,
EWK-98280830C,2014,2014-06-20,0,POWIAT ŻYRARDOWSKI,MSZCZONÓW - OBSZAR WIEJSKI,Droga krajowa,8,Dwie jezdnie jednokierunkowe,Odcinek prosty,Obszar niezabudowany,"20,5069444444444","52,0572222222222",Jezdnia,Dobre warunki atmosferyczne,Noc - droga nieoświetlona,Najechanie na pieszego,1,1,0,Nieokreślone (puste pole),N,,,,,,,,,,,,,,,,,,
EWK-98281854C,2014,2014-06-20,11,POWIAT RADOM,RADOM - OBSZAR MIEJSKI,Droga gminna,G530023W,Jednojezdniowa dwukierunkowa,Odcinek prosty,Obszar zabudowany,"21,2347222222222","51,4283333333333",Przejście dla pieszych,Dobre warunki atmosferyczne,Światło dzienne,Najechanie na pieszego,1,0,1,Lekko,N,,,,,,,,,,,,,,,,,,
EWK-98281854C,2014,2014-06-20,11,POWIAT RADOM,RADOM - OBSZAR MIEJSKI,Droga gminna,G530023W,Jednojezdniowa dwukierunkowa,Odcinek prosty,Obszar zabudowany,"21,2347222222222","51,4283333333333",Przejście dla pieszych,Dobre warunki atmosferyczne,Światło dzienne,Najechanie na pieszego,1,0,0,Nieokreślone (puste pole),N,,,,,,,,,,,,,,,,,,
EWK-98284755N,2014,2014-06-20,9,POWIAT SIEDLECKI,PRZESMYKI - OBSZAR WIEJSKI,Droga powiatowa,36301,Jednojezdniowa dwukierunkowa,,Obszar zabudowany,"22,6044444444444","52,3975",Jezdnia,Dobre warunki atmosferyczne,Światło dzienne,Zderzenie pojazdów boczne,1,0,1,Lekko,N,,,,,,,,,,,,,,,,,,
EWK-98284755N,2014,2014-06-20,9,POWIAT SIEDLECKI,PRZESMYKI - OBSZAR WIEJSKI,Droga powiatowa,36301,Jednojezdniowa dwukierunkowa,,Obszar zabudowany,"22,6044444444444","52,3975",Jezdnia,Dobre warunki atmosferyczne,Światło dzienne,Zderzenie pojazdów boczne,1,0,0,Nieokreślone (puste pole),N,,,,,,,,,,,,,,,,,,
EWK-98283735D,2014,2014-06-20,11,POWIAT SIEDLECKI,SKÓRZEC - OBSZAR WIEJSKI,Droga wojewódzka,803,Jednojezdniowa dwukierunkowa,Odcinek prosty,Obszar niezabudowany,"22,2486111111111","52,2233333333333",Jezdnia,Dobre warunki atmosferyczne,Światło dzienne,Zderzenie pojazdów czołowe,1,0,2,Ciężko,N,,,,,,,,,,,,,,,,,,
EWK-98283735D,2014,2014-06-20,11,POWIAT SIEDLECKI,SKÓRZEC - OBSZAR WIEJSKI,Droga wojewódzka,803,Jednojezdniowa dwukierunkowa,Odcinek prosty,Obszar niezabudowany,"22,2486111111111","52,2233333333333",Jezdnia,Dobre warunki atmosferyczne,Światło dzienne,Zderzenie pojazdów czołowe,1,0,3,Lekko,N,,,,,,,,,,,,,,,,,,
EWK-98283735D,2014,2014-06-20,11,POWIAT SIEDLECKI,SKÓRZEC - OBSZAR WIEJSKI,Droga wojewódzka,803,Jednojezdniowa dwukierunkowa,Odcinek prosty,Obszar niezabudowany,"22,2486111111111","52,2233333333333",Jezdnia,Dobre warunki atmosferyczne,Światło dzienne,Zderzenie pojazdów czołowe,1,1,0,Nieokreślone (puste pole),N,,,,,,,,,,,,,,,,,,
EWK-98283360F,2014,2014-06-20,11,POWIAT KOZIENICKI,MAGNUSZEW - OBSZAR WIEJSKI,Droga powiatowa,P1704W,Jednojezdniowa dwukierunkowa,Odcinek prosty,Obszar niezabudowany,"21,4075","51,8083333333333",Pobocze,Pochmurno,Światło dzienne,Najechanie na drzewo,1,0,1,Lekko,N,,,,,,,,,,,,,,,,,,
EWK-98281625W,2014,2014-06-20,10,POWIAT OSTROŁĘKA,OSTROŁĘKA - OBSZAR MIEJSKI,Droga gminna,G510253W,Jednojezdniowa dwukierunkowa,,Obszar zabudowany,"21,6572222222222","53,0941666666667",Przejście dla pieszych,Pochmurno,Światło dzienne,Najechanie na pieszego,1,0,1,Lekko,N,,,,,,,,,,,,,,,,,,
EWK-98281625W,2014,2014-06-20,10,POWIAT OSTROŁĘKA,OSTROŁĘKA - OBSZAR MIEJSKI,Droga gminna,G510253W,Jednojezdniowa dwukierunkowa,,Obszar zabudowany,"21,6572222222222","53,0941666666667",Przejście dla pieszych,Pochmurno,Światło dzienne,Najechanie na pieszego,1,0,0,Nieokreślone (puste pole),N,,,,,,,,,,,,,,,,,,
EWK-98284233M,2014,2014-06-21,20,POWIAT GRÓJECKI,WARKA - OBSZAR WIEJSKI,Droga powiatowa,P,Jednojezdniowa dwukierunkowa,Odcinek prosty,Obszar zabudowany,"21,3266666666667","51,8802777777778",Pobocze,Dobre warunki atmosferyczne,Światło dzienne,Najechanie na drzewo,1,0,1,Ciężko,N,,,,,,,,,,,,,,,,,,
EWK-98284610K,2014,2014-06-21,16,POWIAT RADOMSKI,JEDLNIA-LETNISKO - OBSZAR WIEJSKI,Nieokreślone (puste pole),,Jednojezdniowa dwukierunkowa,Odcinek prosty,Obszar zabudowany,"21,4230555555556","51,5816666666667",Jezdnia,Dobre warunki atmosferyczne,Światło dzienne,Zderzenie pojazdów boczne,1,0,1,Lekko,N,,,,,,,,,,,,,,,,,,
EWK-98284610K,2014,2014-06-21,16,POWIAT RADOMSKI,JEDLNIA-LETNISKO - OBSZAR WIEJSKI,Nieokreślone (puste pole),,Jednojezdniowa dwukierunkowa,Odcinek prosty,Obszar zabudowany,"21,4230555555556","51,5816666666667",Jezdnia,Dobre warunki atmosferyczne,Światło dzienne,Zderzenie pojazdów boczne,1,0,0,Nieokreślone (puste pole),N,,,,,,,,,,,,,,,,,,
EWK-98292717Y,2014,2014-06-21,9,POWIAT WYSZKOWSKI,WYSZKÓW - OBSZAR WIEJSKI,Droga krajowa,62,Jednojezdniowa dwukierunkowa,,Obszar niezabudowany,"21,6075","52,6230555555556",Jezdnia,Dobre warunki atmosferyczne,Światło dzienne,Zderzenie pojazdów boczne,1,0,2,Lekko,N,,,,,,,,,,,,,,,,,,
EWK-98283878L,2014,2014-06-21,22,POWIAT MŁAWSKI,LIPOWIEC KOŚCIELNY - OBSZAR WIEJSKI,Droga wojewódzka,563,Jednojezdniowa dwukierunkowa,Odcinek prosty,Obszar zabudowany,"20,2561111111111","53,2555555555556",Pobocze,Opady deszczu,Noc - droga oświetlona,Najechanie na pojazd unieruchomiony,1,0,1,Lekko,N,,,,,,,,,,,,,,,,,,
EWK-98283385E,2014,2014-06-21,21,POWIAT PŁOCKI,WYSZOGRÓD - OBSZAR MIEJSKI,Droga krajowa,62,Jednojezdniowa dwukierunkowa,Odcinek prosty,Obszar niezabudowany,"20,2194444444444","52,4780555555556","Skarpa, rów",Opady deszczu,Noc - droga nieoświetlona,Wywrócenie się pojazdu,1,0,1,Lekko,T,,,,,,,,,,,,,,,,,,
EWK-98284867Y,2014,2014-06-21,9,POWIAT KOZIENICKI,GARBATKA-LETNISKO - OBSZAR WIEJSKI,Droga wojewódzka,738,Jednojezdniowa dwukierunkowa,Odcinek prosty,Obszar niezabudowany,"21,8022222222222","51,5283333333333",Jezdnia,Pochmurno,Światło dzienne,Wywrócenie się pojazdu,1,0,1,Lekko,N,,,,,,,,,,,,,,,,,,
EWK-98284263K,2014,2014-06-22,19,POWIAT GRÓJECKI,MOGIELNICA - OBSZAR WIEJSKI,Droga powiatowa,P,Jednojezdniowa dwukierunkowa,"Zakręt, łuk",Obszar niezabudowany,"20,8622222222222","51,865",Jezdnia,Dobre warunki atmosferyczne,Światło dzienne,Inne,1,0,1,Ciężko,N,,,,,,,,,,,,,,,,,,
EWK-98284263K,2014,2014-06-22,19,POWIAT GRÓJECKI,MOGIELNICA - OBSZAR WIEJSKI,Droga powiatowa,P,Jednojezdniowa dwukierunkowa,"Zakręt, łuk",Obszar niezabudowany,"20,8622222222222","51,865",Jezdnia,Dobre warunki atmosferyczne,Światło dzienne,Inne,1,0,3,Lekko,N,,,,,,,,,,,,,,,,,,
EWK-98283625J,2014,2014-06-22,13,POWIAT PRZASNYSKI,KRZYNOWŁOGA MAŁA - OBSZAR WIEJSKI,Nieokreślone (puste pole),,Jednojezdniowa dwukierunkowa,Odcinek prosty,Obszar niezabudowany,"20,9152777777778","53,2238888888889",Jezdnia,Dobre warunki atmosferyczne,Światło dzienne,Najechanie na drzewo,1,0,2,Ciężko,N,,,,,,,,,,,,,,,,,,
EWK-98283625J,2014,2014-06-22,13,POWIAT PRZASNYSKI,KRZYNOWŁOGA MAŁA - OBSZAR WIEJSKI,Nieokreślone (puste pole),,Jednojezdniowa dwukierunkowa,Odcinek prosty,Obszar niezabudowany,"20,9152777777778","53,2238888888889",Jezdnia,Dobre warunki atmosferyczne,Światło dzienne,Najechanie na drzewo,1,0,1,Lekko,N,,,,,,,,,,,,,,,,,,
EWK-98283625J,2014,2014-06-22,13,POWIAT PRZASNYSKI,KRZYNOWŁOGA MAŁA - OBSZAR WIEJSKI,Nieokreślone (puste pole),,Jednojezdniowa dwukierunkowa,Odcinek prosty,Obszar niezabudowany,"20,9152777777778","53,2238888888889",Jezdnia,Dobre warunki atmosferyczne,Światło dzienne,Najechanie na drzewo,1,0,0,Nieokreślone (puste pole),N,,,,,,,,,,,,,,,,,,