IDKSIP,year,date,hour,district,district_commune,road_category,road_number,type_of_road,road_geometry,area,Longitude,Latitude,char_place_of_the_event,weather_conditions,lighting,type_of_accident,num_of_accidents,num_of_fatalities,num_of_injured,type_of_injury,is_offender_intoxicated,,,,,,,,,,,,,,,,,,
EWK-98284224H,2014,2014-06-22,17,POWIAT KOZIENICKI,GŁOWACZÓW - OBSZAR WIEJSKI,Droga krajowa,48,Jednojezdniowa dwukierunkowa,"Zakręt, łuk",Obszar niezabudowany,"21,4169444444444","51,6130555555556",Pobocze,Dobre warunki atmosferyczne,Światło dzienne,Wywrócenie się pojazdu,1,0,1,Ciężko,N,,,,,,,,,,,,,,,,,,
EWK-98292722F,2014,2014-06-22,9,POWIAT WYSZKOWSKI,BRAŃSZCZYK - OBSZAR WIEJSKI,Droga krajowa,S8W,Ekspresowa,Odcinek prosty,Obszar niezabudowany,"21,5738888888889","52,7138888888889",Jezdnia,Dobre warunki atmosferyczne,Światło dzienne,Zderzenie pojazdów tylne,1,0,1,Lekko,N,,,,,,,,,,,,,,,,,,
EWK-98292722F,2014,2014-06-22,9,POWIAT WYSZKOWSKI,BRAŃSZCZYK - OBSZAR WIEJSKI,Droga krajowa,S8W,Ekspresowa,Odcinek prosty,Obszar niezabudowany,"21,5738888888889","52,7138888888889",Jezdnia,Dobre warunki atmosferyczne,Światło dzienne,Zderzenie pojazdów tylne,1,0,0,Nieokreślone (puste pole),N,,,,,,,,,,,,,,,,,,
EWK-98285465D,2014,2014-06-22,1,POWIAT PŁOCKI,GĄBIN - OBSZAR WIEJSKI,Droga powiatowa,5206W,Jednojezdniowa dwukierunkowa,Odcinek prosty,Obszar zabudowany,"19,7911111111111","52,5894444444444","Skarpa, rów",Opady deszczu,Noc - droga oświetlona,Inne,1,0,1,Lekko,N,,,,,,,,,,,,,,,,,,
EWK-98285465D,2014,2014-06-22,1,POWIAT PŁOCKI,GĄBIN - OBSZAR WIEJSKI,Droga powiatowa,5206W,Jednojezdniowa dwukierunkowa,Odcinek prosty,Obszar zabudowany,"19,7911111111111","52,5894444444444","Skarpa, rów",Opady deszczu,Noc - droga oświetlona,Inne,1,0,0,Nieokreślone (puste pole),N,,,,,,,,,,,,,,,,,,
EWK-98293673L,2014,2014-06-22,1,POWIAT WYSZKOWSKI,WYSZKÓW - OBSZAR WIEJSKI,Droga krajowa,62,Jednojezdniowa dwukierunkowa,Odcinek prosty,Obszar niezabudowany,"21,6325","52,6022222222222",Pobocze,Opady deszczu,Noc - droga nieoświetlona,Najechanie na drzewo,1,0,2,Lekko,N,,,,,,,,,,,,,,,,,,
EWK-98293673L,2014,2014-06-22,1,POWIAT WYSZKOWSKI,WYSZKÓW - OBSZAR WIEJSKI,Droga krajowa,62,Jednojezdniowa dwukierunkowa,Odcinek prosty,Obszar niezabudowany,"21,6325","52,6022222222222",Pobocze,Opady deszczu,Noc - droga nieoświetlona,Najechanie na drzewo,1,0,0,Nieokreślone (puste pole),N,,,,,,,,,,,,,,,,,,
EWK-98285373G,2014,2014-06-22,13,POWIAT GOSTYNIŃSKI,GOSTYNIN - OBSZAR WIEJSKI,Droga powiatowa,P1452W,Jednojezdniowa dwukierunkowa,Odcinek prosty,Obszar niezabudowany,"19,6305555555556","52,5177777777778",Jezdnia,Opady deszczu,Światło dzienne,Zderzenie pojazdów tylne,1,0,2,Lekko,N,,,,,,,,,,,,,,,,,,
EWK-98285373G,2014,2014-06-22,13,POWIAT GOSTYNIŃSKI,GOSTYNIN - OBSZAR WIEJSKI,Droga powiatowa,P1452W,Jednojezdniowa dwukierunkowa,Odcinek prosty,Obszar niezabudowany,"19,6305555555556","52,5177777777778",Jezdnia,Opady deszczu,Światło dzienne,Zderzenie pojazdów tylne,1,0,0,Nieokreślone (puste pole),N,,,,,,,,,,,,,,,,,,
EWK-98285880T,2014,2014-06-22,18,POWIAT SIERPECKI,MOCHOWO - OBSZAR WIEJSKI,Droga wojewódzka,541,Jednojezdniowa dwukierunkowa,Odcinek prosty,Obszar zabudowany,"19,5827777777778","52,9077777777778",Jezdnia,Oślepiające słońce,Światło dzienne,Zderzenie pojazdów tylne,1,0,1,Lekko,N,,,,,,,,,,,,,,,,,,
EWK-98285880T,2014,2014-06-22,18,POWIAT SIERPECKI,MOCHOWO - OBSZAR WIEJSKI,Droga wojewódzka,541,Jednojezdniowa dwukierunkowa,Odcinek prosty,Obszar zabudowany,"19,5827777777778","52,9077777777778",Jezdnia,Oślepiające słońce,Światło dzienne,Zderzenie pojazdów tylne,1,0,0,Nieokreślone (puste pole),N,,,,,,,,,,,,,,,,,,
EWK-98283158F,2014,2014-06-22,20,POWIAT RADOMSKI,PIONKI - OBSZAR WIEJSKI,Droga powiatowa,P3522W,Jednojezdniowa dwukierunkowa,"Zakręt, łuk",Obszar zabudowany,"21,5758333333333","51,5372222222222","Skarpa, rów",Pochmurno,"Zmrok, świt",Wywrócenie się pojazdu,1,0,1,Lekko,N,,,,,,,,,,,,,,,,,,
EWK-98284090Y,2014,2014-06-22,10,POWIAT ZWOLEŃSKI,TCZÓW - OBSZAR WIEJSKI,Droga gminna,GMINNA,Jednojezdniowa dwukierunkowa,Odcinek prosty,Obszar niezabudowany,"21,6252777777778","51,4352777777778",Jezdnia,Pochmurno,Światło dzienne,Zderzenie pojazdów czołowe,1,0,3,Lekko,N,,,,,,,,,,,,,,,,,,
EWK-98284251H,2014,2014-06-22,17,POWIAT GRÓJECKI,GRÓJEC - OBSZAR WIEJSKI,Droga krajowa,S7,Ekspresowa,Odcinek prosty,Obszar niezabudowany,"21,0161111111111","51,8741666666667",Jezdnia,Pochmurno,Światło dzienne,Zderzenie pojazdów tylne,1,0,1,Ciężko,N,,,,,,,,,,,,,,,,,,
EWK-98284251H,2014,2014-06-22,17,POWIAT GRÓJECKI,GRÓJEC - OBSZAR WIEJSKI,Droga krajowa,S7,Ekspresowa,Odcinek prosty,Obszar niezabudowany,"21,0161111111111","51,8741666666667",Jezdnia,Pochmurno,Światło dzienne,Zderzenie pojazdów tylne,1,0,0,Nieokreślone (puste pole),N,,,,,,,,,,,,,,,,,,
EWK-98286046M,2014,2014-06-23,22,POWIAT GRÓJECKI,GRÓJEC - OBSZAR MIEJSKI,Droga krajowa,50,Jednojezdniowa dwukierunkowa,Odcinek prosty,Obszar zabudowany,"20,9241666666667","51,9202777777778",Jezdnia,Dobre warunki atmosferyczne,Noc - droga oświetlona,Najechanie na pieszego,1,0,1,Ciężko,T,,,,,,,,,,,,,,,,,,
EWK-98286046M,2014,2014-06-23,22,POWIAT GRÓJECKI,GRÓJEC - OBSZAR MIEJSKI,Droga krajowa,50,Jednojezdniowa dwukierunkowa,Odcinek prosty,Obszar zabudowany,"20,9241666666667","51,9202777777778",Jezdnia,Dobre warunki atmosferyczne,Noc - droga oświetlona,Najechanie na pieszego,1,0,0,Nieokreślone (puste pole),T,,,,,,,,,,,,,,,,,,
EWK-98290940L,2014,2014-06-23,15,POWIAT SIERPECKI,SIERPC - OBSZAR MIEJSKI,Nieokreślone (puste pole),,Jednojezdniowa dwukierunkowa,Odcinek prosty,Obszar zabudowany,"19,6780555555556","52,8580555555556",Jezdnia,Dobre warunki atmosferyczne,Światło dzienne,Najechanie na pieszego,1,0,2,Lekko,N,,,,,,,,,,,,,,,,,,
EWK-98301043K,2014,2014-06-23,17,POWIAT GRÓJECKI,GRÓJEC - OBSZAR WIEJSKI,Droga powiatowa,P,Jednojezdniowa dwukierunkowa,Odcinek prosty,Obszar niezabudowany,"20,9688888888889","52,0005555555556",Jezdnia,Dobre warunki atmosferyczne,Światło dzienne,Najechanie na pieszego,1,0,1,Lekko,N,,,,,,,,,,,,,,,,,,
EWK-98301043K,2014,2014-06-23,17,POWIAT GRÓJECKI,GRÓJEC - OBSZAR WIEJSKI,Droga powiatowa,P,Jednojezdniowa dwukierunkowa,Odcinek prosty,Obszar niezabudowany,"20,9688888888889","52,0005555555556",Jezdnia,Dobre warunki atmosferyczne,Światło dzienne,Najechanie na pieszego,1,0,0,Nieokreślone (puste pole),N,,,,,,,,,,,,,,,,,,
EWK-98287073H,2014,2014-06-23,21,POWIAT SIEDLCE,SIEDLCE - OBSZAR MIEJSKI,Droga wojewódzka,W628,Jednojezdniowa dwukierunkowa,,Obszar zabudowany,"22,3891666666667","52,1822222222222",Jezdnia,Dobre warunki atmosferyczne,"Zmrok, świt",Zderzenie pojazdów boczne,1,0,1,Ciężko,N,,,,,,,,,,,,,,,,,,
EWK-98287073H,2014,2014-06-23,21,POWIAT SIEDLCE,SIEDLCE - OBSZAR MIEJSKI,Droga wojewódzka,W628,Jednojezdniowa dwukierunkowa,,Obszar zabudowany,"22,3891666666667","52,1822222222222",Jezdnia,Dobre warunki atmosferyczne,"Zmrok, świt",Zderzenie pojazdów boczne,1,0,0,Nieokreślone (puste pole),N,,,,,,,,,,,,,,,,,,
EWK-98287382L,2014,2014-06-23,15,POWIAT ZWOLEŃSKI,ZWOLEŃ - OBSZAR MIEJSKI,Droga krajowa,12,Jednojezdniowa dwukierunkowa,Odcinek prosty,Obszar niezabudowany,"21,6747222222222","51,4097222222222",Droga dla rowerzystów,Dobre warunki atmosferyczne,Światło dzienne,Zderzenie pojazdów boczne,1,0,1,Lekko,N,,,,,,,,,,,,,,,,,,
EWK-98287382L,2014,2014-06-23,15,POWIAT ZWOLEŃSKI,ZWOLEŃ - OBSZAR MIEJSKI,Droga krajowa,12,Jednojezdniowa dwukierunkowa,Odcinek prosty,Obszar niezabudowany,"21,6747222222222","51,4097222222222",Droga dla rowerzystów,Dobre warunki atmosferyczne,Światło dzienne,Zderzenie pojazdów boczne,1,0,0,Nieokreślone (puste pole),N,,,,,,,,,,,,,,,,,,
EWK-98285244H,2014,2014-06-23,18,POWIAT MŁAWSKI,MŁAWA - OBSZAR MIEJSKI,Droga gminna,GMINNA,Jednojezdniowa dwukierunkowa,,Obszar zabudowany,"20,5163888888889","53,26",Jezdnia,Dobre warunki atmosferyczne,Światło dzienne,Zderzenie pojazdów boczne,1,0,1,Lekko,N,,,,,,,,,,,,,,,,,,
EWK-98285244H,2014,2014-06-23,18,POWIAT MŁAWSKI,MŁAWA - OBSZAR MIEJSKI,Droga gminna,GMINNA,Jednojezdniowa dwukierunkowa,,Obszar zabudowany,"20,5163888888889","53,26",Jezdnia,Dobre warunki atmosferyczne,Światło dzienne,Zderzenie pojazdów boczne,1,0,0,Nieokreślone (puste pole),N,,,,,,,,,,,,,,,,,,
EWK-98287107M,2014,2014-06-23,14,POWIAT SIEDLCE,SIEDLCE - OBSZAR MIEJSKI,Droga wojewódzka,W628,Jednojezdniowa dwukierunkowa,,Obszar zabudowany,"22,3361111111111","52,2588888888889",Jezdnia,Dobre warunki atmosferyczne,Światło dzienne,Zderzenie pojazdów boczne,1,0,1,Ciężko,N,,,,,,,,,,,,,,,,,,
EWK-98287107M,2014,2014-06-23,14,POWIAT SIEDLCE,SIEDLCE - OBSZAR MIEJSKI,Droga wojewódzka,W628,Jednojezdniowa dwukierunkowa,,Obszar zabudowany,"22,3361111111111","52,2588888888889",Jezdnia,Dobre warunki atmosferyczne,Światło dzienne,Zderzenie pojazdów boczne,1,0,0,Nieokreślone (puste pole),N,,,,,,,,,,,,,,,,,,
EWK-98301225M,2014,2014-06-24,13,POWIAT GARWOLIŃSKI,GARWOLIN - OBSZAR MIEJSKI,Droga gminna,GMINNA,Jednojezdniowa dwukierunkowa,Odcinek prosty,Obszar zabudowany,"21,6708333333333","51,9383333333333","Chodnik, droga dla pieszych",Dobre warunki atmosferyczne,Światło dzienne,Inne,1,0,1,Lekko,N,,,,,,,,,,,,,,,,,,
EWK-98301225M,2014,2014-06-24,13,POWIAT GARWOLIŃSKI,GARWOLIN - OBSZAR MIEJSKI,Droga gminna,GMINNA,Jednojezdniowa dwukierunkowa,Odcinek prosty,Obszar zabudowany,"21,6708333333333","51,9383333333333","Chodnik, droga dla pieszych",Dobre warunki atmosferyczne,Światło dzienne,Inne,1,0,0,Nieokreślone (puste pole),N,,,,,,,,,,,,,,,,,,
EWK-98287267H,2014,2014-06-24,17,POWIAT RADOM,RADOM - OBSZAR MIEJSKI,Droga powiatowa,P5309W,Jednojezdniowa dwukierunkowa,,Obszar zabudowany,"21,2411111111111","51,4183333333333",Jezdnia,Dobre warunki atmosferyczne,Światło dzienne,Inne,1,0,1,Lekko,T,,,,,,,,,,,,,,,,,,
EWK-98287267H,2014,2014-06-24,17,POWIAT RADOM,RADOM - OBSZAR MIEJSKI,Droga powiatowa,P5309W,Jednojezdniowa dwukierunkowa,,Obszar zabudowany,"21,2411111111111","51,4183333333333",Jezdnia,Dobre warunki atmosferyczne,Światło dzienne,Inne,1,0,0,Nieokreślone (puste pole),T,,,,,,,,,,,,,,,,,,
EWK-98287471L,2014,2014-06-24,14,POWIAT OSTROŁĘCKI,KADZIDŁO - OBSZAR WIEJSKI,Droga powiatowa,2530W,Jednojezdniowa dwukierunkowa,,Obszar zabudowany,"21,5766666666667","53,2455555555556",Jezdnia,Dobre warunki atmosferyczne,Światło dzienne,Najechanie na pieszego,1,0,1,Lekko,N,,,,,,,,,,,,,,,,,,
EWK-98287471L,2014,2014-06-24,14,POWIAT OSTROŁĘCKI,KADZIDŁO - OBSZAR WIEJSKI,Droga powiatowa,2530W,Jednojezdniowa dwukierunkowa,,Obszar zabudowany,"21,5766666666667","53,2455555555556",Jezdnia,Dobre warunki atmosferyczne,Światło dzienne,Najechanie na pieszego,1,0,0,Nieokreślone (puste pole),N,,,,,,,,,,,,,,,,,,
EWK-98287427G,2014,2014-06-24,13,POWIAT ZWOLEŃSKI,KAZANÓW - OBSZAR WIEJSKI,Nieokreślone (puste pole),,Jednojezdniowa dwukierunkowa,"Zakręt, łuk",Obszar zabudowany,"21,5180555555556","51,3872222222222",Pobocze,Dobre warunki atmosferyczne,Światło dzienne,Najechanie na pieszego,1,0,1,Lekko,N,,,,,,,,,,,,,,,,,,
EWK-98287427G,2014,2014-06-24,13,POWIAT ZWOLEŃSKI,KAZANÓW - OBSZAR WIEJSKI,Nieokreślone (puste pole),,Jednojezdniowa dwukierunkowa,"Zakręt, łuk",Obszar zabudowany,"21,5180555555556","51,3872222222222",Pobocze,Dobre warunki atmosferyczne,Światło dzienne,Najechanie na pieszego,1,0,0,Nieokreślone (puste pole),N,,,,,,,,,,,,,,,,,,
EWK-98288062E,2014,2014-06-24,16,POWIAT OSTROŁĘCKI,MYSZYNIEC - OBSZAR MIEJSKI,Droga powiatowa,2515W,Jednojezdniowa dwukierunkowa,,Obszar zabudowany,"21,41","53,4791666666667",Jezdnia,Dobre warunki atmosferyczne,Światło dzienne,Zderzenie pojazdów boczne,1,0,2,Lekko,N,,,,,,,,,,,,,,,,,,
EWK-98288062E,2014,2014-06-24,16,POWIAT OSTROŁĘCKI,MYSZYNIEC - OBSZAR MIEJSKI,Droga powiatowa,2515W,Jednojezdniowa dwukierunkowa,,Obszar zabudowany,"21,41","53,4791666666667",Jezdnia,Dobre warunki atmosferyczne,Światło dzienne,Zderzenie pojazdów boczne,1,0,0,Nieokreślone (puste pole),N,,,,,,,,,,,,,,,,,,
EWK-98286646Q,2014,2014-06-24,18,POWIAT RADOMSKI,SKARYSZEW - OBSZAR WIEJSKI,Droga krajowa,9,Jednojezdniowa dwukierunkowa,Odcinek prosty,Obszar zabudowany,"21,2297222222222","51,4938888888889",Jezdnia,Dobre warunki atmosferyczne,Światło dzienne,Zderzenie pojazdów tylne,1,0,1,Lekko,N,,,,,,,,,,,,,,,,,,
EWK-98286646Q,2014,2014-06-24,18,POWIAT RADOMSKI,SKARYSZEW - OBSZAR WIEJSKI,Droga krajowa,9,Jednojezdniowa dwukierunkowa,Odcinek prosty,Obszar zabudowany,"21,2297222222222","51,4938888888889",Jezdnia,Dobre warunki atmosferyczne,Światło dzienne,Zderzenie pojazdów tylne,1,0,0,Nieokreślone (puste pole),N,,,,,,,,,,,,,,,,,,
EWK-98290964Y,2014,2014-06-24,22,POWIAT WĘGROWSKI,STOCZEK - OBSZAR WIEJSKI,Droga powiatowa,36108W,Jednojezdniowa dwukierunkowa,Odcinek prosty,Obszar niezabudowany,"21,9066666666667","52,6225",Jezdnia,"Mgła, dym",Noc - droga nieoświetlona,Wywrócenie się pojazdu,1,0,1,Lekko,T,,,,,,,,,,,,,,,,,,
EWK-98290964Y,2014,2014-06-24,22,POWIAT WĘGROWSKI,STOCZEK - OBSZAR WIEJSKI,Droga powiatowa,36108W,Jednojezdniowa dwukierunkowa,Odcinek prosty,Obszar niezabudowany,"21,9066666666667","52,6225",Jezdnia,"Mgła, dym",Noc - droga nieoświetlona,Wywrócenie się pojazdu,1,0,0,Nieokreślone (puste pole),T,,,,,,,,,,,,,,,,,,
EWK-98294068Y,2014,2014-06-24,13,POWIAT LIPSKI,CHOTCZA - OBSZAR WIEJSKI,Droga gminna,GMINNA,Jednojezdniowa dwukierunkowa,Odcinek prosty,Obszar niezabudowany,"21,8380555555556","51,2711111111111",Jezdnia,Pochmurno,Światło dzienne,Najechanie na pieszego,1,0,1,Lekko,N,,,,,,,,,,,,,,,,,,
EWK-98294068Y,2014,2014-06-24,13,POWIAT LIPSKI,CHOTCZA - OBSZAR WIEJSKI,Droga gminna,GMINNA,Jednojezdniowa dwukierunkowa,Odcinek prosty,Obszar niezabudowany,"21,8380555555556","51,2711111111111",Jezdnia,Pochmurno,Światło dzienne,Najechanie na pieszego,1,0,0,Nieokreślone (puste pole),N,,,,,,,,,,,,,,,,,,
EWK-98288878J,2014,2014-06-24,13,POWIAT BIAŁOBRZESKI,STARA BŁOTNICA - OBSZAR WIEJSKI,Droga gminna,G110402W,Jednojezdniowa dwukierunkowa,"Zakręt, łuk",Obszar niezabudowany,"20,9947222222222","51,6738888888889",Jezdnia,Pochmurno,Światło dzienne,Zderzenie pojazdów czołowe,1,0,1,Ciężko,N,,,,,,,,,,,,,,,,,,
EWK-98288878J,2014,2014-06-24,13,POWIAT BIAŁOBRZESKI,STARA BŁOTNICA - OBSZAR WIEJSKI,Droga gminna,G110402W,Jednojezdniowa dwukierunkowa,"Zakręt, łuk",Obszar niezabudowany,"20,9947222222222","51,6738888888889",Jezdnia,Pochmurno,Światło dzienne,Zderzenie pojazdów czołowe,1,0,1,Lekko,N,,,,,,,,,,,,,,,,,,
EWK-98285760Y,2014,2014-06-24,13,POWIAT SOCHACZEWSKI,SOCHACZEW - OBSZAR WIEJSKI,Droga krajowa,50,Jednojezdniowa dwukierunkowa,Odcinek prosty,Obszar niezabudowany,"20,32","52,2983333333333",Jezdnia,Pochmurno,Światło dzienne,Zderzenie pojazdów tylne,1,0,1,Ciężko,N,,,,,,,,,,,,,,,,,,
EWK-98285760Y,2014,2014-06-24,13,POWIAT SOCHACZEWSKI,SOCHACZEW - OBSZAR WIEJSKI,Droga krajowa,50,Jednojezdniowa dwukierunkowa,Odcinek prosty,Obszar niezabudowany,"20,32","52,2983333333333",Jezdnia,Pochmurno,Światło dzienne,Zderzenie pojazdów tylne,1,1,0,Nieokreślone (puste pole),N,,,,,,,,,,,,,,,,,,
EWK-98290867H,2014,2014-06-25,3,POWIAT PŁOŃSKI,CZERWIŃSK NAD WISŁĄ - OBSZAR WIEJSKI,Droga gminna,G300216W,Jednojezdniowa dwukierunkowa,"Zakręt, łuk",Obszar zabudowany,"20,4730555555556","52,5608333333333",Pobocze,Dobre warunki atmosferyczne,"Zmrok, świt",Najechanie na drzewo,1,0,1,Ciężko,N,,,,,,,,,,,,,,,,,,
EWK-98290867H,2014,2014-06-25,3,POWIAT PŁOŃSKI,CZERWIŃSK NAD WISŁĄ - OBSZAR WIEJSKI,Droga gminna,G300216W,Jednojezdniowa dwukierunkowa,"Zakręt, łuk",Obszar zabudowany,"20,4730555555556","52,5608333333333",Pobocze,Dobre warunki atmosferyczne,"Zmrok, świt",Najechanie na drzewo,1,1,0,Nieokreślone (puste pole),N,,,,,,,,,,,,,,,,,,
EWK-98287752A,2014,2014-06-25,22,POWIAT PŁOCKI,RADZANOWO - OBSZAR WIEJSKI,Droga wojewódzka,567,Jednojezdniowa dwukierunkowa,Odcinek prosty,Obszar zabudowany,"19,9019444444444","52,6027777777778",Przejście dla pieszych,Dobre warunki atmosferyczne,Noc - droga nieoświetlona,Najechanie na pieszego,1,1,0,Nieokreślone (puste pole),N,,,,,,,,,,,,,,,,,,
EWK-98293028R,2014,2014-06-25,10,POWIAT PŁOCKI,BODZANÓW - OBSZAR WIEJSKI,Inna,I2,Jednojezdniowa dwukierunkowa,Odcinek prosty,Obszar zabudowany,"20,1455555555556","52,5091666666667","Parking, plac",Dobre warunki atmosferyczne,Światło dzienne,Najechanie na pieszego,1,0,1,Lekko,N,,,,,,,,,,,,,,,,,,
EWK-98293028R,2014,2014-06-25,10,POWIAT PŁOCKI,BODZANÓW - OBSZAR WIEJSKI,Inna,I2,Jednojezdniowa dwukierunkowa,Odcinek prosty,Obszar zabudowany,"20,1455555555556","52,5091666666667","Parking, plac",Dobre warunki atmosferyczne,Światło dzienne,Najechanie na pieszego,1,0,0,Nieokreślone (puste pole),N,,,,,,,,,,,,,,,,,,
EWK-98289172Q,2014,2014-06-25,12,POWIAT RADOM,RADOM - OBSZAR MIEJSKI,Droga krajowa,7,Dwie jezdnie jednokierunkowe,Odcinek prosty,Obszar zabudowany,"21,1602777777778","51,4941666666667",Droga dla rowerzystów,Dobre warunki atmosferyczne,Światło dzienne,Zderzenie pojazdów boczne,1,0,1,Ciężko,N,,,,,,,,,,,,,,,,,,
EWK-98289172Q,2014,2014-06-25,12,POWIAT RADOM,RADOM - OBSZAR MIEJSKI,Droga krajowa,7,Dwie jezdnie jednokierunkowe,Odcinek prosty,Obszar zabudowany,"21,1602777777778","51,4941666666667",Droga dla rowerzystów,Dobre warunki atmosferyczne,Światło dzienne,Zderzenie pojazdów boczne,1,0,0,Nieokreślone (puste pole),N,,,,,,,,,,,,,,,,,,
EWK-98293991X,2014,2014-06-25,20,POWIAT OSTROŁĘCKI,MYSZYNIEC - OBSZAR WIEJSKI,Droga gminna,G250805W,Jednojezdniowa dwukierunkowa,Odcinek prosty,Obszar niezabudowany,"21,5072222222222","53,45",Jezdnia,Dobre warunki atmosferyczne,Światło dzienne,Zderzenie pojazdów boczne,1,0,1,Lekko,N,,,,,,,,,,,,,,,,,,
EWK-98293991X,2014,2014-06-25,20,POWIAT OSTROŁĘCKI,MYSZYNIEC - OBSZAR WIEJSKI,Droga gminna,G250805W,Jednojezdniowa dwukierunkowa,Odcinek prosty,Obszar niezabudowany,"21,5072222222222","53,45",Jezdnia,Dobre warunki atmosferyczne,Światło dzienne,Zderzenie pojazdów boczne,1,0,0,Nieokreślone (puste pole),N,,,,,,,,,,,,,,,,,,
EWK-98288081E,2014,2014-06-25,1,POWIAT GRÓJECKI,GRÓJEC - OBSZAR MIEJSKI,Droga krajowa,S7,Ekspresowa,Odcinek prosty,Obszar niezabudowany,"20,8819444444444","51,8638888888889",Jezdnia,Dobre warunki atmosferyczne,Noc - droga nieoświetlona,Zderzenie pojazdów tylne,1,0,1,Lekko,N,,,,,,,,,,,,,,,,,,
EWK-98288081E,2014,2014-06-25,1,POWIAT GRÓJECKI,GRÓJEC - OBSZAR MIEJSKI,Droga krajowa,S7,Ekspresowa,Odcinek prosty,Obszar niezabudowany,"20,8819444444444","51,8638888888889",Jezdnia,Dobre warunki atmosferyczne,Noc - droga nieoświetlona,Zderzenie pojazdów tylne,1,0,0,Nieokreślone (puste pole),N,,,,,,,,,,,,,,,,,,
EWK-98287725H,2014,2014-06-25,9,POWIAT PŁOCK,PŁOCK - OBSZAR MIEJSKI,Droga krajowa,60,Dwie jezdnie jednokierunkowe,Odcinek prosty,Obszar zabudowany,"19,8377777777778","52,6836111111111",Jezdnia,Dobre warunki atmosferyczne,Światło dzienne,Zderzenie pojazdów tylne,1,0,1,Lekko,N,,,,,,,,,,,,,,,,,,
EWK-98287725H,2014,2014-06-25,9,POWIAT PŁOCK,PŁOCK - OBSZAR MIEJSKI,Droga krajowa,60,Dwie jezdnie jednokierunkowe,Odcinek prosty,Obszar zabudowany,"19,8377777777778","52,6836111111111",Jezdnia,Dobre warunki atmosferyczne,Światło dzienne,Zderzenie pojazdów tylne,1,0,0,Nieokreślone (puste pole),N,,,,,,,,,,,,,,,,,,
EWK-98287738R,2014,2014-06-25,9,POWIAT PŁOCK,PŁOCK - OBSZAR MIEJSKI,Droga gminna,GMINNA,Jednojezdniowa dwukierunkowa,Odcinek prosty,Obszar zabudowany,"19,7402777777778","52,6583333333333","Wjazd, wyjazd z posesji, pola",Dobre warunki atmosferyczne,Światło dzienne,Zderzenie pojazdów tylne,1,0,1,Ciężko,N,,,,,,,,,,,,,,,,,,
EWK-98287738R,2014,2014-06-25,9,POWIAT PŁOCK,PŁOCK - OBSZAR MIEJSKI,Droga gminna,GMINNA,Jednojezdniowa dwukierunkowa,Odcinek prosty,Obszar zabudowany,"19,7402777777778","52,6583333333333","Wjazd, wyjazd z posesji, pola",Dobre warunki atmosferyczne,Światło dzienne,Zderzenie pojazdów tylne,1,0,0,Nieokreślone (puste pole),N,,,,,,,,,,,,,,,,,,
EWK-98292166L,2014,2014-06-25,14,POWIAT LIPSKI,CHOTCZA - OBSZAR WIEJSKI,Droga gminna,GMINNA,Jednojezdniowa dwukierunkowa,Odcinek prosty,Obszar zabudowany,"21,8430555555556","51,3586111111111",Jezdnia,Pochmurno,Światło dzienne,Inne,1,0,1,Ciężko,N,,,,,,,,,,,,,,,,,,
EWK-98292957F,2014,2014-06-26,14,POWIAT OSTROŁĘCKI,LELIS - OBSZAR WIEJSKI,Droga powiatowa,2536W,Jednojezdniowa dwukierunkowa,,Obszar zabudowany,"21,5116666666667","53,2452777777778",Jezdnia,Dobre warunki atmosferyczne,Światło dzienne,Zderzenie pojazdów boczne,1,0,1,Lekko,N,,,,,,,,,,,,,,,,,,
EWK-98292957F,2014,2014-06-26,14,POWIAT OSTROŁĘCKI,LELIS - OBSZAR WIEJSKI,Droga powiatowa,2536W,Jednojezdniowa dwukierunkowa,,Obszar zabudowany,"21,5116666666667","53,2452777777778",Jezdnia,Dobre warunki atmosferyczne,Światło dzienne,Zderzenie pojazdów boczne,1,0,0,Nieokreślone (puste pole),N,,,,,,,,,,,,,,,,,,
EWK-98299019X,2014,2014-06-26,7,POWIAT ŻYRARDOWSKI,ŻYRARDÓW - OBSZAR MIEJSKI,Droga gminna,GMINNA,Jednojezdniowa dwukierunkowa,,Obszar zabudowany,"20,5763888888889","52,1030555555556",Jezdnia,Dobre warunki atmosferyczne,Światło dzienne,Zderzenie pojazdów boczne,1,0,1,Lekko,N,,,,,,,,,,,,,,,,,,
EWK-98299019X,2014,2014-06-26,7,POWIAT ŻYRARDOWSKI,ŻYRARDÓW - OBSZAR MIEJSKI,Droga gminna,GMINNA,Jednojezdniowa dwukierunkowa,,Obszar zabudowany,"20,5763888888889","52,1030555555556",Jezdnia,Dobre warunki atmosferyczne,Światło dzienne,Zderzenie pojazdów boczne,1,0,0,Nieokreślone (puste pole),N,,,,,,,,,,,,,,,,,,
EWK-98298058D,2014,2014-06-26,13,POWIAT ŻYRARDOWSKI,RADZIEJOWICE - OBSZAR WIEJSKI,Droga krajowa,50a,Jednojezdniowa dwukierunkowa,,Obszar niezabudowany,"20,5369444444444","52,0505555555556",Przejście dla pieszych,Dobre warunki atmosferyczne,Światło dzienne,Zderzenie pojazdów boczne,1,0,1,Ciężko,N,,,,,,,,,,,,,,,,,,