IDKSIP,year,date,hour,district,district_commune,road_category,road_number,type_of_road,road_geometry,area,Longitude,Latitude,char_place_of_the_event,weather_conditions,lighting,type_of_accident,num_of_accidents,num_of_fatalities,num_of_injured,type_of_injury,is_offender_intoxicated,,,,,,,,,,,,,,,,,,
EWK-98298058D,2014,2014-06-26,13,POWIAT ŻYRARDOWSKI,RADZIEJOWICE - OBSZAR WIEJSKI,Droga krajowa,50a,Jednojezdniowa dwukierunkowa,,Obszar niezabudowany,"20,5369444444444","52,0505555555556",Przejście dla pieszych,Dobre warunki atmosferyczne,Światło dzienne,Zderzenie pojazdów boczne,1,0,0,Nieokreślone (puste pole),N,,,,,,,,,,,,,,,,,,
EWK-98294117X,2014,2014-06-26,11,POWIAT MŁAWSKI,WIŚNIEWO - OBSZAR WIEJSKI,Droga powiatowa,P4640W,Jednojezdniowa dwukierunkowa,,Obszar niezabudowany,"20,2894444444444","53,1402777777778",Jezdnia,Dobre warunki atmosferyczne,Światło dzienne,Zderzenie pojazdów czołowe,1,0,1,Lekko,N,,,,,,,,,,,,,,,,,,
EWK-98294117X,2014,2014-06-26,11,POWIAT MŁAWSKI,WIŚNIEWO - OBSZAR WIEJSKI,Droga powiatowa,P4640W,Jednojezdniowa dwukierunkowa,,Obszar niezabudowany,"20,2894444444444","53,1402777777778",Jezdnia,Dobre warunki atmosferyczne,Światło dzienne,Zderzenie pojazdów czołowe,1,0,0,Nieokreślone (puste pole),N,,,,,,,,,,,,,,,,,,
EWK-98294146Q,2014,2014-06-26,20,POWIAT MŁAWSKI,MŁAWA - OBSZAR MIEJSKI,Inna,I2,Jednojezdniowa dwukierunkowa,Odcinek prosty,Obszar zabudowany,"20,3825","53,1777777777778",Jezdnia,Dobre warunki atmosferyczne,Światło dzienne,Zderzenie pojazdów czołowe,1,0,2,Lekko,N,,,,,,,,,,,,,,,,,,
EWK-98299768Q,2014,2014-06-26,21,POWIAT OSTROŁĘCKI,OLSZEWO-BORKI - OBSZAR WIEJSKI,Droga wojewódzka,544,Jednojezdniowa dwukierunkowa,Odcinek prosty,Obszar niezabudowany,"21,43","53,0991666666667",Jezdnia,Dobre warunki atmosferyczne,Noc - droga nieoświetlona,Zderzenie pojazdów tylne,1,0,1,Lekko,N,,,,,,,,,,,,,,,,,,
EWK-98299768Q,2014,2014-06-26,21,POWIAT OSTROŁĘCKI,OLSZEWO-BORKI - OBSZAR WIEJSKI,Droga wojewódzka,544,Jednojezdniowa dwukierunkowa,Odcinek prosty,Obszar niezabudowany,"21,43","53,0991666666667",Jezdnia,Dobre warunki atmosferyczne,Noc - droga nieoświetlona,Zderzenie pojazdów tylne,1,0,0,Nieokreślone (puste pole),N,,,,,,,,,,,,,,,,,,
EWK-98293594L,2014,2014-06-26,13,POWIAT SIEDLECKI,SKÓRZEC - OBSZAR WIEJSKI,Droga powiatowa,P3310C,Jednojezdniowa dwukierunkowa,Odcinek prosty,Obszar niezabudowany,"22,3391666666667","52,1980555555556",Jezdnia,Opady deszczu,Światło dzienne,"Najechanie na słup, znak",1,1,0,Nieokreślone (puste pole),N,,,,,,,,,,,,,,,,,,
EWK-98297075T,2014,2014-06-27,13,POWIAT PŁOCK,PŁOCK - OBSZAR MIEJSKI,Droga powiatowa,P,Jednokierunkowa,,Obszar zabudowany,"19,7361111111111","52,5547222222222",Jezdnia,Dobre warunki atmosferyczne,Światło dzienne,Inne,1,0,1,Lekko,N,,,,,,,,,,,,,,,,,,
EWK-98297573R,2014,2014-06-27,20,POWIAT PŁOŃSKI,ZAŁUSKI - OBSZAR WIEJSKI,Droga powiatowa,P3069W,Jednojezdniowa dwukierunkowa,"Zakręt, łuk",Obszar zabudowany,"20,5369444444444","52,535",Jezdnia,Dobre warunki atmosferyczne,Światło dzienne,Inne,1,0,1,Ciężko,N,,,,,,,,,,,,,,,,,,
EWK-98294594M,2014,2014-06-27,11,POWIAT BIAŁOBRZESKI,BIAŁOBRZEGI - OBSZAR WIEJSKI,Droga powiatowa,34214W,Jednojezdniowa dwukierunkowa,"Zakręt, łuk",Obszar niezabudowany,"21,1022222222222","51,7491666666667","Skarpa, rów",Dobre warunki atmosferyczne,Światło dzienne,Najechanie na drzewo,1,1,0,Nieokreślone (puste pole),N,,,,,,,,,,,,,,,,,,
EWK-98294635U,2014,2014-06-27,17,POWIAT PUŁTUSKI,POKRZYWNICA - OBSZAR WIEJSKI,Droga krajowa,61,Jednojezdniowa dwukierunkowa,Odcinek prosty,Obszar niezabudowany,"21,1119444444444","52,6630555555556",Jezdnia,Dobre warunki atmosferyczne,Światło dzienne,Najechanie na pieszego,1,0,1,Ciężko,N,,,,,,,,,,,,,,,,,,
EWK-98294635U,2014,2014-06-27,17,POWIAT PUŁTUSKI,POKRZYWNICA - OBSZAR WIEJSKI,Droga krajowa,61,Jednojezdniowa dwukierunkowa,Odcinek prosty,Obszar niezabudowany,"21,1119444444444","52,6630555555556",Jezdnia,Dobre warunki atmosferyczne,Światło dzienne,Najechanie na pieszego,1,0,0,Nieokreślone (puste pole),N,,,,,,,,,,,,,,,,,,
EWK-98299759T,2014,2014-06-27,15,POWIAT OSTROŁĘKA,OSTROŁĘKA - OBSZAR MIEJSKI,Droga powiatowa,P5109W,Jednojezdniowa dwukierunkowa,,Obszar zabudowany,"21,6655555555556","53,2133333333333",Jezdnia,Dobre warunki atmosferyczne,Światło dzienne,Najechanie na pieszego,1,0,1,Lekko,N,,,,,,,,,,,,,,,,,,
EWK-98299759T,2014,2014-06-27,15,POWIAT OSTROŁĘKA,OSTROŁĘKA - OBSZAR MIEJSKI,Droga powiatowa,P5109W,Jednojezdniowa dwukierunkowa,,Obszar zabudowany,"21,6655555555556","53,2133333333333",Jezdnia,Dobre warunki atmosferyczne,Światło dzienne,Najechanie na pieszego,1,0,0,Nieokreślone (puste pole),N,,,,,,,,,,,,,,,,,,
EWK-98294887A,2014,2014-06-27,12,POWIAT PRZASNYSKI,CHORZELE - OBSZAR WIEJSKI,Droga powiatowa,P3211W,Jednojezdniowa dwukierunkowa,Odcinek prosty,Obszar niezabudowany,"21,0397222222222","53,3647222222222",Jezdnia,Dobre warunki atmosferyczne,Światło dzienne,Najechanie na pojazd unieruchomiony,1,0,1,Ciężko,N,,,,,,,,,,,,,,,,,,
EWK-98294887A,2014,2014-06-27,12,POWIAT PRZASNYSKI,CHORZELE - OBSZAR WIEJSKI,Droga powiatowa,P3211W,Jednojezdniowa dwukierunkowa,Odcinek prosty,Obszar niezabudowany,"21,0397222222222","53,3647222222222",Jezdnia,Dobre warunki atmosferyczne,Światło dzienne,Najechanie na pojazd unieruchomiony,1,0,0,Nieokreślone (puste pole),N,,,,,,,,,,,,,,,,,,
EWK-98295983J,2014,2014-06-27,7,POWIAT LIPSKI,SOLEC NAD WISŁĄ - OBSZAR WIEJSKI,Nieokreślone (puste pole),G,Jednojezdniowa dwukierunkowa,Odcinek prosty,Obszar zabudowany,"21,905","51,1477777777778",Jezdnia,Dobre warunki atmosferyczne,Światło dzienne,Najechanie na pojazd unieruchomiony,1,0,1,Ciężko,N,,,,,,,,,,,,,,,,,,
EWK-98295983J,2014,2014-06-27,7,POWIAT LIPSKI,SOLEC NAD WISŁĄ - OBSZAR WIEJSKI,Nieokreślone (puste pole),G,Jednojezdniowa dwukierunkowa,Odcinek prosty,Obszar zabudowany,"21,905","51,1477777777778",Jezdnia,Dobre warunki atmosferyczne,Światło dzienne,Najechanie na pojazd unieruchomiony,1,0,0,Nieokreślone (puste pole),N,,,,,,,,,,,,,,,,,,
EWK-98294612X,2014,2014-06-27,16,POWIAT BIAŁOBRZESKI,STROMIEC - OBSZAR WIEJSKI,Droga powiatowa,34216W,Jednojezdniowa dwukierunkowa,Odcinek prosty,Obszar niezabudowany,"21,1702777777778","51,6427777777778",Pobocze,Dobre warunki atmosferyczne,Światło dzienne,Wywrócenie się pojazdu,1,0,1,Lekko,T,,,,,,,,,,,,,,,,,,
EWK-98294612X,2014,2014-06-27,16,POWIAT BIAŁOBRZESKI,STROMIEC - OBSZAR WIEJSKI,Droga powiatowa,34216W,Jednojezdniowa dwukierunkowa,Odcinek prosty,Obszar niezabudowany,"21,1702777777778","51,6427777777778",Pobocze,Dobre warunki atmosferyczne,Światło dzienne,Wywrócenie się pojazdu,1,0,0,Nieokreślone (puste pole),T,,,,,,,,,,,,,,,,,,
EWK-98295642H,2014,2014-06-27,19,POWIAT PŁOCKI,STARA BIAŁA - OBSZAR WIEJSKI,Droga powiatowa,5205W,Jednojezdniowa dwukierunkowa,,Obszar niezabudowany,"19,7761111111111","52,67",Jezdnia,Dobre warunki atmosferyczne,Światło dzienne,Zderzenie pojazdów boczne,1,0,7,Lekko,N,,,,,,,,,,,,,,,,,,
EWK-98301229A,2014,2014-06-27,9,POWIAT GARWOLIŃSKI,ŁASKARZEW - OBSZAR MIEJSKI,Droga powiatowa,31325W,Jednokierunkowa,,Obszar zabudowany,"21,6747222222222","51,8447222222222",Jezdnia,Dobre warunki atmosferyczne,Światło dzienne,Zderzenie pojazdów boczne,1,0,1,Lekko,N,,,,,,,,,,,,,,,,,,
EWK-98301229A,2014,2014-06-27,9,POWIAT GARWOLIŃSKI,ŁASKARZEW - OBSZAR MIEJSKI,Droga powiatowa,31325W,Jednokierunkowa,,Obszar zabudowany,"21,6747222222222","51,8447222222222",Jezdnia,Dobre warunki atmosferyczne,Światło dzienne,Zderzenie pojazdów boczne,1,0,0,Nieokreślone (puste pole),N,,,,,,,,,,,,,,,,,,
EWK-98295391E,2014,2014-06-27,17,POWIAT RADOM,RADOM - OBSZAR MIEJSKI,Droga wojewódzka,737,Jednojezdniowa dwukierunkowa,Odcinek prosty,Obszar zabudowany,"21,2997222222222","51,5594444444444",Jezdnia,Dobre warunki atmosferyczne,Światło dzienne,Zderzenie pojazdów czołowe,1,0,1,Ciężko,N,,,,,,,,,,,,,,,,,,
EWK-98295391E,2014,2014-06-27,17,POWIAT RADOM,RADOM - OBSZAR MIEJSKI,Droga wojewódzka,737,Jednojezdniowa dwukierunkowa,Odcinek prosty,Obszar zabudowany,"21,2997222222222","51,5594444444444",Jezdnia,Dobre warunki atmosferyczne,Światło dzienne,Zderzenie pojazdów czołowe,1,0,0,Nieokreślone (puste pole),N,,,,,,,,,,,,,,,,,,
EWK-98295003L,2014,2014-06-27,15,POWIAT SOCHACZEWSKI,TERESIN - OBSZAR WIEJSKI,Droga krajowa,92,Jednojezdniowa dwukierunkowa,Odcinek prosty,Obszar niezabudowany,"20,5808333333333","52,2752777777778",Jezdnia,Dobre warunki atmosferyczne,Światło dzienne,Zderzenie pojazdów tylne,1,0,1,Lekko,N,,,,,,,,,,,,,,,,,,
EWK-98295003L,2014,2014-06-27,15,POWIAT SOCHACZEWSKI,TERESIN - OBSZAR WIEJSKI,Droga krajowa,92,Jednojezdniowa dwukierunkowa,Odcinek prosty,Obszar niezabudowany,"20,5808333333333","52,2752777777778",Jezdnia,Dobre warunki atmosferyczne,Światło dzienne,Zderzenie pojazdów tylne,1,0,0,Nieokreślone (puste pole),N,,,,,,,,,,,,,,,,,,
EWK-98294675G,2014,2014-06-28,9,POWIAT PUŁTUSKI,GZY - OBSZAR WIEJSKI,Droga powiatowa,P1230W,Jednojezdniowa dwukierunkowa,"Zakręt, łuk",Obszar niezabudowany,"20,9952777777778","52,8058333333333",Jezdnia,Dobre warunki atmosferyczne,Światło dzienne,Najechanie na drzewo,1,0,1,Ciężko,N,,,,,,,,,,,,,,,,,,
EWK-98294675G,2014,2014-06-28,9,POWIAT PUŁTUSKI,GZY - OBSZAR WIEJSKI,Droga powiatowa,P1230W,Jednojezdniowa dwukierunkowa,"Zakręt, łuk",Obszar niezabudowany,"20,9952777777778","52,8058333333333",Jezdnia,Dobre warunki atmosferyczne,Światło dzienne,Najechanie na drzewo,1,0,1,Lekko,N,,,,,,,,,,,,,,,,,,
EWK-98294675G,2014,2014-06-28,9,POWIAT PUŁTUSKI,GZY - OBSZAR WIEJSKI,Droga powiatowa,P1230W,Jednojezdniowa dwukierunkowa,"Zakręt, łuk",Obszar niezabudowany,"20,9952777777778","52,8058333333333",Jezdnia,Dobre warunki atmosferyczne,Światło dzienne,Najechanie na drzewo,1,0,0,Nieokreślone (puste pole),N,,,,,,,,,,,,,,,,,,
EWK-98297583G,2014,2014-06-28,6,POWIAT PŁOŃSKI,JONIEC - OBSZAR WIEJSKI,Droga powiatowa,P3051W,Jednojezdniowa dwukierunkowa,Odcinek prosty,Obszar zabudowany,"20,6416666666667","52,6925",Jezdnia,Dobre warunki atmosferyczne,Światło dzienne,Najechanie na drzewo,1,0,2,Ciężko,T,,,,,,,,,,,,,,,,,,
EWK-98297583G,2014,2014-06-28,6,POWIAT PŁOŃSKI,JONIEC - OBSZAR WIEJSKI,Droga powiatowa,P3051W,Jednojezdniowa dwukierunkowa,Odcinek prosty,Obszar zabudowany,"20,6416666666667","52,6925",Jezdnia,Dobre warunki atmosferyczne,Światło dzienne,Najechanie na drzewo,1,0,1,Lekko,T,,,,,,,,,,,,,,,,,,
EWK-98301241Q,2014,2014-06-28,11,POWIAT GARWOLIŃSKI,ŁASKARZEW - OBSZAR WIEJSKI,Droga powiatowa,31325W,Jednojezdniowa dwukierunkowa,"Zakręt, łuk",Obszar niezabudowany,"21,705","51,8469444444444",Pobocze,Dobre warunki atmosferyczne,Światło dzienne,Najechanie na drzewo,1,0,1,Lekko,T,,,,,,,,,,,,,,,,,,
EWK-98293713U,2014,2014-06-28,9,POWIAT PRZYSUSKI,PRZYSUCHA - OBSZAR WIEJSKI,Droga wojewódzka,727,Jednojezdniowa dwukierunkowa,Odcinek prosty,Obszar zabudowany,"20,6505555555556","51,4861111111111",Jezdnia,Dobre warunki atmosferyczne,Światło dzienne,Najechanie na pieszego,1,0,1,Lekko,N,,,,,,,,,,,,,,,,,,
EWK-98293713U,2014,2014-06-28,9,POWIAT PRZYSUSKI,PRZYSUCHA - OBSZAR WIEJSKI,Droga wojewódzka,727,Jednojezdniowa dwukierunkowa,Odcinek prosty,Obszar zabudowany,"20,6505555555556","51,4861111111111",Jezdnia,Dobre warunki atmosferyczne,Światło dzienne,Najechanie na pieszego,1,0,0,Nieokreślone (puste pole),N,,,,,,,,,,,,,,,,,,
EWK-98296922G,2014,2014-06-28,15,POWIAT RADOMSKI,GÓZD - OBSZAR WIEJSKI,Droga powiatowa,34437W,Jednojezdniowa dwukierunkowa,Odcinek prosty,Obszar zabudowany,"21,395","51,4652777777778",Jezdnia,Dobre warunki atmosferyczne,Światło dzienne,Zderzenie pojazdów boczne,1,0,1,Lekko,N,,,,,,,,,,,,,,,,,,
EWK-98296922G,2014,2014-06-28,15,POWIAT RADOMSKI,GÓZD - OBSZAR WIEJSKI,Droga powiatowa,34437W,Jednojezdniowa dwukierunkowa,Odcinek prosty,Obszar zabudowany,"21,395","51,4652777777778",Jezdnia,Dobre warunki atmosferyczne,Światło dzienne,Zderzenie pojazdów boczne,1,0,0,Nieokreślone (puste pole),N,,,,,,,,,,,,,,,,,,
EWK-98293624X,2014,2014-06-28,7,POWIAT MŁAWSKI,WIECZFNIA KOŚCIELNA - OBSZAR WIEJSKI,Droga krajowa,7,Jednojezdniowa dwukierunkowa,Odcinek prosty,Obszar niezabudowany,"20,5830555555556","53,2702777777778",Jezdnia,Dobre warunki atmosferyczne,Światło dzienne,Zderzenie pojazdów czołowe,1,0,1,Lekko,N,,,,,,,,,,,,,,,,,,
EWK-98293624X,2014,2014-06-28,7,POWIAT MŁAWSKI,WIECZFNIA KOŚCIELNA - OBSZAR WIEJSKI,Droga krajowa,7,Jednojezdniowa dwukierunkowa,Odcinek prosty,Obszar niezabudowany,"20,5830555555556","53,2702777777778",Jezdnia,Dobre warunki atmosferyczne,Światło dzienne,Zderzenie pojazdów czołowe,1,1,0,Nieokreślone (puste pole),N,,,,,,,,,,,,,,,,,,
EWK-98296944Q,2014,2014-06-28,20,POWIAT RADOM,RADOM - OBSZAR MIEJSKI,Droga powiatowa,P5347W,Jednojezdniowa dwukierunkowa,,Obszar zabudowany,"21,1425","51,4494444444444",Jezdnia,Opady deszczu,"Zmrok, świt",Najechanie na pieszego,1,0,1,Ciężko,T,,,,,,,,,,,,,,,,,,
EWK-98296944Q,2014,2014-06-28,20,POWIAT RADOM,RADOM - OBSZAR MIEJSKI,Droga powiatowa,P5347W,Jednojezdniowa dwukierunkowa,,Obszar zabudowany,"21,1425","51,4494444444444",Jezdnia,Opady deszczu,"Zmrok, świt",Najechanie na pieszego,1,0,0,Nieokreślone (puste pole),T,,,,,,,,,,,,,,,,,,
EWK-98296883J,2014,2014-06-28,17,POWIAT RADOM,RADOM - OBSZAR MIEJSKI,Droga wojewódzka,744,Jednojezdniowa dwukierunkowa,,Obszar zabudowany,"21,1925","51,3994444444444",Jezdnia,Pochmurno,Światło dzienne,Najechanie na pieszego,1,0,1,Lekko,N,,,,,,,,,,,,,,,,,,
EWK-98296883J,2014,2014-06-28,17,POWIAT RADOM,RADOM - OBSZAR MIEJSKI,Droga wojewódzka,744,Jednojezdniowa dwukierunkowa,,Obszar zabudowany,"21,1925","51,3994444444444",Jezdnia,Pochmurno,Światło dzienne,Najechanie na pieszego,1,0,0,Nieokreślone (puste pole),N,,,,,,,,,,,,,,,,,,
EWK-98294979K,2014,2014-06-28,16,POWIAT SOCHACZEWSKI,IŁÓW - OBSZAR WIEJSKI,Droga wojewódzka,577,Jednojezdniowa dwukierunkowa,Odcinek prosty,Obszar niezabudowany,"20,185","52,4055555555556",Jezdnia,Pochmurno,Światło dzienne,"Najechanie na słup, znak",1,0,4,Lekko,N,,,,,,,,,,,,,,,,,,
EWK-98294979K,2014,2014-06-28,16,POWIAT SOCHACZEWSKI,IŁÓW - OBSZAR WIEJSKI,Droga wojewódzka,577,Jednojezdniowa dwukierunkowa,Odcinek prosty,Obszar niezabudowany,"20,185","52,4055555555556",Jezdnia,Pochmurno,Światło dzienne,"Najechanie na słup, znak",1,0,0,Nieokreślone (puste pole),N,,,,,,,,,,,,,,,,,,
EWK-98295944F,2014,2014-06-28,22,POWIAT OSTROWSKI,ANDRZEJEWO - OBSZAR WIEJSKI,Droga gminna,GMINNA,Jednojezdniowa dwukierunkowa,Odcinek prosty,Obszar niezabudowany,"22,3213888888889","52,9783333333333",Jezdnia,Pochmurno,Noc - droga nieoświetlona,Wywrócenie się pojazdu,1,0,1,Ciężko,N,,,,,,,,,,,,,,,,,,
EWK-98297183U,2014,2014-06-28,15,POWIAT SIERPECKI,SIERPC - OBSZAR MIEJSKI,Nieokreślone (puste pole),,Jednojezdniowa dwukierunkowa,Odcinek prosty,Obszar zabudowany,"19,6844444444444","52,9144444444445",Jezdnia,Pochmurno,Światło dzienne,Zderzenie pojazdów boczne,1,0,1,Lekko,N,,,,,,,,,,,,,,,,,,
EWK-98297183U,2014,2014-06-28,15,POWIAT SIERPECKI,SIERPC - OBSZAR MIEJSKI,Nieokreślone (puste pole),,Jednojezdniowa dwukierunkowa,Odcinek prosty,Obszar zabudowany,"19,6844444444444","52,9144444444445",Jezdnia,Pochmurno,Światło dzienne,Zderzenie pojazdów boczne,1,0,0,Nieokreślone (puste pole),N,,,,,,,,,,,,,,,,,,
EWK-98294817C,2014,2014-06-29,15,POWIAT ŁOSICKI,STARA KORNICA - OBSZAR WIEJSKI,Droga wojewódzka,698,Jednojezdniowa dwukierunkowa,Odcinek prosty,Obszar niezabudowany,"23,0311111111111","52,1938888888889",Pobocze,Dobre warunki atmosferyczne,Światło dzienne,Najechanie na drzewo,1,0,1,Ciężko,T,,,,,,,,,,,,,,,,,,
EWK-98294817C,2014,2014-06-29,15,POWIAT ŁOSICKI,STARA KORNICA - OBSZAR WIEJSKI,Droga wojewódzka,698,Jednojezdniowa dwukierunkowa,Odcinek prosty,Obszar niezabudowany,"23,0311111111111","52,1938888888889",Pobocze,Dobre warunki atmosferyczne,Światło dzienne,Najechanie na drzewo,1,0,1,Lekko,T,,,,,,,,,,,,,,,,,,
EWK-98295958A,2014,2014-06-29,7,POWIAT SOCHACZEWSKI,SOCHACZEW - OBSZAR WIEJSKI,Droga krajowa,50,Jednojezdniowa dwukierunkowa,Odcinek prosty,Obszar zabudowany,"20,2597222222222","52,2975",Jezdnia,Opady deszczu,Światło dzienne,Zderzenie pojazdów czołowe,1,1,0,Nieokreślone (puste pole),N,,,,,,,,,,,,,,,,,,
EWK-98295684H,2014,2014-06-30,11,POWIAT PŁOCK,PŁOCK - OBSZAR MIEJSKI,Droga krajowa,62,Jednokierunkowa,,Obszar zabudowany,"19,8241666666667","52,5852777777778",Jezdnia,Dobre warunki atmosferyczne,Światło dzienne,Zderzenie pojazdów boczne,1,0,1,Lekko,N,,,,,,,,,,,,,,,,,,
EWK-98295684H,2014,2014-06-30,11,POWIAT PŁOCK,PŁOCK - OBSZAR MIEJSKI,Droga krajowa,62,Jednokierunkowa,,Obszar zabudowany,"19,8241666666667","52,5852777777778",Jezdnia,Dobre warunki atmosferyczne,Światło dzienne,Zderzenie pojazdów boczne,1,0,0,Nieokreślone (puste pole),N,,,,,,,,,,,,,,,,,,
EWK-98298419F,2014,2014-06-30,10,POWIAT KOZIENICKI,MAGNUSZEW - OBSZAR WIEJSKI,Droga krajowa,79,Jednojezdniowa dwukierunkowa,Odcinek prosty,Obszar zabudowany,"21,4122222222222","51,9619444444445",Jezdnia,Dobre warunki atmosferyczne,Światło dzienne,Zderzenie pojazdów czołowe,1,0,1,Ciężko,N,,,,,,,,,,,,,,,,,,
EWK-98298419F,2014,2014-06-30,10,POWIAT KOZIENICKI,MAGNUSZEW - OBSZAR WIEJSKI,Droga krajowa,79,Jednojezdniowa dwukierunkowa,Odcinek prosty,Obszar zabudowany,"21,4122222222222","51,9619444444445",Jezdnia,Dobre warunki atmosferyczne,Światło dzienne,Zderzenie pojazdów czołowe,1,0,1,Lekko,N,,,,,,,,,,,,,,,,,,
EWK-98298419F,2014,2014-06-30,10,POWIAT KOZIENICKI,MAGNUSZEW - OBSZAR WIEJSKI,Droga krajowa,79,Jednojezdniowa dwukierunkowa,Odcinek prosty,Obszar zabudowany,"21,4122222222222","51,9619444444445",Jezdnia,Dobre warunki atmosferyczne,Światło dzienne,Zderzenie pojazdów czołowe,1,0,0,Nieokreślone (puste pole),N,,,,,,,,,,,,,,,,,,
EWK-98300005A,2014,2014-06-30,15,POWIAT PŁOŃSKI,BABOSZEWO - OBSZAR WIEJSKI,Droga powiatowa,P3028W,Jednojezdniowa dwukierunkowa,,Obszar niezabudowany,"20,3975","52,8230555555556",Jezdnia,Opady deszczu,Światło dzienne,Zderzenie pojazdów czołowe,1,0,1,Lekko,N,,,,,,,,,,,,,,,,,,
EWK-98300005A,2014,2014-06-30,15,POWIAT PŁOŃSKI,BABOSZEWO - OBSZAR WIEJSKI,Droga powiatowa,P3028W,Jednojezdniowa dwukierunkowa,,Obszar niezabudowany,"20,3975","52,8230555555556",Jezdnia,Opady deszczu,Światło dzienne,Zderzenie pojazdów czołowe,1,0,0,Nieokreślone (puste pole),N,,,,,,,,,,,,,,,,,,
EWK-98295552G,2014,2014-06-30,12,POWIAT RADOMSKI,JEDLIŃSK - OBSZAR WIEJSKI,Droga krajowa,7,Dwie jezdnie jednokierunkowe,Odcinek prosty,Obszar niezabudowany,"21,1419444444444","51,52",Jezdnia,Pochmurno,Światło dzienne,Najechanie na pieszego,1,1,0,Nieokreślone (puste pole),N,,,,,,,,,,,,,,,,,,
EWK-98304932T,2014,2014-07-01,17,POWIAT ŻYRARDOWSKI,ŻYRARDÓW - OBSZAR MIEJSKI,Droga gminna,GMINNA,Jednojezdniowa dwukierunkowa,Odcinek prosty,Obszar zabudowany,"20,5644444444444","52,1816666666667",Jezdnia,Dobre warunki atmosferyczne,Światło dzienne,Najechanie na pieszego,1,0,1,Lekko,N,,,,,,,,,,,,,,,,,,
EWK-98304932T,2014,2014-07-01,17,POWIAT ŻYRARDOWSKI,ŻYRARDÓW - OBSZAR MIEJSKI,Droga gminna,GMINNA,Jednojezdniowa dwukierunkowa,Odcinek prosty,Obszar zabudowany,"20,5644444444444","52,1816666666667",Jezdnia,Dobre warunki atmosferyczne,Światło dzienne,Najechanie na pieszego,1,0,0,Nieokreślone (puste pole),N,,,,,,,,,,,,,,,,,,
EWK-98301455R,2014,2014-07-01,6,POWIAT PŁOCKI,STARA BIAŁA - OBSZAR WIEJSKI,Droga powiatowa,5205W,Jednojezdniowa dwukierunkowa,,Obszar niezabudowany,"19,7777777777778","52,6702777777778",Jezdnia,Dobre warunki atmosferyczne,Światło dzienne,Zderzenie pojazdów boczne,1,0,1,Ciężko,N,,,,,,,,,,,,,,,,,,
EWK-98301455R,2014,2014-07-01,6,POWIAT PŁOCKI,STARA BIAŁA - OBSZAR WIEJSKI,Droga powiatowa,5205W,Jednojezdniowa dwukierunkowa,,Obszar niezabudowany,"19,7777777777778","52,6702777777778",Jezdnia,Dobre warunki atmosferyczne,Światło dzienne,Zderzenie pojazdów boczne,1,0,1,Lekko,N,,,,,,,,,,,,,,,,,,
EWK-98301455R,2014,2014-07-01,6,POWIAT PŁOCKI,STARA BIAŁA - OBSZAR WIEJSKI,Droga powiatowa,5205W,Jednojezdniowa dwukierunkowa,,Obszar niezabudowany,"19,7777777777778","52,6702777777778",Jezdnia,Dobre warunki atmosferyczne,Światło dzienne,Zderzenie pojazdów boczne,1,0,0,Nieokreślone (puste pole),N,,,,,,,,,,,,,,,,,,
EWK-98300272J,2014,2014-07-01,5,POWIAT WĘGROWSKI,ŁOCHÓW - OBSZAR WIEJSKI,Droga krajowa,50,Jednojezdniowa dwukierunkowa,,Obszar niezabudowany,"21,7744444444444","52,6461111111111",Jezdnia,Pochmurno,Światło dzienne,Zderzenie pojazdów czołowe,1,0,2,Lekko,T,,,,,,,,,,,,,,,,,,
EWK-98300272J,2014,2014-07-01,5,POWIAT WĘGROWSKI,ŁOCHÓW - OBSZAR WIEJSKI,Droga krajowa,50,Jednojezdniowa dwukierunkowa,,Obszar niezabudowany,"21,7744444444444","52,6461111111111",Jezdnia,Pochmurno,Światło dzienne,Zderzenie pojazdów czołowe,1,0,0,Nieokreślone (puste pole),T,,,,,,,,,,,,,,,,,,
EWK-98343300U,2014,2014-07-01,9,POWIAT GARWOLIŃSKI,ŻELECHÓW - OBSZAR WIEJSKI,Droga wojewódzka,807,Jednojezdniowa dwukierunkowa,Odcinek prosty,Obszar zabudowany,"21,8747222222222","51,8369444444444",Jezdnia,Pochmurno,Światło dzienne,Zderzenie pojazdów tylne,1,0,1,Lekko,N,,,,,,,,,,,,,,,,,,
EWK-98343300U,2014,2014-07-01,9,POWIAT GARWOLIŃSKI,ŻELECHÓW - OBSZAR WIEJSKI,Droga wojewódzka,807,Jednojezdniowa dwukierunkowa,Odcinek prosty,Obszar zabudowany,"21,8747222222222","51,8369444444444",Jezdnia,Pochmurno,Światło dzienne,Zderzenie pojazdów tylne,1,0,0,Nieokreślone (puste pole),N,,,,,,,,,,,,,,,,,,
EWK-98300846R,2014,2014-07-02,13,POWIAT RADOM,RADOM - OBSZAR MIEJSKI,Droga powiatowa,P5347W,Jednojezdniowa dwukierunkowa,Odcinek prosty,Obszar zabudowany,"21,2630555555556","51,4319444444444",Jezdnia,Dobre warunki atmosferyczne,Światło dzienne,Najechanie na pieszego,1,0,1,Ciężko,N,,,,,,,,,,,,,,,,,,