IDKSIP,year,date,hour,district,district_commune,road_category,road_number,type_of_road,road_geometry,area,Longitude,Latitude,char_place_of_the_event,weather_conditions,lighting,type_of_accident,num_of_accidents,num_of_fatalities,num_of_injured,type_of_injury,is_offender_intoxicated,,,,,,,,,,,,,,,,,,
EWK-98300846R,2014,2014-07-02,13,POWIAT RADOM,RADOM - OBSZAR MIEJSKI,Droga powiatowa,P5347W,Jednojezdniowa dwukierunkowa,Odcinek prosty,Obszar zabudowany,"21,2630555555556","51,4319444444444",Jezdnia,Dobre warunki atmosferyczne,Światło dzienne,Najechanie na pieszego,1,0,0,Nieokreślone (puste pole),N,,,,,,,,,,,,,,,,,,
EWK-98301539E,2014,2014-07-02,14,POWIAT PŁOCK,PŁOCK - OBSZAR MIEJSKI,Droga gminna,GMINNA,Jednokierunkowa,Odcinek prosty,Obszar zabudowany,"19,8977777777778","52,6008333333333",Jezdnia,Dobre warunki atmosferyczne,Światło dzienne,Najechanie na pieszego,1,0,1,Lekko,N,,,,,,,,,,,,,,,,,,
EWK-98301539E,2014,2014-07-02,14,POWIAT PŁOCK,PŁOCK - OBSZAR MIEJSKI,Droga gminna,GMINNA,Jednokierunkowa,Odcinek prosty,Obszar zabudowany,"19,8977777777778","52,6008333333333",Jezdnia,Dobre warunki atmosferyczne,Światło dzienne,Najechanie na pieszego,1,0,0,Nieokreślone (puste pole),N,,,,,,,,,,,,,,,,,,
EWK-98302861Y,2014,2014-07-02,7,POWIAT RADOM,RADOM - OBSZAR MIEJSKI,Droga powiatowa,P5306W,Jednokierunkowa,Odcinek prosty,Obszar zabudowany,"21,2877777777778","51,47",Przejście dla pieszych,Dobre warunki atmosferyczne,Światło dzienne,Najechanie na pieszego,1,0,1,Lekko,N,,,,,,,,,,,,,,,,,,
EWK-98302861Y,2014,2014-07-02,7,POWIAT RADOM,RADOM - OBSZAR MIEJSKI,Droga powiatowa,P5306W,Jednokierunkowa,Odcinek prosty,Obszar zabudowany,"21,2877777777778","51,47",Przejście dla pieszych,Dobre warunki atmosferyczne,Światło dzienne,Najechanie na pieszego,1,0,0,Nieokreślone (puste pole),N,,,,,,,,,,,,,,,,,,
EWK-98301981J,2014,2014-07-02,17,POWIAT PRZASNYSKI,PRZASNYSZ - OBSZAR WIEJSKI,Droga gminna,GMINNA,Jednojezdniowa dwukierunkowa,Odcinek prosty,Obszar zabudowany,"20,9244444444444","53,1366666666667",Jezdnia,Opady deszczu,Światło dzienne,Zderzenie pojazdów boczne,1,0,1,Lekko,N,,,,,,,,,,,,,,,,,,
EWK-98301981J,2014,2014-07-02,17,POWIAT PRZASNYSKI,PRZASNYSZ - OBSZAR WIEJSKI,Droga gminna,GMINNA,Jednojezdniowa dwukierunkowa,Odcinek prosty,Obszar zabudowany,"20,9244444444444","53,1366666666667",Jezdnia,Opady deszczu,Światło dzienne,Zderzenie pojazdów boczne,1,0,0,Nieokreślone (puste pole),N,,,,,,,,,,,,,,,,,,
EWK-98304946U,2014,2014-07-03,13,POWIAT ŻYRARDOWSKI,ŻYRARDÓW - OBSZAR MIEJSKI,Droga gminna,GMINNA,Jednojezdniowa dwukierunkowa,,Obszar zabudowany,"20,52","52,0911111111111",Przejście dla pieszych,Dobre warunki atmosferyczne,Światło dzienne,Najechanie na pieszego,1,0,1,Lekko,N,,,,,,,,,,,,,,,,,,
EWK-98304946U,2014,2014-07-03,13,POWIAT ŻYRARDOWSKI,ŻYRARDÓW - OBSZAR MIEJSKI,Droga gminna,GMINNA,Jednojezdniowa dwukierunkowa,,Obszar zabudowany,"20,52","52,0911111111111",Przejście dla pieszych,Dobre warunki atmosferyczne,Światło dzienne,Najechanie na pieszego,1,0,0,Nieokreślone (puste pole),N,,,,,,,,,,,,,,,,,,
EWK-98303895E,2014,2014-07-03,19,POWIAT KOZIENICKI,MAGNUSZEW - OBSZAR WIEJSKI,Droga wojewódzka,W736,Jednojezdniowa dwukierunkowa,Odcinek prosty,Obszar zabudowany,"21,3213888888889","51,9213888888889",Jezdnia,Dobre warunki atmosferyczne,Światło dzienne,Zderzenie pojazdów tylne,1,0,1,Lekko,N,,,,,,,,,,,,,,,,,,
EWK-98303895E,2014,2014-07-03,19,POWIAT KOZIENICKI,MAGNUSZEW - OBSZAR WIEJSKI,Droga wojewódzka,W736,Jednojezdniowa dwukierunkowa,Odcinek prosty,Obszar zabudowany,"21,3213888888889","51,9213888888889",Jezdnia,Dobre warunki atmosferyczne,Światło dzienne,Zderzenie pojazdów tylne,1,0,0,Nieokreślone (puste pole),N,,,,,,,,,,,,,,,,,,
EWK-98345122L,2014,2014-07-03,17,POWIAT GARWOLIŃSKI,GARWOLIN - OBSZAR MIEJSKI,Droga gminna,GMINNA,Jednojezdniowa dwukierunkowa,,Obszar zabudowany,"21,7555555555556","51,9958333333333",Jezdnia,Dobre warunki atmosferyczne,Światło dzienne,Zderzenie pojazdów tylne,1,0,2,Lekko,N,,,,,,,,,,,,,,,,,,
EWK-98308973L,2014,2014-07-04,22,POWIAT PŁOŃSKI,PŁOŃSK - OBSZAR MIEJSKI,Droga powiatowa,P3078W,Jednojezdniowa dwukierunkowa,Odcinek prosty,Obszar zabudowany,"20,3813888888889","52,6547222222222",Przejście dla pieszych,Dobre warunki atmosferyczne,Noc - droga oświetlona,Najechanie na pieszego,1,0,1,Ciężko,N,,,,,,,,,,,,,,,,,,
EWK-98308973L,2014,2014-07-04,22,POWIAT PŁOŃSKI,PŁOŃSK - OBSZAR MIEJSKI,Droga powiatowa,P3078W,Jednojezdniowa dwukierunkowa,Odcinek prosty,Obszar zabudowany,"20,3813888888889","52,6547222222222",Przejście dla pieszych,Dobre warunki atmosferyczne,Noc - droga oświetlona,Najechanie na pieszego,1,0,0,Nieokreślone (puste pole),N,,,,,,,,,,,,,,,,,,
EWK-98306636H,2014,2014-07-04,14,POWIAT RADOM,RADOM - OBSZAR MIEJSKI,Droga powiatowa,P5347W,Jednojezdniowa dwukierunkowa,Odcinek prosty,Obszar zabudowany,"21,3005555555556","51,5488888888889",Jezdnia,Dobre warunki atmosferyczne,Światło dzienne,Najechanie na pieszego,1,0,1,Lekko,N,,,,,,,,,,,,,,,,,,
EWK-98306636H,2014,2014-07-04,14,POWIAT RADOM,RADOM - OBSZAR MIEJSKI,Droga powiatowa,P5347W,Jednojezdniowa dwukierunkowa,Odcinek prosty,Obszar zabudowany,"21,3005555555556","51,5488888888889",Jezdnia,Dobre warunki atmosferyczne,Światło dzienne,Najechanie na pieszego,1,0,0,Nieokreślone (puste pole),N,,,,,,,,,,,,,,,,,,
EWK-98305482D,2014,2014-07-04,12,POWIAT BIAŁOBRZESKI,WYŚMIERZYCE - OBSZAR WIEJSKI,Droga gminna,GMINNA,Jednojezdniowa dwukierunkowa,"Zakręt, łuk; Spadek",Obszar zabudowany,"20,9255555555556","51,7511111111111",Pobocze,Dobre warunki atmosferyczne,Światło dzienne,"Najechanie na słup, znak",1,0,1,Lekko,N,,,,,,,,,,,,,,,,,,
EWK-98304511G,2014,2014-07-04,18,POWIAT WĘGROWSKI,ŁOCHÓW - OBSZAR WIEJSKI,Droga krajowa,50,Jednojezdniowa dwukierunkowa,Odcinek prosty,Obszar niezabudowany,"21,7708333333333","52,5863888888889","Skarpa, rów",Dobre warunki atmosferyczne,Światło dzienne,Zdarzenie z pasażerem,1,0,1,Lekko,N,,,,,,,,,,,,,,,,,,
EWK-98304511G,2014,2014-07-04,18,POWIAT WĘGROWSKI,ŁOCHÓW - OBSZAR WIEJSKI,Droga krajowa,50,Jednojezdniowa dwukierunkowa,Odcinek prosty,Obszar niezabudowany,"21,7708333333333","52,5863888888889","Skarpa, rów",Dobre warunki atmosferyczne,Światło dzienne,Zdarzenie z pasażerem,1,0,0,Nieokreślone (puste pole),N,,,,,,,,,,,,,,,,,,
EWK-98307720P,2014,2014-07-04,18,POWIAT PŁOŃSKI,NARUSZEWO - OBSZAR WIEJSKI,Droga powiatowa,P3055W,Jednojezdniowa dwukierunkowa,Odcinek prosty,Obszar zabudowany,"20,5169444444444","52,6172222222222",Jezdnia,Dobre warunki atmosferyczne,Światło dzienne,Zderzenie pojazdów boczne,1,0,1,Lekko,N,,,,,,,,,,,,,,,,,,
EWK-98307720P,2014,2014-07-04,18,POWIAT PŁOŃSKI,NARUSZEWO - OBSZAR WIEJSKI,Droga powiatowa,P3055W,Jednojezdniowa dwukierunkowa,Odcinek prosty,Obszar zabudowany,"20,5169444444444","52,6172222222222",Jezdnia,Dobre warunki atmosferyczne,Światło dzienne,Zderzenie pojazdów boczne,1,0,0,Nieokreślone (puste pole),N,,,,,,,,,,,,,,,,,,
EWK-98309587Y,2014,2014-07-04,9,POWIAT PŁOŃSKI,RACIĄŻ - OBSZAR WIEJSKI,Droga krajowa,60,Dwie jezdnie jednokierunkowe,Odcinek prosty,Obszar zabudowany,"20,2552777777778","52,7966666666667",Jezdnia,Dobre warunki atmosferyczne,Światło dzienne,Zderzenie pojazdów boczne,1,0,1,Lekko,N,,,,,,,,,,,,,,,,,,
EWK-98309587Y,2014,2014-07-04,9,POWIAT PŁOŃSKI,RACIĄŻ - OBSZAR WIEJSKI,Droga krajowa,60,Dwie jezdnie jednokierunkowe,Odcinek prosty,Obszar zabudowany,"20,2552777777778","52,7966666666667",Jezdnia,Dobre warunki atmosferyczne,Światło dzienne,Zderzenie pojazdów boczne,1,0,0,Nieokreślone (puste pole),N,,,,,,,,,,,,,,,,,,
EWK-98309782L,2014,2014-07-04,14,POWIAT PUŁTUSKI,PUŁTUSK - OBSZAR MIEJSKI,Droga wojewódzka,618,Jednojezdniowa dwukierunkowa,Odcinek prosty,Obszar zabudowany,"21,1194444444444","52,8216666666667",Jezdnia,Dobre warunki atmosferyczne,Światło dzienne,Zderzenie pojazdów boczne,1,0,1,Lekko,N,,,,,,,,,,,,,,,,,,
EWK-98309782L,2014,2014-07-04,14,POWIAT PUŁTUSKI,PUŁTUSK - OBSZAR MIEJSKI,Droga wojewódzka,618,Jednojezdniowa dwukierunkowa,Odcinek prosty,Obszar zabudowany,"21,1194444444444","52,8216666666667",Jezdnia,Dobre warunki atmosferyczne,Światło dzienne,Zderzenie pojazdów boczne,1,0,0,Nieokreślone (puste pole),N,,,,,,,,,,,,,,,,,,
EWK-98306559M,2014,2014-07-04,14,POWIAT PŁOCK,PŁOCK - OBSZAR MIEJSKI,Droga powiatowa,P,Jednojezdniowa dwukierunkowa,,Obszar zabudowany,"19,7047222222222","52,5869444444444",Przejście dla pieszych,Dobre warunki atmosferyczne,Światło dzienne,Zderzenie pojazdów boczne,1,0,1,Lekko,N,,,,,,,,,,,,,,,,,,
EWK-98306559M,2014,2014-07-04,14,POWIAT PŁOCK,PŁOCK - OBSZAR MIEJSKI,Droga powiatowa,P,Jednojezdniowa dwukierunkowa,,Obszar zabudowany,"19,7047222222222","52,5869444444444",Przejście dla pieszych,Dobre warunki atmosferyczne,Światło dzienne,Zderzenie pojazdów boczne,1,0,0,Nieokreślone (puste pole),N,,,,,,,,,,,,,,,,,,
EWK-98306601E,2014,2014-07-04,18,POWIAT PŁOCK,PŁOCK - OBSZAR MIEJSKI,Droga powiatowa,P,Jednojezdniowa dwukierunkowa,Odcinek prosty,Obszar zabudowany,"19,705","52,5252777777778",Jezdnia,Dobre warunki atmosferyczne,Światło dzienne,Zderzenie pojazdów czołowe,1,0,1,Lekko,N,,,,,,,,,,,,,,,,,,
EWK-98306601E,2014,2014-07-04,18,POWIAT PŁOCK,PŁOCK - OBSZAR MIEJSKI,Droga powiatowa,P,Jednojezdniowa dwukierunkowa,Odcinek prosty,Obszar zabudowany,"19,705","52,5252777777778",Jezdnia,Dobre warunki atmosferyczne,Światło dzienne,Zderzenie pojazdów czołowe,1,0,0,Nieokreślone (puste pole),N,,,,,,,,,,,,,,,,,,
EWK-98329915C,2014,2014-07-04,20,POWIAT PŁOCKI,DROBIN - OBSZAR WIEJSKI,Droga gminna,GMINNA,Jednojezdniowa dwukierunkowa,Odcinek prosty,Obszar niezabudowany,"20,1202777777778","52,695",Jezdnia,Dobre warunki atmosferyczne,Światło dzienne,Zderzenie pojazdów czołowe,1,0,1,Lekko,N,,,,,,,,,,,,,,,,,,
EWK-98329915C,2014,2014-07-04,20,POWIAT PŁOCKI,DROBIN - OBSZAR WIEJSKI,Droga gminna,GMINNA,Jednojezdniowa dwukierunkowa,Odcinek prosty,Obszar niezabudowany,"20,1202777777778","52,695",Jezdnia,Dobre warunki atmosferyczne,Światło dzienne,Zderzenie pojazdów czołowe,1,0,0,Nieokreślone (puste pole),N,,,,,,,,,,,,,,,,,,
EWK-98306605F,2014,2014-07-04,22,POWIAT RADOMSKI,PRZYTYK - OBSZAR WIEJSKI,Droga wojewódzka,740,Jednojezdniowa dwukierunkowa,Odcinek prosty,Obszar niezabudowany,"20,9547222222222","51,5808333333333",Jezdnia,Dobre warunki atmosferyczne,Noc - droga nieoświetlona,Zderzenie pojazdów tylne,1,0,1,Lekko,N,,,,,,,,,,,,,,,,,,
EWK-98306605F,2014,2014-07-04,22,POWIAT RADOMSKI,PRZYTYK - OBSZAR WIEJSKI,Droga wojewódzka,740,Jednojezdniowa dwukierunkowa,Odcinek prosty,Obszar niezabudowany,"20,9547222222222","51,5808333333333",Jezdnia,Dobre warunki atmosferyczne,Noc - droga nieoświetlona,Zderzenie pojazdów tylne,1,0,0,Nieokreślone (puste pole),N,,,,,,,,,,,,,,,,,,
EWK-98345194J,2014,2014-07-04,13,POWIAT GARWOLIŃSKI,PILAWA - OBSZAR WIEJSKI,Droga krajowa,17,Jednojezdniowa dwukierunkowa,Odcinek prosty,Obszar niezabudowany,"21,6411111111111","51,985",Jezdnia,Dobre warunki atmosferyczne,Światło dzienne,Zderzenie pojazdów tylne,1,0,1,Ciężko,N,,,,,,,,,,,,,,,,,,
EWK-98345194J,2014,2014-07-04,13,POWIAT GARWOLIŃSKI,PILAWA - OBSZAR WIEJSKI,Droga krajowa,17,Jednojezdniowa dwukierunkowa,Odcinek prosty,Obszar niezabudowany,"21,6411111111111","51,985",Jezdnia,Dobre warunki atmosferyczne,Światło dzienne,Zderzenie pojazdów tylne,1,0,0,Nieokreślone (puste pole),N,,,,,,,,,,,,,,,,,,
EWK-98304703F,2014,2014-07-04,14,POWIAT PŁOCK,PŁOCK - OBSZAR MIEJSKI,Droga gminna,GMINNA,Jednojezdniowa dwukierunkowa,,Obszar niezabudowany,"19,8680555555556","52,5775",Jezdnia,Oślepiające słońce,Światło dzienne,Zderzenie pojazdów tylne,1,0,1,Ciężko,N,,,,,,,,,,,,,,,,,,
EWK-98304703F,2014,2014-07-04,14,POWIAT PŁOCK,PŁOCK - OBSZAR MIEJSKI,Droga gminna,GMINNA,Jednojezdniowa dwukierunkowa,,Obszar niezabudowany,"19,8680555555556","52,5775",Jezdnia,Oślepiające słońce,Światło dzienne,Zderzenie pojazdów tylne,1,0,0,Nieokreślone (puste pole),N,,,,,,,,,,,,,,,,,,
EWK-98306643N,2014,2014-07-05,17,POWIAT RADOM,RADOM - OBSZAR MIEJSKI,Droga gminna,G530034W,Jednojezdniowa dwukierunkowa,Odcinek prosty,Obszar zabudowany,"21,2011111111111","51,4091666666667",Jezdnia,Dobre warunki atmosferyczne,Światło dzienne,Najechanie na pieszego,1,0,1,Lekko,N,,,,,,,,,,,,,,,,,,
EWK-98306643N,2014,2014-07-05,17,POWIAT RADOM,RADOM - OBSZAR MIEJSKI,Droga gminna,G530034W,Jednojezdniowa dwukierunkowa,Odcinek prosty,Obszar zabudowany,"21,2011111111111","51,4091666666667",Jezdnia,Dobre warunki atmosferyczne,Światło dzienne,Najechanie na pieszego,1,0,0,Nieokreślone (puste pole),N,,,,,,,,,,,,,,,,,,
EWK-98309595R,2014,2014-07-05,19,POWIAT SIEDLECKI,MORDY - OBSZAR WIEJSKI,Droga wojewódzka,698,Jednojezdniowa dwukierunkowa,Odcinek prosty,Obszar niezabudowany,"22,5627777777778","52,2505555555556",Jezdnia,Dobre warunki atmosferyczne,Światło dzienne,Wywrócenie się pojazdu,1,0,1,Lekko,N,,,,,,,,,,,,,,,,,,
EWK-98309595R,2014,2014-07-05,19,POWIAT SIEDLECKI,MORDY - OBSZAR WIEJSKI,Droga wojewódzka,698,Jednojezdniowa dwukierunkowa,Odcinek prosty,Obszar niezabudowany,"22,5627777777778","52,2505555555556",Jezdnia,Dobre warunki atmosferyczne,Światło dzienne,Wywrócenie się pojazdu,1,0,0,Nieokreślone (puste pole),N,,,,,,,,,,,,,,,,,,
EWK-98315443F,2014,2014-07-05,18,POWIAT PŁOCKI,BULKOWO - OBSZAR WIEJSKI,Droga powiatowa,P2932W,Jednojezdniowa dwukierunkowa,Odcinek prosty,Obszar zabudowany,"20,0275","52,6597222222222",Jezdnia,Dobre warunki atmosferyczne,Światło dzienne,Wywrócenie się pojazdu,1,0,1,Lekko,T,,,,,,,,,,,,,,,,,,
EWK-98304338F,2014,2014-07-05,21,POWIAT SOCHACZEWSKI,SOCHACZEW - OBSZAR WIEJSKI,Droga krajowa,K92S,Jednojezdniowa dwukierunkowa,,Obszar niezabudowany,"20,3638888888889","52,2888888888889",Jezdnia,Dobre warunki atmosferyczne,Noc - droga oświetlona,Zderzenie pojazdów boczne,1,0,1,Ciężko,N,,,,,,,,,,,,,,,,,,
EWK-98304338F,2014,2014-07-05,21,POWIAT SOCHACZEWSKI,SOCHACZEW - OBSZAR WIEJSKI,Droga krajowa,K92S,Jednojezdniowa dwukierunkowa,,Obszar niezabudowany,"20,3638888888889","52,2888888888889",Jezdnia,Dobre warunki atmosferyczne,Noc - droga oświetlona,Zderzenie pojazdów boczne,1,0,0,Nieokreślone (puste pole),N,,,,,,,,,,,,,,,,,,
EWK-98306499L,2014,2014-07-05,11,POWIAT RADOMSKI,PRZYTYK - OBSZAR WIEJSKI,Droga wojewódzka,740,Jednojezdniowa dwukierunkowa,,Obszar zabudowany,"21,0177777777778","51,6086111111111",Jezdnia,Dobre warunki atmosferyczne,Światło dzienne,Zderzenie pojazdów boczne,1,0,1,Lekko,N,,,,,,,,,,,,,,,,,,
EWK-98306499L,2014,2014-07-05,11,POWIAT RADOMSKI,PRZYTYK - OBSZAR WIEJSKI,Droga wojewódzka,740,Jednojezdniowa dwukierunkowa,,Obszar zabudowany,"21,0177777777778","51,6086111111111",Jezdnia,Dobre warunki atmosferyczne,Światło dzienne,Zderzenie pojazdów boczne,1,0,0,Nieokreślone (puste pole),N,,,,,,,,,,,,,,,,,,
EWK-98306631R,2014,2014-07-05,14,POWIAT PŁOCK,PŁOCK - OBSZAR MIEJSKI,Droga wojewódzka,567,Dwie jezdnie jednokierunkowe,,Obszar zabudowany,"19,7997222222222","52,5552777777778",Jezdnia,Dobre warunki atmosferyczne,Światło dzienne,Zderzenie pojazdów czołowe,1,0,1,Lekko,N,,,,,,,,,,,,,,,,,,
EWK-98306631R,2014,2014-07-05,14,POWIAT PŁOCK,PŁOCK - OBSZAR MIEJSKI,Droga wojewódzka,567,Dwie jezdnie jednokierunkowe,,Obszar zabudowany,"19,7997222222222","52,5552777777778",Jezdnia,Dobre warunki atmosferyczne,Światło dzienne,Zderzenie pojazdów czołowe,1,0,0,Nieokreślone (puste pole),N,,,,,,,,,,,,,,,,,,
EWK-98307383C,2014,2014-07-05,18,POWIAT OSTROWSKI,WĄSEWO - OBSZAR WIEJSKI,Droga krajowa,60,Jednojezdniowa dwukierunkowa,Odcinek prosty,Obszar niezabudowany,"21,7922222222222","52,9911111111111",Jezdnia,Dobre warunki atmosferyczne,Światło dzienne,Zderzenie pojazdów tylne,1,0,1,Ciężko,N,,,,,,,,,,,,,,,,,,
EWK-98307383C,2014,2014-07-05,18,POWIAT OSTROWSKI,WĄSEWO - OBSZAR WIEJSKI,Droga krajowa,60,Jednojezdniowa dwukierunkowa,Odcinek prosty,Obszar niezabudowany,"21,7922222222222","52,9911111111111",Jezdnia,Dobre warunki atmosferyczne,Światło dzienne,Zderzenie pojazdów tylne,1,0,0,Nieokreślone (puste pole),N,,,,,,,,,,,,,,,,,,
EWK-98306645C,2014,2014-07-05,14,POWIAT PŁOCKI,STAROŹREBY - OBSZAR WIEJSKI,Droga krajowa,10,Jednojezdniowa dwukierunkowa,Odcinek prosty,Obszar zabudowany,"20,2225","52,7169444444444","Wjazd, wyjazd z posesji, pola",Dobre warunki atmosferyczne,Światło dzienne,Zderzenie pojazdów tylne,1,0,1,Lekko,N,,,,,,,,,,,,,,,,,,
EWK-98306645C,2014,2014-07-05,14,POWIAT PŁOCKI,STAROŹREBY - OBSZAR WIEJSKI,Droga krajowa,10,Jednojezdniowa dwukierunkowa,Odcinek prosty,Obszar zabudowany,"20,2225","52,7169444444444","Wjazd, wyjazd z posesji, pola",Dobre warunki atmosferyczne,Światło dzienne,Zderzenie pojazdów tylne,1,0,0,Nieokreślone (puste pole),N,,,,,,,,,,,,,,,,,,
EWK-98308620E,2014,2014-07-05,13,POWIAT RADOMSKI,IŁŻA - OBSZAR WIEJSKI,Droga krajowa,9,Jednojezdniowa dwukierunkowa,,Obszar zabudowany,"21,2816666666667","51,125",Jezdnia,Oślepiające słońce,Światło dzienne,Zderzenie pojazdów boczne,1,0,1,Lekko,N,,,,,,,,,,,,,,,,,,
EWK-98308620E,2014,2014-07-05,13,POWIAT RADOMSKI,IŁŻA - OBSZAR WIEJSKI,Droga krajowa,9,Jednojezdniowa dwukierunkowa,,Obszar zabudowany,"21,2816666666667","51,125",Jezdnia,Oślepiające słońce,Światło dzienne,Zderzenie pojazdów boczne,1,0,0,Nieokreślone (puste pole),N,,,,,,,,,,,,,,,,,,
EWK-98306294T,2014,2014-07-06,21,POWIAT SOCHACZEWSKI,MŁODZIESZYN - OBSZAR WIEJSKI,Droga krajowa,50,Jednojezdniowa dwukierunkowa,"Zakręt, łuk",Obszar niezabudowany,"20,2916666666667","52,4369444444445",Jezdnia,Dobre warunki atmosferyczne,"Zmrok, świt",Najechanie na barierę ochronną,1,0,1,Lekko,N,,,,,,,,,,,,,,,,,,
EWK-98306294T,2014,2014-07-06,21,POWIAT SOCHACZEWSKI,MŁODZIESZYN - OBSZAR WIEJSKI,Droga krajowa,50,Jednojezdniowa dwukierunkowa,"Zakręt, łuk",Obszar niezabudowany,"20,2916666666667","52,4369444444445",Jezdnia,Dobre warunki atmosferyczne,"Zmrok, świt",Najechanie na barierę ochronną,1,0,0,Nieokreślone (puste pole),N,,,,,,,,,,,,,,,,,,
EWK-98345204W,2014,2014-07-06,20,POWIAT GARWOLIŃSKI,PILAWA - OBSZAR WIEJSKI,Droga wojewódzka,805,Jednojezdniowa dwukierunkowa,Odcinek prosty,Obszar zabudowany,"21,5169444444444","52,0611111111111",Jezdnia,Dobre warunki atmosferyczne,Noc - droga nieoświetlona,Najechanie na drzewo,1,0,1,Ciężko,N,,,,,,,,,,,,,,,,,,
EWK-98345204W,2014,2014-07-06,20,POWIAT GARWOLIŃSKI,PILAWA - OBSZAR WIEJSKI,Droga wojewódzka,805,Jednojezdniowa dwukierunkowa,Odcinek prosty,Obszar zabudowany,"21,5169444444444","52,0611111111111",Jezdnia,Dobre warunki atmosferyczne,Noc - droga nieoświetlona,Najechanie na drzewo,1,0,0,Nieokreślone (puste pole),N,,,,,,,,,,,,,,,,,,
EWK-98316184K,2014,2014-07-06,1,POWIAT ŻYRARDOWSKI,PUSZCZA MARIAŃSKA - OBSZAR WIEJSKI,Droga powiatowa,P4718W,Jednojezdniowa dwukierunkowa,Odcinek prosty,Obszar zabudowany,"20,4116666666667","52,0505555555556",Jezdnia,Dobre warunki atmosferyczne,Noc - droga nieoświetlona,Najechanie na pieszego,1,0,1,Lekko,N,,,,,,,,,,,,,,,,,,
EWK-98316184K,2014,2014-07-06,1,POWIAT ŻYRARDOWSKI,PUSZCZA MARIAŃSKA - OBSZAR WIEJSKI,Droga powiatowa,P4718W,Jednojezdniowa dwukierunkowa,Odcinek prosty,Obszar zabudowany,"20,4116666666667","52,0505555555556",Jezdnia,Dobre warunki atmosferyczne,Noc - droga nieoświetlona,Najechanie na pieszego,1,0,0,Nieokreślone (puste pole),N,,,,,,,,,,,,,,,,,,
EWK-98304520G,2014,2014-07-06,23,POWIAT RADOMSKI,GÓZD - OBSZAR WIEJSKI,Droga krajowa,12,Jednojezdniowa dwukierunkowa,Odcinek prosty,Obszar zabudowany,"21,5113888888889","51,4841666666667",Przejście dla pieszych,Dobre warunki atmosferyczne,Noc - droga oświetlona,Najechanie na pieszego,1,0,1,Ciężko,T,,,,,,,,,,,,,,,,,,
EWK-98304520G,2014,2014-07-06,23,POWIAT RADOMSKI,GÓZD - OBSZAR WIEJSKI,Droga krajowa,12,Jednojezdniowa dwukierunkowa,Odcinek prosty,Obszar zabudowany,"21,5113888888889","51,4841666666667",Przejście dla pieszych,Dobre warunki atmosferyczne,Noc - droga oświetlona,Najechanie na pieszego,1,0,0,Nieokreślone (puste pole),T,,,,,,,,,,,,,,,,,,
EWK-98306572K,2014,2014-07-06,21,POWIAT RADOMSKI,SKARYSZEW - OBSZAR WIEJSKI,Droga krajowa,9,Jednojezdniowa dwukierunkowa,Odcinek prosty,Obszar zabudowany,"21,2769444444444","51,3852777777778",Jezdnia,Dobre warunki atmosferyczne,"Zmrok, świt",Najechanie na pieszego,1,0,1,Lekko,N,,,,,,,,,,,,,,,,,,
EWK-98306572K,2014,2014-07-06,21,POWIAT RADOMSKI,SKARYSZEW - OBSZAR WIEJSKI,Droga krajowa,9,Jednojezdniowa dwukierunkowa,Odcinek prosty,Obszar zabudowany,"21,2769444444444","51,3852777777778",Jezdnia,Dobre warunki atmosferyczne,"Zmrok, świt",Najechanie na pieszego,1,0,0,Nieokreślone (puste pole),N,,,,,,,,,,,,,,,,,,
EWK-98306785U,2014,2014-07-06,15,POWIAT PRZASNYSKI,KRZYNOWŁOGA MAŁA - OBSZAR WIEJSKI,Droga krajowa,57,Jednojezdniowa dwukierunkowa,Odcinek prosty,Obszar niezabudowany,"20,8944444444444","53,2094444444445",Pobocze,Dobre warunki atmosferyczne,Światło dzienne,Zdarzenie z pasażerem,1,0,4,Lekko,N,,,,,,,,,,,,,,,,,,
EWK-98306660D,2014,2014-07-06,17,POWIAT RADOM,RADOM - OBSZAR MIEJSKI,Droga krajowa,12,Dwie jezdnie jednokierunkowe,Odcinek prosty,Obszar zabudowany,"21,1525","51,5055555555556","Chodnik, droga dla pieszych",Dobre warunki atmosferyczne,Światło dzienne,Zderzenie pojazdów boczne,1,0,1,Lekko,N,,,,,,,,,,,,,,,,,,
EWK-98306660D,2014,2014-07-06,17,POWIAT RADOM,RADOM - OBSZAR MIEJSKI,Droga krajowa,12,Dwie jezdnie jednokierunkowe,Odcinek prosty,Obszar zabudowany,"21,1525","51,5055555555556","Chodnik, droga dla pieszych",Dobre warunki atmosferyczne,Światło dzienne,Zderzenie pojazdów boczne,1,0,0,Nieokreślone (puste pole),N,,,,,,,,,,,,,,,,,,
EWK-98306649H,2014,2014-07-06,0,POWIAT RADOM,RADOM - OBSZAR MIEJSKI,Droga powiatowa,P5309W,Jednojezdniowa dwukierunkowa,Odcinek prosty,Obszar zabudowany,"21,1947222222222","51,4655555555556",Jezdnia,Dobre warunki atmosferyczne,Noc - droga oświetlona,Zderzenie pojazdów tylne,1,0,1,Lekko,N,,,,,,,,,,,,,,,,,,