IDKSIP,year,date,hour,district,district_commune,road_category,road_number,type_of_road,road_geometry,area,Longitude,Latitude,char_place_of_the_event,weather_conditions,lighting,type_of_accident,num_of_accidents,num_of_fatalities,num_of_injured,type_of_injury,is_offender_intoxicated,,,,,,,,,,,,,,,,,,
EWK-98306649H,2014,2014-07-06,0,POWIAT RADOM,RADOM - OBSZAR MIEJSKI,Droga powiatowa,P5309W,Jednojezdniowa dwukierunkowa,Odcinek prosty,Obszar zabudowany,"21,1947222222222","51,4655555555556",Jezdnia,Dobre warunki atmosferyczne,Noc - droga oświetlona,Zderzenie pojazdów tylne,1,0,0,Nieokreślone (puste pole),N,,,,,,,,,,,,,,,,,,
EWK-98308143R,2014,2014-07-06,4,POWIAT SIERPECKI,ZAWIDZ - OBSZAR WIEJSKI,Droga wojewódzka,561,Jednojezdniowa dwukierunkowa,Odcinek prosty,Obszar niezabudowany,"19,9741666666667","52,9327777777778",Jezdnia,Pochmurno,"Zmrok, świt",Najechanie na drzewo,1,1,0,Nieokreślone (puste pole),N,,,,,,,,,,,,,,,,,,
EWK-98305652A,2014,2014-07-06,22,POWIAT SOKOŁOWSKI,BIELANY - OBSZAR WIEJSKI,Droga powiatowa,36342W,Jednojezdniowa dwukierunkowa,"Zakręt, łuk",Obszar zabudowany,"22,3322222222222","52,3333333333333",Pobocze,Pochmurno,Noc - droga nieoświetlona,Wywrócenie się pojazdu,1,0,1,Lekko,N,,,,,,,,,,,,,,,,,,
EWK-98304787G,2014,2014-07-07,0,POWIAT OSTROWSKI,BROK - OBSZAR WIEJSKI,Droga gminna,GMINNA,Jednojezdniowa dwukierunkowa,Odcinek prosty,Obszar niezabudowany,"21,8491666666667","52,8505555555556",Jezdnia,Dobre warunki atmosferyczne,Noc - droga nieoświetlona,Najechanie na drzewo,1,0,2,Lekko,T,,,,,,,,,,,,,,,,,,
EWK-98309982N,2014,2014-07-07,11,POWIAT GARWOLIŃSKI,GÓRZNO - OBSZAR WIEJSKI,Droga krajowa,17,Jednojezdniowa dwukierunkowa,Odcinek prosty,Obszar niezabudowany,"21,7416666666667","51,9158333333333",Jezdnia,Dobre warunki atmosferyczne,Światło dzienne,Najechanie na drzewo,1,1,0,Nieokreślone (puste pole),N,,,,,,,,,,,,,,,,,,
EWK-98308036U,2014,2014-07-07,12,POWIAT RADOM,RADOM - OBSZAR MIEJSKI,Droga gminna,G530136W,Jednojezdniowa dwukierunkowa,Odcinek prosty,Obszar zabudowany,"21,1680555555556","51,4702777777778",Jezdnia,Dobre warunki atmosferyczne,Światło dzienne,Najechanie na pieszego,1,0,1,Lekko,N,,,,,,,,,,,,,,,,,,
EWK-98308036U,2014,2014-07-07,12,POWIAT RADOM,RADOM - OBSZAR MIEJSKI,Droga gminna,G530136W,Jednojezdniowa dwukierunkowa,Odcinek prosty,Obszar zabudowany,"21,1680555555556","51,4702777777778",Jezdnia,Dobre warunki atmosferyczne,Światło dzienne,Najechanie na pieszego,1,0,0,Nieokreślone (puste pole),N,,,,,,,,,,,,,,,,,,
EWK-98308063U,2014,2014-07-07,17,POWIAT RADOM,RADOM - OBSZAR MIEJSKI,Droga powiatowa,P5339W,Jednokierunkowa,Odcinek prosty,Obszar zabudowany,"21,1797222222222","51,4305555555556",Jezdnia,Dobre warunki atmosferyczne,Światło dzienne,Najechanie na pojazd unieruchomiony,1,0,1,Lekko,N,,,,,,,,,,,,,,,,,,
EWK-98308063U,2014,2014-07-07,17,POWIAT RADOM,RADOM - OBSZAR MIEJSKI,Droga powiatowa,P5339W,Jednokierunkowa,Odcinek prosty,Obszar zabudowany,"21,1797222222222","51,4305555555556",Jezdnia,Dobre warunki atmosferyczne,Światło dzienne,Najechanie na pojazd unieruchomiony,1,0,0,Nieokreślone (puste pole),N,,,,,,,,,,,,,,,,,,
EWK-98317093Q,2014,2014-07-07,13,POWIAT MAKOWSKI,KRASNOSIELC - OBSZAR WIEJSKI,Droga powiatowa,2132W,Jednojezdniowa dwukierunkowa,,Obszar zabudowany,"21,3391666666667","53,0352777777778",Jezdnia,Dobre warunki atmosferyczne,Światło dzienne,Zderzenie pojazdów boczne,1,0,1,Ciężko,N,,,,,,,,,,,,,,,,,,
EWK-98317093Q,2014,2014-07-07,13,POWIAT MAKOWSKI,KRASNOSIELC - OBSZAR WIEJSKI,Droga powiatowa,2132W,Jednojezdniowa dwukierunkowa,,Obszar zabudowany,"21,3391666666667","53,0352777777778",Jezdnia,Dobre warunki atmosferyczne,Światło dzienne,Zderzenie pojazdów boczne,1,0,0,Nieokreślone (puste pole),N,,,,,,,,,,,,,,,,,,
EWK-98308107U,2014,2014-07-07,10,POWIAT RADOM,RADOM - OBSZAR MIEJSKI,Droga powiatowa,P5320W,Jednojezdniowa dwukierunkowa,Odcinek prosty,Obszar zabudowany,"21,2911111111111","51,5475",Jezdnia,Dobre warunki atmosferyczne,Światło dzienne,Zderzenie pojazdów tylne,1,0,1,Lekko,N,,,,,,,,,,,,,,,,,,
EWK-98308107U,2014,2014-07-07,10,POWIAT RADOM,RADOM - OBSZAR MIEJSKI,Droga powiatowa,P5320W,Jednojezdniowa dwukierunkowa,Odcinek prosty,Obszar zabudowany,"21,2911111111111","51,5475",Jezdnia,Dobre warunki atmosferyczne,Światło dzienne,Zderzenie pojazdów tylne,1,0,0,Nieokreślone (puste pole),N,,,,,,,,,,,,,,,,,,
EWK-98308071A,2014,2014-07-08,2,POWIAT PŁOCKI,STARA BIAŁA - OBSZAR WIEJSKI,Droga gminna,GMINNA,Jednojezdniowa dwukierunkowa,Odcinek prosty,Obszar zabudowany,"19,7394444444444","52,6111111111111",Jezdnia,Dobre warunki atmosferyczne,Noc - droga nieoświetlona,Wywrócenie się pojazdu,1,0,2,Ciężko,T,,,,,,,,,,,,,,,,,,
EWK-98308071A,2014,2014-07-08,2,POWIAT PŁOCKI,STARA BIAŁA - OBSZAR WIEJSKI,Droga gminna,GMINNA,Jednojezdniowa dwukierunkowa,Odcinek prosty,Obszar zabudowany,"19,7394444444444","52,6111111111111",Jezdnia,Dobre warunki atmosferyczne,Noc - droga nieoświetlona,Wywrócenie się pojazdu,1,0,0,Nieokreślone (puste pole),T,,,,,,,,,,,,,,,,,,
EWK-98309959Y,2014,2014-07-08,19,POWIAT PRZASNYSKI,PRZASNYSZ - OBSZAR WIEJSKI,Droga powiatowa,2519W,Jednojezdniowa dwukierunkowa,Odcinek prosty,Obszar zabudowany,"20,9805555555556","53,1330555555556",Jezdnia,Dobre warunki atmosferyczne,Światło dzienne,Wywrócenie się pojazdu,1,0,1,Ciężko,N,,,,,,,,,,,,,,,,,,
EWK-98309618A,2014,2014-07-08,19,POWIAT PŁOCK,PŁOCK - OBSZAR MIEJSKI,Droga gminna,GMINNA,Jednojezdniowa dwukierunkowa,,Obszar zabudowany,"19,7047222222222","52,5597222222222",Jezdnia,Dobre warunki atmosferyczne,Światło dzienne,Zderzenie pojazdów boczne,1,0,1,Ciężko,N,,,,,,,,,,,,,,,,,,
EWK-98309618A,2014,2014-07-08,19,POWIAT PŁOCK,PŁOCK - OBSZAR MIEJSKI,Droga gminna,GMINNA,Jednojezdniowa dwukierunkowa,,Obszar zabudowany,"19,7047222222222","52,5597222222222",Jezdnia,Dobre warunki atmosferyczne,Światło dzienne,Zderzenie pojazdów boczne,1,0,0,Nieokreślone (puste pole),N,,,,,,,,,,,,,,,,,,
EWK-98309630W,2014,2014-07-08,20,POWIAT RADOM,RADOM - OBSZAR MIEJSKI,Droga gminna,G530107W,Jednojezdniowa dwukierunkowa,,Obszar zabudowany,"21,3708333333333","51,5341666666667",Jezdnia,Dobre warunki atmosferyczne,Światło dzienne,Zderzenie pojazdów boczne,1,0,1,Lekko,N,,,,,,,,,,,,,,,,,,
EWK-98309630W,2014,2014-07-08,20,POWIAT RADOM,RADOM - OBSZAR MIEJSKI,Droga gminna,G530107W,Jednojezdniowa dwukierunkowa,,Obszar zabudowany,"21,3708333333333","51,5341666666667",Jezdnia,Dobre warunki atmosferyczne,Światło dzienne,Zderzenie pojazdów boczne,1,0,0,Nieokreślone (puste pole),N,,,,,,,,,,,,,,,,,,
EWK-98316026J,2014,2014-07-08,13,POWIAT MŁAWSKI,STRZEGOWO - OBSZAR WIEJSKI,Droga krajowa,7,Jednojezdniowa dwukierunkowa,Odcinek prosty,Obszar niezabudowany,"20,4277777777778","53,0197222222222",Jezdnia,Dobre warunki atmosferyczne,Światło dzienne,Zderzenie pojazdów boczne,1,0,1,Lekko,N,,,,,,,,,,,,,,,,,,
EWK-98316026J,2014,2014-07-08,13,POWIAT MŁAWSKI,STRZEGOWO - OBSZAR WIEJSKI,Droga krajowa,7,Jednojezdniowa dwukierunkowa,Odcinek prosty,Obszar niezabudowany,"20,4277777777778","53,0197222222222",Jezdnia,Dobre warunki atmosferyczne,Światło dzienne,Zderzenie pojazdów boczne,1,0,0,Nieokreślone (puste pole),N,,,,,,,,,,,,,,,,,,
EWK-98309785T,2014,2014-07-08,13,POWIAT PUŁTUSKI,POKRZYWNICA - OBSZAR WIEJSKI,Droga krajowa,61,Jednojezdniowa dwukierunkowa,Odcinek prosty,Obszar niezabudowany,"21,2169444444444","52,7733333333333",Jezdnia,Dobre warunki atmosferyczne,Światło dzienne,Zderzenie pojazdów czołowe,1,0,1,Lekko,N,,,,,,,,,,,,,,,,,,
EWK-98309785T,2014,2014-07-08,13,POWIAT PUŁTUSKI,POKRZYWNICA - OBSZAR WIEJSKI,Droga krajowa,61,Jednojezdniowa dwukierunkowa,Odcinek prosty,Obszar niezabudowany,"21,2169444444444","52,7733333333333",Jezdnia,Dobre warunki atmosferyczne,Światło dzienne,Zderzenie pojazdów czołowe,1,0,0,Nieokreślone (puste pole),N,,,,,,,,,,,,,,,,,,
EWK-98307329G,2014,2014-07-08,9,POWIAT SOKOŁOWSKI,SOKOŁÓW PODLASKI - OBSZAR WIEJSKI,Droga wojewódzka,627,Jednojezdniowa dwukierunkowa,Odcinek prosty,Obszar niezabudowany,"22,2258333333333","52,5791666666667",Jezdnia,Dobre warunki atmosferyczne,Światło dzienne,Zderzenie pojazdów tylne,1,1,0,Nieokreślone (puste pole),N,,,,,,,,,,,,,,,,,,
EWK-98317388U,2014,2014-07-08,18,POWIAT SIERPECKI,GOZDOWO - OBSZAR WIEJSKI,Droga powiatowa,P3758W,Jednojezdniowa dwukierunkowa,Odcinek prosty,Obszar niezabudowany,"19,9277777777778","52,785",Jezdnia,Dobre warunki atmosferyczne,Światło dzienne,Zderzenie pojazdów tylne,1,0,1,Lekko,T,,,,,,,,,,,,,,,,,,
EWK-98317388U,2014,2014-07-08,18,POWIAT SIERPECKI,GOZDOWO - OBSZAR WIEJSKI,Droga powiatowa,P3758W,Jednojezdniowa dwukierunkowa,Odcinek prosty,Obszar niezabudowany,"19,9277777777778","52,785",Jezdnia,Dobre warunki atmosferyczne,Światło dzienne,Zderzenie pojazdów tylne,1,0,0,Nieokreślone (puste pole),T,,,,,,,,,,,,,,,,,,
EWK-98317219U,2014,2014-07-09,21,POWIAT KOZIENICKI,KOZIENICE - OBSZAR WIEJSKI,Droga powiatowa,P1712W,Jednojezdniowa dwukierunkowa,Odcinek prosty,Obszar niezabudowany,"21,4086111111111","51,7088888888889",Pobocze,Dobre warunki atmosferyczne,Noc - droga oświetlona,Wywrócenie się pojazdu,1,0,1,Ciężko,T,,,,,,,,,,,,,,,,,,
EWK-98318320N,2014,2014-07-09,21,POWIAT GRÓJECKI,GRÓJEC - OBSZAR WIEJSKI,Droga krajowa,50,Jednojezdniowa dwukierunkowa,Odcinek prosty,Obszar niezabudowany,"20,9288888888889","51,8872222222222",Jezdnia,Dobre warunki atmosferyczne,"Zmrok, świt",Zderzenie pojazdów boczne,1,0,1,Ciężko,N,,,,,,,,,,,,,,,,,,
EWK-98318320N,2014,2014-07-09,21,POWIAT GRÓJECKI,GRÓJEC - OBSZAR WIEJSKI,Droga krajowa,50,Jednojezdniowa dwukierunkowa,Odcinek prosty,Obszar niezabudowany,"20,9288888888889","51,8872222222222",Jezdnia,Dobre warunki atmosferyczne,"Zmrok, świt",Zderzenie pojazdów boczne,1,0,0,Nieokreślone (puste pole),N,,,,,,,,,,,,,,,,,,
EWK-98317577R,2014,2014-07-09,16,POWIAT PŁOCK,PŁOCK - OBSZAR MIEJSKI,Droga wojewódzka,559,Dwie jezdnie jednokierunkowe,Odcinek prosty,Obszar zabudowany,"19,6941666666667","52,5558333333333","Chodnik, droga dla pieszych",Dobre warunki atmosferyczne,Światło dzienne,Zderzenie pojazdów boczne,1,0,1,Lekko,N,,,,,,,,,,,,,,,,,,
EWK-98317577R,2014,2014-07-09,16,POWIAT PŁOCK,PŁOCK - OBSZAR MIEJSKI,Droga wojewódzka,559,Dwie jezdnie jednokierunkowe,Odcinek prosty,Obszar zabudowany,"19,6941666666667","52,5558333333333","Chodnik, droga dla pieszych",Dobre warunki atmosferyczne,Światło dzienne,Zderzenie pojazdów boczne,1,0,0,Nieokreślone (puste pole),N,,,,,,,,,,,,,,,,,,
EWK-98312893P,2014,2014-07-09,15,POWIAT RADOMSKI,ZAKRZEW - OBSZAR WIEJSKI,Droga wojewódzka,740,Jednojezdniowa dwukierunkowa,,Obszar zabudowany,"21,0177777777778","51,6086111111111",Jezdnia,Dobre warunki atmosferyczne,Światło dzienne,Zderzenie pojazdów boczne,1,0,1,Ciężko,N,,,,,,,,,,,,,,,,,,
EWK-98312893P,2014,2014-07-09,15,POWIAT RADOMSKI,ZAKRZEW - OBSZAR WIEJSKI,Droga wojewódzka,740,Jednojezdniowa dwukierunkowa,,Obszar zabudowany,"21,0177777777778","51,6086111111111",Jezdnia,Dobre warunki atmosferyczne,Światło dzienne,Zderzenie pojazdów boczne,1,1,0,Nieokreślone (puste pole),N,,,,,,,,,,,,,,,,,,
EWK-98314885H,2014,2014-07-09,12,POWIAT RADOM,RADOM - OBSZAR MIEJSKI,Droga powiatowa,P5339W,Jednokierunkowa,,Obszar zabudowany,"21,1913888888889","51,5441666666667",Jezdnia,Dobre warunki atmosferyczne,Światło dzienne,Zderzenie pojazdów boczne,1,0,1,Lekko,N,,,,,,,,,,,,,,,,,,
EWK-98314885H,2014,2014-07-09,12,POWIAT RADOM,RADOM - OBSZAR MIEJSKI,Droga powiatowa,P5339W,Jednokierunkowa,,Obszar zabudowany,"21,1913888888889","51,5441666666667",Jezdnia,Dobre warunki atmosferyczne,Światło dzienne,Zderzenie pojazdów boczne,1,0,0,Nieokreślone (puste pole),N,,,,,,,,,,,,,,,,,,
EWK-98315641G,2014,2014-07-09,8,POWIAT LIPSKI,LIPSKO - OBSZAR WIEJSKI,Droga powiatowa,P1922W,Jednojezdniowa dwukierunkowa,,Obszar niezabudowany,"21,6552777777778","51,1519444444444",Jezdnia,Dobre warunki atmosferyczne,Światło dzienne,Zderzenie pojazdów boczne,1,0,2,Lekko,N,,,,,,,,,,,,,,,,,,
EWK-98310117A,2014,2014-07-09,6,POWIAT PŁOCKI,BIELSK - OBSZAR WIEJSKI,Droga wojewódzka,540,Jednojezdniowa dwukierunkowa,Odcinek prosty,Obszar niezabudowany,"19,8497222222222","52,6913888888889",Jezdnia,Dobre warunki atmosferyczne,Światło dzienne,Zderzenie pojazdów tylne,1,1,0,Nieokreślone (puste pole),N,,,,,,,,,,,,,,,,,,
EWK-98317402E,2014,2014-07-10,0,POWIAT SIEDLCE,SIEDLCE - OBSZAR MIEJSKI,Droga wojewódzka,W628,Jednojezdniowa dwukierunkowa,,Obszar zabudowany,"22,2547222222222","52,175",Jezdnia,Dobre warunki atmosferyczne,Noc - droga oświetlona,Inne,1,0,2,Lekko,T,,,,,,,,,,,,,,,,,,
EWK-98331868W,2014,2014-07-10,1,POWIAT OSTROŁĘCKI,KADZIDŁO - OBSZAR WIEJSKI,Droga powiatowa,2522W,Jednojezdniowa dwukierunkowa,Odcinek prosty,Obszar niezabudowany,"21,6594444444444","53,2758333333333",Jezdnia,Dobre warunki atmosferyczne,Noc - droga nieoświetlona,Wywrócenie się pojazdu,1,0,1,Ciężko,N,,,,,,,,,,,,,,,,,,
EWK-98331616X,2014,2014-07-10,22,POWIAT OSTROŁĘCKI,MYSZYNIEC - OBSZAR WIEJSKI,Droga wojewódzka,645,Jednojezdniowa dwukierunkowa,Odcinek prosty,Obszar niezabudowany,"21,5047222222222","53,4613888888889",Jezdnia,Dobre warunki atmosferyczne,Noc - droga nieoświetlona,Zderzenie pojazdów tylne,1,0,2,Lekko,N,,,,,,,,,,,,,,,,,,
EWK-98331616X,2014,2014-07-10,22,POWIAT OSTROŁĘCKI,MYSZYNIEC - OBSZAR WIEJSKI,Droga wojewódzka,645,Jednojezdniowa dwukierunkowa,Odcinek prosty,Obszar niezabudowany,"21,5047222222222","53,4613888888889",Jezdnia,Dobre warunki atmosferyczne,Noc - droga nieoświetlona,Zderzenie pojazdów tylne,1,0,0,Nieokreślone (puste pole),N,,,,,,,,,,,,,,,,,,
EWK-98315516F,2014,2014-07-10,10,POWIAT RADOMSKI,GÓZD - OBSZAR WIEJSKI,Droga krajowa,12,Jednojezdniowa dwukierunkowa,Odcinek prosty,Obszar niezabudowany,"21,3916666666667","51,5097222222222",Jezdnia,Opady deszczu,Światło dzienne,"Najechanie na słup, znak",1,0,1,Lekko,N,,,,,,,,,,,,,,,,,,
EWK-98315516F,2014,2014-07-10,10,POWIAT RADOMSKI,GÓZD - OBSZAR WIEJSKI,Droga krajowa,12,Jednojezdniowa dwukierunkowa,Odcinek prosty,Obszar niezabudowany,"21,3916666666667","51,5097222222222",Jezdnia,Opady deszczu,Światło dzienne,"Najechanie na słup, znak",1,0,0,Nieokreślone (puste pole),N,,,,,,,,,,,,,,,,,,
EWK-98316044H,2014,2014-07-10,7,POWIAT SOKOŁOWSKI,SABNIE - OBSZAR WIEJSKI,Droga krajowa,63,Jednojezdniowa dwukierunkowa,,Obszar zabudowany,"22,3130555555556","52,5472222222222","Skarpa, rów",Oślepiające słońce,Światło dzienne,Wywrócenie się pojazdu,1,0,1,Lekko,N,,,,,,,,,,,,,,,,,,
EWK-98316044H,2014,2014-07-10,7,POWIAT SOKOŁOWSKI,SABNIE - OBSZAR WIEJSKI,Droga krajowa,63,Jednojezdniowa dwukierunkowa,,Obszar zabudowany,"22,3130555555556","52,5472222222222","Skarpa, rów",Oślepiające słońce,Światło dzienne,Wywrócenie się pojazdu,1,0,0,Nieokreślone (puste pole),N,,,,,,,,,,,,,,,,,,
EWK-98329275W,2014,2014-07-10,15,POWIAT OSTROŁĘCKI,BARANOWO - OBSZAR WIEJSKI,Droga powiatowa,2577W,Jednojezdniowa dwukierunkowa,,Obszar zabudowany,"21,3236111111111","53,2361111111111",Jezdnia,Oślepiające słońce,Światło dzienne,Zderzenie pojazdów boczne,1,0,1,Lekko,N,,,,,,,,,,,,,,,,,,
EWK-98329275W,2014,2014-07-10,15,POWIAT OSTROŁĘCKI,BARANOWO - OBSZAR WIEJSKI,Droga powiatowa,2577W,Jednojezdniowa dwukierunkowa,,Obszar zabudowany,"21,3236111111111","53,2361111111111",Jezdnia,Oślepiające słońce,Światło dzienne,Zderzenie pojazdów boczne,1,0,0,Nieokreślone (puste pole),N,,,,,,,,,,,,,,,,,,
EWK-98344326P,2014,2014-07-11,21,POWIAT GARWOLIŃSKI,GÓRZNO - OBSZAR WIEJSKI,Droga powiatowa,31329W,Jednojezdniowa dwukierunkowa,Odcinek prosty,Obszar niezabudowany,"21,7591666666667","51,9325",Jezdnia,Dobre warunki atmosferyczne,"Zmrok, świt",Najechanie na pieszego,1,0,1,Lekko,N,,,,,,,,,,,,,,,,,,
EWK-98344326P,2014,2014-07-11,21,POWIAT GARWOLIŃSKI,GÓRZNO - OBSZAR WIEJSKI,Droga powiatowa,31329W,Jednojezdniowa dwukierunkowa,Odcinek prosty,Obszar niezabudowany,"21,7591666666667","51,9325",Jezdnia,Dobre warunki atmosferyczne,"Zmrok, świt",Najechanie na pieszego,1,0,0,Nieokreślone (puste pole),N,,,,,,,,,,,,,,,,,,
EWK-98319269J,2014,2014-07-11,13,POWIAT PRZYSUSKI,WIENIAWA - OBSZAR WIEJSKI,Droga krajowa,12,Jednojezdniowa dwukierunkowa,Odcinek prosty,Obszar niezabudowany,"20,8488888888889","51,4025",Jezdnia,Dobre warunki atmosferyczne,Światło dzienne,Zderzenie pojazdów boczne,1,0,1,Lekko,N,,,,,,,,,,,,,,,,,,
EWK-98319269J,2014,2014-07-11,13,POWIAT PRZYSUSKI,WIENIAWA - OBSZAR WIEJSKI,Droga krajowa,12,Jednojezdniowa dwukierunkowa,Odcinek prosty,Obszar niezabudowany,"20,8488888888889","51,4025",Jezdnia,Dobre warunki atmosferyczne,Światło dzienne,Zderzenie pojazdów boczne,1,0,0,Nieokreślone (puste pole),N,,,,,,,,,,,,,,,,,,
EWK-98320993W,2014,2014-07-11,14,POWIAT PŁOCK,PŁOCK - OBSZAR MIEJSKI,Droga powiatowa,P,Jednojezdniowa dwukierunkowa,,Obszar zabudowany,"19,8013888888889","52,5763888888889",Jezdnia,Dobre warunki atmosferyczne,Światło dzienne,Zderzenie pojazdów czołowe,1,0,1,Lekko,N,,,,,,,,,,,,,,,,,,
EWK-98320993W,2014,2014-07-11,14,POWIAT PŁOCK,PŁOCK - OBSZAR MIEJSKI,Droga powiatowa,P,Jednojezdniowa dwukierunkowa,,Obszar zabudowany,"19,8013888888889","52,5763888888889",Jezdnia,Dobre warunki atmosferyczne,Światło dzienne,Zderzenie pojazdów czołowe,1,0,0,Nieokreślone (puste pole),N,,,,,,,,,,,,,,,,,,
EWK-98320545W,2014,2014-07-11,16,POWIAT ŻYRARDOWSKI,MSZCZONÓW - OBSZAR WIEJSKI,Droga krajowa,50,Jednojezdniowa dwukierunkowa,Odcinek prosty,Obszar niezabudowany,"20,7477777777778","51,9391666666667",Jezdnia,Dobre warunki atmosferyczne,Światło dzienne,Zderzenie pojazdów tylne,1,0,1,Lekko,N,,,,,,,,,,,,,,,,,,
EWK-98320545W,2014,2014-07-11,16,POWIAT ŻYRARDOWSKI,MSZCZONÓW - OBSZAR WIEJSKI,Droga krajowa,50,Jednojezdniowa dwukierunkowa,Odcinek prosty,Obszar niezabudowany,"20,7477777777778","51,9391666666667",Jezdnia,Dobre warunki atmosferyczne,Światło dzienne,Zderzenie pojazdów tylne,1,0,0,Nieokreślone (puste pole),N,,,,,,,,,,,,,,,,,,
EWK-98319160Y,2014,2014-07-11,23,POWIAT RADOMSKI,JEDLIŃSK - OBSZAR WIEJSKI,Droga krajowa,7,Dwie jezdnie jednokierunkowe,Odcinek prosty,Obszar niezabudowany,"21,2102777777778","51,6225",Przejście dla pieszych,Opady deszczu,Noc - droga nieoświetlona,Najechanie na pieszego,1,1,0,Nieokreślone (puste pole),N,,,,,,,,,,,,,,,,,,
EWK-98317773H,2014,2014-07-11,6,POWIAT WĘGROWSKI,ŁOCHÓW - OBSZAR WIEJSKI,Droga gminna,GMINNA,Jednojezdniowa dwukierunkowa,Odcinek prosty,Obszar zabudowany,"21,815","52,6536111111111","Parking, plac",Pochmurno,Światło dzienne,Najechanie na pieszego,1,0,1,Ciężko,N,,,,,,,,,,,,,,,,,,
EWK-98317773H,2014,2014-07-11,6,POWIAT WĘGROWSKI,ŁOCHÓW - OBSZAR WIEJSKI,Droga gminna,GMINNA,Jednojezdniowa dwukierunkowa,Odcinek prosty,Obszar zabudowany,"21,815","52,6536111111111","Parking, plac",Pochmurno,Światło dzienne,Najechanie na pieszego,1,0,0,Nieokreślone (puste pole),N,,,,,,,,,,,,,,,,,,
EWK-98343409A,2014,2014-07-12,19,POWIAT SOKOŁOWSKI,REPKI - OBSZAR WIEJSKI,Droga powiatowa,36158W,Jednojezdniowa dwukierunkowa,"Zakręt, łuk",Obszar niezabudowany,"22,5363888888889","52,5341666666667","Skarpa, rów",Dobre warunki atmosferyczne,Światło dzienne,Zdarzenie z pasażerem,1,0,1,Lekko,T,,,,,,,,,,,,,,,,,,
EWK-98343409A,2014,2014-07-12,19,POWIAT SOKOŁOWSKI,REPKI - OBSZAR WIEJSKI,Droga powiatowa,36158W,Jednojezdniowa dwukierunkowa,"Zakręt, łuk",Obszar niezabudowany,"22,5363888888889","52,5341666666667","Skarpa, rów",Dobre warunki atmosferyczne,Światło dzienne,Zdarzenie z pasażerem,1,0,0,Nieokreślone (puste pole),T,,,,,,,,,,,,,,,,,,
EWK-98319346N,2014,2014-07-12,15,POWIAT GRÓJECKI,GRÓJEC - OBSZAR WIEJSKI,Droga krajowa,50,Jednojezdniowa dwukierunkowa,Odcinek prosty,Obszar niezabudowany,"20,9244444444444","51,9169444444445",Jezdnia,Dobre warunki atmosferyczne,Światło dzienne,Zderzenie pojazdów czołowe,1,0,1,Ciężko,N,,,,,,,,,,,,,,,,,,
EWK-98319346N,2014,2014-07-12,15,POWIAT GRÓJECKI,GRÓJEC - OBSZAR WIEJSKI,Droga krajowa,50,Jednojezdniowa dwukierunkowa,Odcinek prosty,Obszar niezabudowany,"20,9244444444444","51,9169444444445",Jezdnia,Dobre warunki atmosferyczne,Światło dzienne,Zderzenie pojazdów czołowe,1,0,0,Nieokreślone (puste pole),N,,,,,,,,,,,,,,,,,,
EWK-98319009R,2014,2014-07-12,13,POWIAT MŁAWSKI,STRZEGOWO - OBSZAR WIEJSKI,Droga krajowa,7,Jednojezdniowa dwukierunkowa,Odcinek prosty,Obszar niezabudowany,"20,39","53,0130555555556",Jezdnia,Opady deszczu,Światło dzienne,Najechanie na drzewo,1,0,1,Ciężko,N,,,,,,,,,,,,,,,,,,
EWK-98319009R,2014,2014-07-12,13,POWIAT MŁAWSKI,STRZEGOWO - OBSZAR WIEJSKI,Droga krajowa,7,Jednojezdniowa dwukierunkowa,Odcinek prosty,Obszar niezabudowany,"20,39","53,0130555555556",Jezdnia,Opady deszczu,Światło dzienne,Najechanie na drzewo,1,1,0,Nieokreślone (puste pole),N,,,,,,,,,,,,,,,,,,
EWK-98318336E,2014,2014-07-12,13,POWIAT GRÓJECKI,WARKA - OBSZAR MIEJSKI,Droga wojewódzka,731,Jednojezdniowa dwukierunkowa,,Obszar zabudowany,"21,2558333333333","51,7958333333333",Jezdnia,Opady deszczu,Światło dzienne,Zderzenie pojazdów boczne,1,0,1,Lekko,N,,,,,,,,,,,,,,,,,,
EWK-98318336E,2014,2014-07-12,13,POWIAT GRÓJECKI,WARKA - OBSZAR MIEJSKI,Droga wojewódzka,731,Jednojezdniowa dwukierunkowa,,Obszar zabudowany,"21,2558333333333","51,7958333333333",Jezdnia,Opady deszczu,Światło dzienne,Zderzenie pojazdów boczne,1,0,0,Nieokreślone (puste pole),N,,,,,,,,,,,,,,,,,,
EWK-98320304E,2014,2014-07-13,21,POWIAT PŁOŃSKI,PŁOŃSK - OBSZAR WIEJSKI,Droga krajowa,7,Jednokierunkowa,"Zakręt, łuk",Obszar niezabudowany,"20,4555555555556","52,6222222222222",Jezdnia,Dobre warunki atmosferyczne,Światło dzienne,Najechanie na barierę ochronną,1,0,1,Lekko,N,,,,,,,,,,,,,,,,,,
EWK-98319421D,2014,2014-07-13,19,POWIAT OSTROWSKI,OSTRÓW MAZOWIECKA - OBSZAR MIEJSKI,Droga gminna,GMINNA,Jednojezdniowa dwukierunkowa,Odcinek prosty,Obszar zabudowany,"21,9608333333333","52,9222222222222","Chodnik, droga dla pieszych",Dobre warunki atmosferyczne,Światło dzienne,Najechanie na pieszego,1,0,1,Lekko,N,,,,,,,,,,,,,,,,,,