IDKSIP,year,date,hour,district,district_commune,road_category,road_number,type_of_road,road_geometry,area,Longitude,Latitude,char_place_of_the_event,weather_conditions,lighting,type_of_accident,num_of_accidents,num_of_fatalities,num_of_injured,type_of_injury,is_offender_intoxicated,,,,,,,,,,,,,,,,,,
EWK-98319421D,2014,2014-07-13,19,POWIAT OSTROWSKI,OSTRÓW MAZOWIECKA - OBSZAR MIEJSKI,Droga gminna,GMINNA,Jednojezdniowa dwukierunkowa,Odcinek prosty,Obszar zabudowany,"21,9608333333333","52,9222222222222","Chodnik, droga dla pieszych",Dobre warunki atmosferyczne,Światło dzienne,Najechanie na pieszego,1,0,0,Nieokreślone (puste pole),N,,,,,,,,,,,,,,,,,,
EWK-98317815M,2014,2014-07-13,17,POWIAT SOCHACZEWSKI,BROCHÓW - OBSZAR WIEJSKI,Droga wojewódzka,575,Jednojezdniowa dwukierunkowa,Odcinek prosty,Obszar zabudowany,"20,4794444444444","52,4797222222222",Jezdnia,Dobre warunki atmosferyczne,Światło dzienne,Wywrócenie się pojazdu,1,0,1,Ciężko,N,,,,,,,,,,,,,,,,,,
EWK-98332402W,2014,2014-07-13,23,POWIAT PUŁTUSKI,PUŁTUSK - OBSZAR MIEJSKI,Droga wojewódzka,618,Jednojezdniowa dwukierunkowa,,Obszar zabudowany,"21,2091666666667","52,7013888888889",Jezdnia,Dobre warunki atmosferyczne,Światło dzienne,Zdarzenie z pasażerem,1,0,2,Ciężko,N,,,,,,,,,,,,,,,,,,
EWK-98319092X,2014,2014-07-13,11,POWIAT ZWOLEŃSKI,TCZÓW - OBSZAR WIEJSKI,Droga gminna,GMINNA,Jednojezdniowa dwukierunkowa,Odcinek prosty,Obszar niezabudowany,"21,4294444444444","51,4483333333333",Jezdnia,Dobre warunki atmosferyczne,Światło dzienne,Zderzenie pojazdów boczne,1,0,1,Ciężko,N,,,,,,,,,,,,,,,,,,
EWK-98319092X,2014,2014-07-13,11,POWIAT ZWOLEŃSKI,TCZÓW - OBSZAR WIEJSKI,Droga gminna,GMINNA,Jednojezdniowa dwukierunkowa,Odcinek prosty,Obszar niezabudowany,"21,4294444444444","51,4483333333333",Jezdnia,Dobre warunki atmosferyczne,Światło dzienne,Zderzenie pojazdów boczne,1,0,3,Lekko,N,,,,,,,,,,,,,,,,,,
EWK-98319092X,2014,2014-07-13,11,POWIAT ZWOLEŃSKI,TCZÓW - OBSZAR WIEJSKI,Droga gminna,GMINNA,Jednojezdniowa dwukierunkowa,Odcinek prosty,Obszar niezabudowany,"21,4294444444444","51,4483333333333",Jezdnia,Dobre warunki atmosferyczne,Światło dzienne,Zderzenie pojazdów boczne,1,1,0,Nieokreślone (puste pole),N,,,,,,,,,,,,,,,,,,
EWK-98319190N,2014,2014-07-13,13,POWIAT RADOM,RADOM - OBSZAR MIEJSKI,Droga wojewódzka,737,Jednojezdniowa dwukierunkowa,,Obszar zabudowany,"21,3097222222222","51,5105555555556",Jezdnia,Dobre warunki atmosferyczne,Noc - droga oświetlona,Zderzenie pojazdów tylne,1,0,1,Lekko,N,,,,,,,,,,,,,,,,,,
EWK-98319190N,2014,2014-07-13,13,POWIAT RADOM,RADOM - OBSZAR MIEJSKI,Droga wojewódzka,737,Jednojezdniowa dwukierunkowa,,Obszar zabudowany,"21,3097222222222","51,5105555555556",Jezdnia,Dobre warunki atmosferyczne,Noc - droga oświetlona,Zderzenie pojazdów tylne,1,0,0,Nieokreślone (puste pole),N,,,,,,,,,,,,,,,,,,
EWK-98321694T,2014,2014-07-13,17,POWIAT GARWOLIŃSKI,BOROWIE - OBSZAR WIEJSKI,Droga krajowa,76,Jednojezdniowa dwukierunkowa,Odcinek prosty,Obszar niezabudowany,"21,8711111111111","51,955",Jezdnia,Dobre warunki atmosferyczne,Światło dzienne,Zderzenie pojazdów tylne,1,0,3,Lekko,N,,,,,,,,,,,,,,,,,,
EWK-98321694T,2014,2014-07-13,17,POWIAT GARWOLIŃSKI,BOROWIE - OBSZAR WIEJSKI,Droga krajowa,76,Jednojezdniowa dwukierunkowa,Odcinek prosty,Obszar niezabudowany,"21,8711111111111","51,955",Jezdnia,Dobre warunki atmosferyczne,Światło dzienne,Zderzenie pojazdów tylne,1,1,0,Nieokreślone (puste pole),N,,,,,,,,,,,,,,,,,,
EWK-98329281K,2014,2014-07-13,20,POWIAT OSTROŁĘKA,OSTROŁĘKA - OBSZAR MIEJSKI,Droga powiatowa,P5116W,Jednojezdniowa dwukierunkowa,Odcinek prosty,Obszar zabudowany,"21,725","53,1311111111111",Jezdnia,Oślepiające słońce,Światło dzienne,Zderzenie pojazdów tylne,1,0,1,Lekko,N,,,,,,,,,,,,,,,,,,
EWK-98329281K,2014,2014-07-13,20,POWIAT OSTROŁĘKA,OSTROŁĘKA - OBSZAR MIEJSKI,Droga powiatowa,P5116W,Jednojezdniowa dwukierunkowa,Odcinek prosty,Obszar zabudowany,"21,725","53,1311111111111",Jezdnia,Oślepiające słońce,Światło dzienne,Zderzenie pojazdów tylne,1,0,0,Nieokreślone (puste pole),N,,,,,,,,,,,,,,,,,,
EWK-98316745U,2014,2014-07-13,2,POWIAT OSTROŁĘCKI,OLSZEWO-BORKI - OBSZAR WIEJSKI,Droga wojewódzka,544,Jednojezdniowa dwukierunkowa,"Zakręt, łuk",Obszar niezabudowany,"21,565","53,1238888888889",Pobocze,Pochmurno,Noc - droga nieoświetlona,Najechanie na drzewo,1,0,1,Ciężko,N,,,,,,,,,,,,,,,,,,
EWK-98316745U,2014,2014-07-13,2,POWIAT OSTROŁĘCKI,OLSZEWO-BORKI - OBSZAR WIEJSKI,Droga wojewódzka,544,Jednojezdniowa dwukierunkowa,"Zakręt, łuk",Obszar niezabudowany,"21,565","53,1238888888889",Pobocze,Pochmurno,Noc - droga nieoświetlona,Najechanie na drzewo,1,0,1,Lekko,N,,,,,,,,,,,,,,,,,,
EWK-98316745U,2014,2014-07-13,2,POWIAT OSTROŁĘCKI,OLSZEWO-BORKI - OBSZAR WIEJSKI,Droga wojewódzka,544,Jednojezdniowa dwukierunkowa,"Zakręt, łuk",Obszar niezabudowany,"21,565","53,1238888888889",Pobocze,Pochmurno,Noc - droga nieoświetlona,Najechanie na drzewo,1,1,0,Nieokreślone (puste pole),N,,,,,,,,,,,,,,,,,,
EWK-98329287D,2014,2014-07-14,7,POWIAT OSTROŁĘCKI,MYSZYNIEC - OBSZAR MIEJSKI,Droga krajowa,53,Jednojezdniowa dwukierunkowa,,Obszar zabudowany,"21,4102777777778","53,4205555555556",Jezdnia,Dobre warunki atmosferyczne,Światło dzienne,Inne,1,0,1,Lekko,N,,,,,,,,,,,,,,,,,,
EWK-98329287D,2014,2014-07-14,7,POWIAT OSTROŁĘCKI,MYSZYNIEC - OBSZAR MIEJSKI,Droga krajowa,53,Jednojezdniowa dwukierunkowa,,Obszar zabudowany,"21,4102777777778","53,4205555555556",Jezdnia,Dobre warunki atmosferyczne,Światło dzienne,Inne,1,0,0,Nieokreślone (puste pole),N,,,,,,,,,,,,,,,,,,
EWK-98319670Q,2014,2014-07-14,18,POWIAT SOCHACZEWSKI,SOCHACZEW - OBSZAR MIEJSKI,Droga gminna,GMINNA,Jednojezdniowa dwukierunkowa,Odcinek prosty,Obszar zabudowany,"20,3736111111111","52,3058333333333",Jezdnia,Dobre warunki atmosferyczne,Światło dzienne,Najechanie na pieszego,1,0,1,Ciężko,N,,,,,,,,,,,,,,,,,,
EWK-98319670Q,2014,2014-07-14,18,POWIAT SOCHACZEWSKI,SOCHACZEW - OBSZAR MIEJSKI,Droga gminna,GMINNA,Jednojezdniowa dwukierunkowa,Odcinek prosty,Obszar zabudowany,"20,3736111111111","52,3058333333333",Jezdnia,Dobre warunki atmosferyczne,Światło dzienne,Najechanie na pieszego,1,0,0,Nieokreślone (puste pole),N,,,,,,,,,,,,,,,,,,
EWK-98324088K,2014,2014-07-14,13,POWIAT RADOM,RADOM - OBSZAR MIEJSKI,Droga krajowa,12,Dwie jezdnie jednokierunkowe,Odcinek prosty,Obszar zabudowany,"21,2805555555556","51,4669444444444",Przejście dla pieszych,Dobre warunki atmosferyczne,Światło dzienne,Najechanie na pieszego,1,0,1,Lekko,N,,,,,,,,,,,,,,,,,,
EWK-98324088K,2014,2014-07-14,13,POWIAT RADOM,RADOM - OBSZAR MIEJSKI,Droga krajowa,12,Dwie jezdnie jednokierunkowe,Odcinek prosty,Obszar zabudowany,"21,2805555555556","51,4669444444444",Przejście dla pieszych,Dobre warunki atmosferyczne,Światło dzienne,Najechanie na pieszego,1,0,0,Nieokreślone (puste pole),N,,,,,,,,,,,,,,,,,,
EWK-98316981R,2014,2014-07-14,4,POWIAT SIERPECKI,ZAWIDZ - OBSZAR WIEJSKI,Droga krajowa,10,Jednojezdniowa dwukierunkowa,Odcinek prosty,Obszar niezabudowany,"19,9619444444444","52,9336111111111",Jezdnia,Dobre warunki atmosferyczne,Światło dzienne,"Najechanie na słup, znak",1,0,2,Lekko,N,,,,,,,,,,,,,,,,,,
EWK-98325191G,2014,2014-07-14,10,POWIAT GRÓJECKI,CHYNÓW - OBSZAR WIEJSKI,Droga gminna,GMINNA,Jednokierunkowa,Odcinek prosty,Obszar zabudowany,"21,1333333333333","51,9588888888889",Jezdnia,Dobre warunki atmosferyczne,Światło dzienne,Zderzenie pojazdów boczne,1,0,1,Lekko,N,,,,,,,,,,,,,,,,,,
EWK-98325191G,2014,2014-07-14,10,POWIAT GRÓJECKI,CHYNÓW - OBSZAR WIEJSKI,Droga gminna,GMINNA,Jednokierunkowa,Odcinek prosty,Obszar zabudowany,"21,1333333333333","51,9588888888889",Jezdnia,Dobre warunki atmosferyczne,Światło dzienne,Zderzenie pojazdów boczne,1,0,0,Nieokreślone (puste pole),N,,,,,,,,,,,,,,,,,,
EWK-98337001C,2014,2014-07-14,17,POWIAT RADOMSKI,SKARYSZEW - OBSZAR WIEJSKI,Nieokreślone (puste pole),,Jednojezdniowa dwukierunkowa,Odcinek prosty,Obszar zabudowany,"21,2944444444444","51,3341666666667",Jezdnia,Dobre warunki atmosferyczne,Światło dzienne,Zderzenie pojazdów boczne,1,0,1,Ciężko,N,,,,,,,,,,,,,,,,,,
EWK-98337001C,2014,2014-07-14,17,POWIAT RADOMSKI,SKARYSZEW - OBSZAR WIEJSKI,Nieokreślone (puste pole),,Jednojezdniowa dwukierunkowa,Odcinek prosty,Obszar zabudowany,"21,2944444444444","51,3341666666667",Jezdnia,Dobre warunki atmosferyczne,Światło dzienne,Zderzenie pojazdów boczne,1,0,1,Lekko,N,,,,,,,,,,,,,,,,,,
EWK-98318901P,2014,2014-07-14,15,POWIAT RADOM,RADOM - OBSZAR MIEJSKI,Droga powiatowa,P1715W,Jednojezdniowa dwukierunkowa,Odcinek prosty,Obszar niezabudowany,"21,3219444444444","51,5213888888889",Jezdnia,Dobre warunki atmosferyczne,Światło dzienne,Zderzenie pojazdów tylne,1,0,1,Ciężko,N,,,,,,,,,,,,,,,,,,
EWK-98318901P,2014,2014-07-14,15,POWIAT RADOM,RADOM - OBSZAR MIEJSKI,Droga powiatowa,P1715W,Jednojezdniowa dwukierunkowa,Odcinek prosty,Obszar niezabudowany,"21,3219444444444","51,5213888888889",Jezdnia,Dobre warunki atmosferyczne,Światło dzienne,Zderzenie pojazdów tylne,1,0,0,Nieokreślone (puste pole),N,,,,,,,,,,,,,,,,,,
EWK-98321223A,2014,2014-07-14,11,POWIAT PŁOCKI,WYSZOGRÓD - OBSZAR WIEJSKI,Droga krajowa,50,Jednojezdniowa dwukierunkowa,Odcinek prosty,Obszar niezabudowany,"20,3036111111111","52,4919444444445",Jezdnia,Dobre warunki atmosferyczne,Światło dzienne,Zderzenie pojazdów tylne,1,1,0,Nieokreślone (puste pole),N,,,,,,,,,,,,,,,,,,
EWK-98323628Q,2014,2014-07-14,16,POWIAT BIAŁOBRZESKI,BIAŁOBRZEGI - OBSZAR WIEJSKI,Droga krajowa,S7D,Ekspresowa,Odcinek prosty,Obszar niezabudowany,"20,9983333333333","51,6486111111111",Jezdnia,Dobre warunki atmosferyczne,Światło dzienne,Zderzenie pojazdów tylne,1,0,1,Lekko,N,,,,,,,,,,,,,,,,,,
EWK-98323628Q,2014,2014-07-14,16,POWIAT BIAŁOBRZESKI,BIAŁOBRZEGI - OBSZAR WIEJSKI,Droga krajowa,S7D,Ekspresowa,Odcinek prosty,Obszar niezabudowany,"20,9983333333333","51,6486111111111",Jezdnia,Dobre warunki atmosferyczne,Światło dzienne,Zderzenie pojazdów tylne,1,0,0,Nieokreślone (puste pole),N,,,,,,,,,,,,,,,,,,
EWK-98325345X,2014,2014-07-14,13,POWIAT RADOMSKI,WIERZBICA - OBSZAR WIEJSKI,Droga wojewódzka,744,Jednojezdniowa dwukierunkowa,Odcinek prosty,Obszar zabudowany,"21,1941666666667","51,3358333333333",Jezdnia,Opady deszczu,Światło dzienne,Zderzenie pojazdów tylne,1,0,1,Lekko,N,,,,,,,,,,,,,,,,,,
EWK-98325345X,2014,2014-07-14,13,POWIAT RADOMSKI,WIERZBICA - OBSZAR WIEJSKI,Droga wojewódzka,744,Jednojezdniowa dwukierunkowa,Odcinek prosty,Obszar zabudowany,"21,1941666666667","51,3358333333333",Jezdnia,Opady deszczu,Światło dzienne,Zderzenie pojazdów tylne,1,0,0,Nieokreślone (puste pole),N,,,,,,,,,,,,,,,,,,
EWK-98324524Q,2014,2014-07-15,9,POWIAT PŁOCKI,STAROŹREBY - OBSZAR WIEJSKI,Droga wojewódzka,567,Jednojezdniowa dwukierunkowa,Odcinek prosty,Obszar niezabudowany,"20,0994444444444","52,7619444444444","Skarpa, rów",Dobre warunki atmosferyczne,Światło dzienne,Inne,1,0,1,Lekko,N,,,,,,,,,,,,,,,,,,
EWK-98344422P,2014,2014-07-15,5,POWIAT GARWOLIŃSKI,TROJANÓW - OBSZAR WIEJSKI,Droga krajowa,17,Jednojezdniowa dwukierunkowa,Odcinek prosty,Obszar niezabudowany,"21,9783333333333","51,8066666666667","Skarpa, rów",Dobre warunki atmosferyczne,Światło dzienne,Inne,1,0,2,Lekko,N,,,,,,,,,,,,,,,,,,
EWK-98344422P,2014,2014-07-15,5,POWIAT GARWOLIŃSKI,TROJANÓW - OBSZAR WIEJSKI,Droga krajowa,17,Jednojezdniowa dwukierunkowa,Odcinek prosty,Obszar niezabudowany,"21,9783333333333","51,8066666666667","Skarpa, rów",Dobre warunki atmosferyczne,Światło dzienne,Inne,1,0,0,Nieokreślone (puste pole),N,,,,,,,,,,,,,,,,,,
EWK-98320655M,2014,2014-07-15,18,POWIAT BIAŁOBRZESKI,PROMNA - OBSZAR WIEJSKI,Droga krajowa,S7,Ekspresowa,Odcinek prosty,Obszar niezabudowany,"21,0569444444444","51,8263888888889",Jezdnia,Dobre warunki atmosferyczne,Światło dzienne,Najechanie na barierę ochronną,1,0,2,Lekko,N,,,,,,,,,,,,,,,,,,
EWK-98320655M,2014,2014-07-15,18,POWIAT BIAŁOBRZESKI,PROMNA - OBSZAR WIEJSKI,Droga krajowa,S7,Ekspresowa,Odcinek prosty,Obszar niezabudowany,"21,0569444444444","51,8263888888889",Jezdnia,Dobre warunki atmosferyczne,Światło dzienne,Najechanie na barierę ochronną,1,1,0,Nieokreślone (puste pole),N,,,,,,,,,,,,,,,,,,
EWK-98325005G,2014,2014-07-15,20,POWIAT BIAŁOBRZESKI,RADZANÓW - OBSZAR WIEJSKI,Droga powiatowa,P1121W,Jednojezdniowa dwukierunkowa,Odcinek prosty,Obszar zabudowany,"20,8883333333333","51,6319444444444",Pobocze,Dobre warunki atmosferyczne,Światło dzienne,Najechanie na drzewo,1,0,1,Lekko,N,,,,,,,,,,,,,,,,,,
EWK-98331338X,2014,2014-07-15,14,POWIAT RADOM,RADOM - OBSZAR MIEJSKI,Droga powiatowa,P5347W,Dwie jezdnie jednokierunkowe,Odcinek prosty,Obszar zabudowany,"21,1827777777778","51,5455555555556",Przystanek komunikacji publicznej,Dobre warunki atmosferyczne,Światło dzienne,Zdarzenie z pasażerem,1,0,1,Lekko,N,,,,,,,,,,,,,,,,,,
EWK-98331338X,2014,2014-07-15,14,POWIAT RADOM,RADOM - OBSZAR MIEJSKI,Droga powiatowa,P5347W,Dwie jezdnie jednokierunkowe,Odcinek prosty,Obszar zabudowany,"21,1827777777778","51,5455555555556",Przystanek komunikacji publicznej,Dobre warunki atmosferyczne,Światło dzienne,Zdarzenie z pasażerem,1,0,0,Nieokreślone (puste pole),N,,,,,,,,,,,,,,,,,,
EWK-98321452T,2014,2014-07-15,17,POWIAT PŁOŃSKI,NOWE MIASTO - OBSZAR WIEJSKI,Droga gminna,P1248W,Jednojezdniowa dwukierunkowa,,Obszar zabudowany,"20,7436111111111","52,7758333333333",Jezdnia,Dobre warunki atmosferyczne,Światło dzienne,Zderzenie pojazdów boczne,1,0,1,Ciężko,N,,,,,,,,,,,,,,,,,,
EWK-98321452T,2014,2014-07-15,17,POWIAT PŁOŃSKI,NOWE MIASTO - OBSZAR WIEJSKI,Droga gminna,P1248W,Jednojezdniowa dwukierunkowa,,Obszar zabudowany,"20,7436111111111","52,7758333333333",Jezdnia,Dobre warunki atmosferyczne,Światło dzienne,Zderzenie pojazdów boczne,1,0,0,Nieokreślone (puste pole),N,,,,,,,,,,,,,,,,,,
EWK-98322391R,2014,2014-07-15,9,POWIAT RADOMSKI,KOWALA - OBSZAR WIEJSKI,Droga wojewódzka,733,Jednokierunkowa,,Obszar zabudowany,"21,1661111111111","51,3705555555556",Jezdnia,Dobre warunki atmosferyczne,Światło dzienne,Zderzenie pojazdów boczne,1,0,1,Lekko,N,,,,,,,,,,,,,,,,,,
EWK-98322391R,2014,2014-07-15,9,POWIAT RADOMSKI,KOWALA - OBSZAR WIEJSKI,Droga wojewódzka,733,Jednokierunkowa,,Obszar zabudowany,"21,1661111111111","51,3705555555556",Jezdnia,Dobre warunki atmosferyczne,Światło dzienne,Zderzenie pojazdów boczne,1,0,0,Nieokreślone (puste pole),N,,,,,,,,,,,,,,,,,,
EWK-98322415A,2014,2014-07-15,15,POWIAT SIERPECKI,SIERPC - OBSZAR MIEJSKI,Nieokreślone (puste pole),,Jednojezdniowa dwukierunkowa,Odcinek prosty,Obszar zabudowany,"19,7463888888889","52,9116666666667",Jezdnia,Dobre warunki atmosferyczne,Światło dzienne,Zderzenie pojazdów boczne,1,0,1,Lekko,N,,,,,,,,,,,,,,,,,,
EWK-98322415A,2014,2014-07-15,15,POWIAT SIERPECKI,SIERPC - OBSZAR MIEJSKI,Nieokreślone (puste pole),,Jednojezdniowa dwukierunkowa,Odcinek prosty,Obszar zabudowany,"19,7463888888889","52,9116666666667",Jezdnia,Dobre warunki atmosferyczne,Światło dzienne,Zderzenie pojazdów boczne,1,0,0,Nieokreślone (puste pole),N,,,,,,,,,,,,,,,,,,
EWK-98329288W,2014,2014-07-15,13,POWIAT OSTROŁĘCKI,RZEKUŃ - OBSZAR WIEJSKI,Droga krajowa,61,Jednojezdniowa dwukierunkowa,Odcinek prosty,Obszar niezabudowany,"21,7836111111111","53,2044444444445",Jezdnia,Dobre warunki atmosferyczne,Światło dzienne,Zderzenie pojazdów boczne,1,0,1,Lekko,N,,,,,,,,,,,,,,,,,,
EWK-98329288W,2014,2014-07-15,13,POWIAT OSTROŁĘCKI,RZEKUŃ - OBSZAR WIEJSKI,Droga krajowa,61,Jednojezdniowa dwukierunkowa,Odcinek prosty,Obszar niezabudowany,"21,7836111111111","53,2044444444445",Jezdnia,Dobre warunki atmosferyczne,Światło dzienne,Zderzenie pojazdów boczne,1,0,0,Nieokreślone (puste pole),N,,,,,,,,,,,,,,,,,,
EWK-98322350T,2014,2014-07-15,6,POWIAT RADOM,RADOM - OBSZAR MIEJSKI,Droga powiatowa,P5324W,Jednojezdniowa dwukierunkowa,Odcinek prosty,Obszar zabudowany,"21,2452777777778","51,5127777777778",Jezdnia,Dobre warunki atmosferyczne,Światło dzienne,Zderzenie pojazdów czołowe,1,0,1,Ciężko,N,,,,,,,,,,,,,,,,,,
EWK-98322350T,2014,2014-07-15,6,POWIAT RADOM,RADOM - OBSZAR MIEJSKI,Droga powiatowa,P5324W,Jednojezdniowa dwukierunkowa,Odcinek prosty,Obszar zabudowany,"21,2452777777778","51,5127777777778",Jezdnia,Dobre warunki atmosferyczne,Światło dzienne,Zderzenie pojazdów czołowe,1,0,0,Nieokreślone (puste pole),N,,,,,,,,,,,,,,,,,,
EWK-98325510A,2014,2014-07-15,12,POWIAT KOZIENICKI,GARBATKA-LETNISKO - OBSZAR WIEJSKI,Droga krajowa,79,Jednojezdniowa dwukierunkowa,"Zakręt, łuk",Obszar zabudowany,"21,6861111111111","51,5158333333333",Jezdnia,Dobre warunki atmosferyczne,Światło dzienne,Zderzenie pojazdów czołowe,1,0,1,Lekko,N,,,,,,,,,,,,,,,,,,
EWK-98325510A,2014,2014-07-15,12,POWIAT KOZIENICKI,GARBATKA-LETNISKO - OBSZAR WIEJSKI,Droga krajowa,79,Jednojezdniowa dwukierunkowa,"Zakręt, łuk",Obszar zabudowany,"21,6861111111111","51,5158333333333",Jezdnia,Dobre warunki atmosferyczne,Światło dzienne,Zderzenie pojazdów czołowe,1,0,0,Nieokreślone (puste pole),N,,,,,,,,,,,,,,,,,,
EWK-98321240T,2014,2014-07-15,18,POWIAT PŁOCK,PŁOCK - OBSZAR MIEJSKI,Droga krajowa,62,Dwie jezdnie jednokierunkowe,,Obszar zabudowany,"19,8905555555556","52,5733333333333",Jezdnia,Dobre warunki atmosferyczne,Światło dzienne,Zderzenie pojazdów tylne,1,0,1,Lekko,N,,,,,,,,,,,,,,,,,,
EWK-98321240T,2014,2014-07-15,18,POWIAT PŁOCK,PŁOCK - OBSZAR MIEJSKI,Droga krajowa,62,Dwie jezdnie jednokierunkowe,,Obszar zabudowany,"19,8905555555556","52,5733333333333",Jezdnia,Dobre warunki atmosferyczne,Światło dzienne,Zderzenie pojazdów tylne,1,0,0,Nieokreślone (puste pole),N,,,,,,,,,,,,,,,,,,
EWK-98324026Y,2014,2014-07-15,7,POWIAT PŁOCKI,WYSZOGRÓD - OBSZAR MIEJSKI,Droga krajowa,50,Jednojezdniowa dwukierunkowa,Odcinek prosty,Obszar niezabudowany,"20,3311111111111","52,4047222222222",Jezdnia,Dobre warunki atmosferyczne,Światło dzienne,Zderzenie pojazdów tylne,1,0,1,Lekko,N,,,,,,,,,,,,,,,,,,
EWK-98324026Y,2014,2014-07-15,7,POWIAT PŁOCKI,WYSZOGRÓD - OBSZAR MIEJSKI,Droga krajowa,50,Jednojezdniowa dwukierunkowa,Odcinek prosty,Obszar niezabudowany,"20,3311111111111","52,4047222222222",Jezdnia,Dobre warunki atmosferyczne,Światło dzienne,Zderzenie pojazdów tylne,1,0,0,Nieokreślone (puste pole),N,,,,,,,,,,,,,,,,,,
EWK-98323031Q,2014,2014-07-15,7,POWIAT ŻYRARDOWSKI,PUSZCZA MARIAŃSKA - OBSZAR WIEJSKI,Droga gminna,GMINNA,Jednojezdniowa dwukierunkowa,Odcinek prosty,Obszar niezabudowany,"20,3958333333333","52,0369444444444",Pobocze,Oślepiające słońce,Światło dzienne,Zderzenie pojazdów boczne,1,0,1,Lekko,N,,,,,,,,,,,,,,,,,,
EWK-98323031Q,2014,2014-07-15,7,POWIAT ŻYRARDOWSKI,PUSZCZA MARIAŃSKA - OBSZAR WIEJSKI,Droga gminna,GMINNA,Jednojezdniowa dwukierunkowa,Odcinek prosty,Obszar niezabudowany,"20,3958333333333","52,0369444444444",Pobocze,Oślepiające słońce,Światło dzienne,Zderzenie pojazdów boczne,1,0,0,Nieokreślone (puste pole),N,,,,,,,,,,,,,,,,,,
EWK-98331806U,2014,2014-07-16,16,POWIAT OSTROŁĘKA,OSTROŁĘKA - OBSZAR MIEJSKI,Droga powiatowa,P5109W,Jednojezdniowa dwukierunkowa,,Obszar zabudowany,"21,6547222222222","53,1977777777778",Jezdnia,Dobre warunki atmosferyczne,Światło dzienne,Zderzenie pojazdów boczne,1,0,1,Lekko,N,,,,,,,,,,,,,,,,,,
EWK-98331806U,2014,2014-07-16,16,POWIAT OSTROŁĘKA,OSTROŁĘKA - OBSZAR MIEJSKI,Droga powiatowa,P5109W,Jednojezdniowa dwukierunkowa,,Obszar zabudowany,"21,6547222222222","53,1977777777778",Jezdnia,Dobre warunki atmosferyczne,Światło dzienne,Zderzenie pojazdów boczne,1,0,0,Nieokreślone (puste pole),N,,,,,,,,,,,,,,,,,,
EWK-98322914F,2014,2014-07-16,15,POWIAT PŁOŃSKI,DZIERZĄŻNIA - OBSZAR WIEJSKI,Droga krajowa,10,Jednojezdniowa dwukierunkowa,Odcinek prosty,Obszar niezabudowany,"20,3286111111111","52,6955555555556",Jezdnia,Dobre warunki atmosferyczne,Światło dzienne,Zderzenie pojazdów czołowe,1,0,1,Ciężko,N,,,,,,,,,,,,,,,,,,
EWK-98322914F,2014,2014-07-16,15,POWIAT PŁOŃSKI,DZIERZĄŻNIA - OBSZAR WIEJSKI,Droga krajowa,10,Jednojezdniowa dwukierunkowa,Odcinek prosty,Obszar niezabudowany,"20,3286111111111","52,6955555555556",Jezdnia,Dobre warunki atmosferyczne,Światło dzienne,Zderzenie pojazdów czołowe,1,0,1,Lekko,N,,,,,,,,,,,,,,,,,,
EWK-98325176U,2014,2014-07-16,18,POWIAT GRÓJECKI,NOWE MIASTO NAD PILICĄ - OBSZAR WIEJSKI,Droga wojewódzka,728,Jednojezdniowa dwukierunkowa,Odcinek prosty,Obszar niezabudowany,"20,7241666666667","51,6972222222222",Jezdnia,Dobre warunki atmosferyczne,Światło dzienne,Zderzenie pojazdów czołowe,1,0,1,Lekko,N,,,,,,,,,,,,,,,,,,
EWK-98325176U,2014,2014-07-16,18,POWIAT GRÓJECKI,NOWE MIASTO NAD PILICĄ - OBSZAR WIEJSKI,Droga wojewódzka,728,Jednojezdniowa dwukierunkowa,Odcinek prosty,Obszar niezabudowany,"20,7241666666667","51,6972222222222",Jezdnia,Dobre warunki atmosferyczne,Światło dzienne,Zderzenie pojazdów czołowe,1,1,0,Nieokreślone (puste pole),N,,,,,,,,,,,,,,,,,,
EWK-98324045X,2014,2014-07-16,15,POWIAT PŁOCK,PŁOCK - OBSZAR MIEJSKI,Droga powiatowa,P,Jednojezdniowa dwukierunkowa,,Obszar zabudowany,"19,8536111111111","52,5877777777778",Jezdnia,Oślepiające słońce,Światło dzienne,Zderzenie pojazdów boczne,1,0,1,Ciężko,N,,,,,,,,,,,,,,,,,,
EWK-98324045X,2014,2014-07-16,15,POWIAT PŁOCK,PŁOCK - OBSZAR MIEJSKI,Droga powiatowa,P,Jednojezdniowa dwukierunkowa,,Obszar zabudowany,"19,8536111111111","52,5877777777778",Jezdnia,Oślepiające słońce,Światło dzienne,Zderzenie pojazdów boczne,1,0,0,Nieokreślone (puste pole),N,,,,,,,,,,,,,,,,,,
EWK-98323713X,2014,2014-07-17,17,POWIAT MŁAWSKI,MŁAWA - OBSZAR MIEJSKI,Droga gminna,GMINNA,Jednojezdniowa dwukierunkowa,Odcinek prosty,Obszar zabudowany,"20,4330555555556","53,2388888888889",Jezdnia,Dobre warunki atmosferyczne,Światło dzienne,Inne,1,0,1,Lekko,N,,,,,,,,,,,,,,,,,,