IDKSIP,year,date,hour,district,district_commune,road_category,road_number,type_of_road,road_geometry,area,Longitude,Latitude,char_place_of_the_event,weather_conditions,lighting,type_of_accident,num_of_accidents,num_of_fatalities,num_of_injured,type_of_injury,is_offender_intoxicated,,,,,,,,,,,,,,,,,,
EWK-98323713X,2014,2014-07-17,17,POWIAT MŁAWSKI,MŁAWA - OBSZAR MIEJSKI,Droga gminna,GMINNA,Jednojezdniowa dwukierunkowa,Odcinek prosty,Obszar zabudowany,"20,4330555555556","53,2388888888889",Jezdnia,Dobre warunki atmosferyczne,Światło dzienne,Inne,1,0,0,Nieokreślone (puste pole),N,,,,,,,,,,,,,,,,,,
EWK-98323716E,2014,2014-07-17,16,POWIAT MŁAWSKI,MŁAWA - OBSZAR MIEJSKI,Droga gminna,GMINNA,Jednojezdniowa dwukierunkowa,,Obszar zabudowany,"20,4425","53,2619444444445",Jezdnia,Dobre warunki atmosferyczne,Światło dzienne,Zdarzenie z pasażerem,1,0,1,Lekko,N,,,,,,,,,,,,,,,,,,
EWK-98323716E,2014,2014-07-17,16,POWIAT MŁAWSKI,MŁAWA - OBSZAR MIEJSKI,Droga gminna,GMINNA,Jednojezdniowa dwukierunkowa,,Obszar zabudowany,"20,4425","53,2619444444445",Jezdnia,Dobre warunki atmosferyczne,Światło dzienne,Zdarzenie z pasażerem,1,0,0,Nieokreślone (puste pole),N,,,,,,,,,,,,,,,,,,
EWK-98325550F,2014,2014-07-17,15,POWIAT MAKOWSKI,KARNIEWO - OBSZAR WIEJSKI,Droga gminna,G210231W,Jednojezdniowa dwukierunkowa,Odcinek prosty,Obszar niezabudowany,"20,95","52,8327777777778",Jezdnia,Dobre warunki atmosferyczne,Światło dzienne,Zderzenie pojazdów boczne,1,1,0,Nieokreślone (puste pole),N,,,,,,,,,,,,,,,,,,
EWK-98341621M,2014,2014-07-17,16,POWIAT SIEDLCE,SIEDLCE - OBSZAR MIEJSKI,Droga wojewódzka,W628,Jednojezdniowa dwukierunkowa,,Obszar zabudowany,"22,37","52,1813888888889",Jezdnia,Dobre warunki atmosferyczne,Światło dzienne,Zderzenie pojazdów boczne,1,0,1,Ciężko,N,,,,,,,,,,,,,,,,,,
EWK-98341621M,2014,2014-07-17,16,POWIAT SIEDLCE,SIEDLCE - OBSZAR MIEJSKI,Droga wojewódzka,W628,Jednojezdniowa dwukierunkowa,,Obszar zabudowany,"22,37","52,1813888888889",Jezdnia,Dobre warunki atmosferyczne,Światło dzienne,Zderzenie pojazdów boczne,1,0,0,Nieokreślone (puste pole),N,,,,,,,,,,,,,,,,,,
EWK-98324542D,2014,2014-07-17,12,POWIAT PŁOCK,PŁOCK - OBSZAR MIEJSKI,Droga powiatowa,P,Jednojezdniowa dwukierunkowa,Odcinek prosty,Obszar zabudowany,"19,7405555555556","52,6041666666667",Jezdnia,Dobre warunki atmosferyczne,Światło dzienne,Zderzenie pojazdów tylne,1,0,2,Lekko,N,,,,,,,,,,,,,,,,,,
EWK-98324542D,2014,2014-07-17,12,POWIAT PŁOCK,PŁOCK - OBSZAR MIEJSKI,Droga powiatowa,P,Jednojezdniowa dwukierunkowa,Odcinek prosty,Obszar zabudowany,"19,7405555555556","52,6041666666667",Jezdnia,Dobre warunki atmosferyczne,Światło dzienne,Zderzenie pojazdów tylne,1,0,0,Nieokreślone (puste pole),N,,,,,,,,,,,,,,,,,,
EWK-98328073Y,2014,2014-07-18,21,POWIAT RADOMSKI,PIONKI - OBSZAR WIEJSKI,Droga wojewódzka,787,Jednojezdniowa dwukierunkowa,Odcinek prosty,Obszar zabudowany,"21,5872222222222","51,4858333333333",Jezdnia,Dobre warunki atmosferyczne,Noc - droga oświetlona,Najechanie na pieszego,1,0,1,Lekko,N,,,,,,,,,,,,,,,,,,
EWK-98328073Y,2014,2014-07-18,21,POWIAT RADOMSKI,PIONKI - OBSZAR WIEJSKI,Droga wojewódzka,787,Jednojezdniowa dwukierunkowa,Odcinek prosty,Obszar zabudowany,"21,5872222222222","51,4858333333333",Jezdnia,Dobre warunki atmosferyczne,Noc - droga oświetlona,Najechanie na pieszego,1,0,0,Nieokreślone (puste pole),N,,,,,,,,,,,,,,,,,,
EWK-98326530M,2014,2014-07-18,19,POWIAT PŁOŃSKI,JONIEC - OBSZAR WIEJSKI,Droga wojewódzka,571,Jednojezdniowa dwukierunkowa,Wzniesienie,Obszar niezabudowany,"20,6063888888889","52,6183333333333",Jezdnia,Dobre warunki atmosferyczne,Światło dzienne,Wywrócenie się pojazdu,1,1,0,Nieokreślone (puste pole),T,,,,,,,,,,,,,,,,,,
EWK-98328102R,2014,2014-07-18,11,POWIAT PRZASNYSKI,KRZYNOWŁOGA MAŁA - OBSZAR WIEJSKI,Droga krajowa,57,Jednojezdniowa dwukierunkowa,,Obszar niezabudowany,"20,9877777777778","53,2647222222222",Jezdnia,Dobre warunki atmosferyczne,Światło dzienne,Wywrócenie się pojazdu,1,0,1,Lekko,N,,,,,,,,,,,,,,,,,,
EWK-98328102R,2014,2014-07-18,11,POWIAT PRZASNYSKI,KRZYNOWŁOGA MAŁA - OBSZAR WIEJSKI,Droga krajowa,57,Jednojezdniowa dwukierunkowa,,Obszar niezabudowany,"20,9877777777778","53,2647222222222",Jezdnia,Dobre warunki atmosferyczne,Światło dzienne,Wywrócenie się pojazdu,1,0,0,Nieokreślone (puste pole),N,,,,,,,,,,,,,,,,,,
EWK-98326542M,2014,2014-07-18,5,POWIAT PŁOŃSKI,ZAŁUSKI - OBSZAR WIEJSKI,Droga krajowa,7,Ekspresowa,,Obszar niezabudowany,"20,5111111111111","52,6933333333333",Jezdnia,Dobre warunki atmosferyczne,Światło dzienne,Zderzenie pojazdów boczne,1,0,1,Lekko,N,,,,,,,,,,,,,,,,,,
EWK-98326542M,2014,2014-07-18,5,POWIAT PŁOŃSKI,ZAŁUSKI - OBSZAR WIEJSKI,Droga krajowa,7,Ekspresowa,,Obszar niezabudowany,"20,5111111111111","52,6933333333333",Jezdnia,Dobre warunki atmosferyczne,Światło dzienne,Zderzenie pojazdów boczne,1,0,0,Nieokreślone (puste pole),N,,,,,,,,,,,,,,,,,,
EWK-98328134J,2014,2014-07-18,7,POWIAT PŁOCK,PŁOCK - OBSZAR MIEJSKI,Droga powiatowa,P,Jednojezdniowa dwukierunkowa,,Obszar zabudowany,"19,8127777777778","52,6325",Jezdnia,Dobre warunki atmosferyczne,Światło dzienne,Zderzenie pojazdów boczne,1,0,1,Lekko,N,,,,,,,,,,,,,,,,,,
EWK-98328134J,2014,2014-07-18,7,POWIAT PŁOCK,PŁOCK - OBSZAR MIEJSKI,Droga powiatowa,P,Jednojezdniowa dwukierunkowa,,Obszar zabudowany,"19,8127777777778","52,6325",Jezdnia,Dobre warunki atmosferyczne,Światło dzienne,Zderzenie pojazdów boczne,1,0,0,Nieokreślone (puste pole),N,,,,,,,,,,,,,,,,,,
EWK-98330345A,2014,2014-07-18,19,POWIAT MŁAWSKI,STRZEGOWO - OBSZAR WIEJSKI,Droga powiatowa,P2357W,Jednojezdniowa dwukierunkowa,,Obszar zabudowany,"20,3169444444444","52,935",Jezdnia,Dobre warunki atmosferyczne,Światło dzienne,Zderzenie pojazdów boczne,1,0,1,Lekko,N,,,,,,,,,,,,,,,,,,
EWK-98330345A,2014,2014-07-18,19,POWIAT MŁAWSKI,STRZEGOWO - OBSZAR WIEJSKI,Droga powiatowa,P2357W,Jednojezdniowa dwukierunkowa,,Obszar zabudowany,"20,3169444444444","52,935",Jezdnia,Dobre warunki atmosferyczne,Światło dzienne,Zderzenie pojazdów boczne,1,0,0,Nieokreślone (puste pole),N,,,,,,,,,,,,,,,,,,
EWK-98335226K,2014,2014-07-18,22,POWIAT PŁOCKI,STARA BIAŁA - OBSZAR WIEJSKI,Droga wojewódzka,562,Jednojezdniowa dwukierunkowa,Odcinek prosty,Obszar zabudowany,"19,76","52,6941666666667",Jezdnia,Dobre warunki atmosferyczne,Noc - droga oświetlona,Zderzenie pojazdów czołowe,1,0,1,Lekko,T,,,,,,,,,,,,,,,,,,
EWK-98335226K,2014,2014-07-18,22,POWIAT PŁOCKI,STARA BIAŁA - OBSZAR WIEJSKI,Droga wojewódzka,562,Jednojezdniowa dwukierunkowa,Odcinek prosty,Obszar zabudowany,"19,76","52,6941666666667",Jezdnia,Dobre warunki atmosferyczne,Noc - droga oświetlona,Zderzenie pojazdów czołowe,1,0,0,Nieokreślone (puste pole),T,,,,,,,,,,,,,,,,,,
EWK-98325606E,2014,2014-07-18,10,POWIAT KOZIENICKI,GRABÓW NAD PILICĄ - OBSZAR WIEJSKI,Droga wojewódzka,730,Jednojezdniowa dwukierunkowa,"Zakręt, łuk",Obszar zabudowany,"21,2405555555556","51,8669444444445",Jezdnia,Dobre warunki atmosferyczne,Światło dzienne,Zderzenie pojazdów czołowe,1,0,1,Ciężko,N,,,,,,,,,,,,,,,,,,
EWK-98325606E,2014,2014-07-18,10,POWIAT KOZIENICKI,GRABÓW NAD PILICĄ - OBSZAR WIEJSKI,Droga wojewódzka,730,Jednojezdniowa dwukierunkowa,"Zakręt, łuk",Obszar zabudowany,"21,2405555555556","51,8669444444445",Jezdnia,Dobre warunki atmosferyczne,Światło dzienne,Zderzenie pojazdów czołowe,1,1,0,Nieokreślone (puste pole),N,,,,,,,,,,,,,,,,,,
EWK-98326290H,2014,2014-07-18,19,POWIAT GOSTYNIŃSKI,SANNIKI - OBSZAR WIEJSKI,Droga powiatowa,P1456W,Jednojezdniowa dwukierunkowa,,Obszar zabudowany,"19,82","52,415",Jezdnia,Dobre warunki atmosferyczne,Światło dzienne,Zderzenie pojazdów czołowe,1,0,1,Lekko,N,,,,,,,,,,,,,,,,,,
EWK-98326290H,2014,2014-07-18,19,POWIAT GOSTYNIŃSKI,SANNIKI - OBSZAR WIEJSKI,Droga powiatowa,P1456W,Jednojezdniowa dwukierunkowa,,Obszar zabudowany,"19,82","52,415",Jezdnia,Dobre warunki atmosferyczne,Światło dzienne,Zderzenie pojazdów czołowe,1,0,0,Nieokreślone (puste pole),N,,,,,,,,,,,,,,,,,,
EWK-98326847G,2014,2014-07-18,18,POWIAT RADOM,RADOM - OBSZAR MIEJSKI,Droga powiatowa,P5309W,Jednojezdniowa dwukierunkowa,Odcinek prosty,Obszar zabudowany,"21,2661111111111","51,4044444444444",Jezdnia,Dobre warunki atmosferyczne,Światło dzienne,Zderzenie pojazdów czołowe,1,0,3,Lekko,N,,,,,,,,,,,,,,,,,,
EWK-98326847G,2014,2014-07-18,18,POWIAT RADOM,RADOM - OBSZAR MIEJSKI,Droga powiatowa,P5309W,Jednojezdniowa dwukierunkowa,Odcinek prosty,Obszar zabudowany,"21,2661111111111","51,4044444444444",Jezdnia,Dobre warunki atmosferyczne,Światło dzienne,Zderzenie pojazdów czołowe,1,0,0,Nieokreślone (puste pole),N,,,,,,,,,,,,,,,,,,
EWK-98326892P,2014,2014-07-19,21,POWIAT RADOM,RADOM - OBSZAR MIEJSKI,Droga powiatowa,P5347W,Jednojezdniowa dwukierunkowa,,Obszar zabudowany,"21,2766666666667","51,4016666666667",Jezdnia,Dobre warunki atmosferyczne,Noc - droga oświetlona,Inne,1,0,1,Lekko,N,,,,,,,,,,,,,,,,,,
EWK-98326892P,2014,2014-07-19,21,POWIAT RADOM,RADOM - OBSZAR MIEJSKI,Droga powiatowa,P5347W,Jednojezdniowa dwukierunkowa,,Obszar zabudowany,"21,2766666666667","51,4016666666667",Jezdnia,Dobre warunki atmosferyczne,Noc - droga oświetlona,Inne,1,0,0,Nieokreślone (puste pole),N,,,,,,,,,,,,,,,,,,
EWK-98329702F,2014,2014-07-19,23,POWIAT BIAŁOBRZESKI,STARA BŁOTNICA - OBSZAR WIEJSKI,Droga wojewódzka,732,Jednojezdniowa dwukierunkowa,,Obszar zabudowany,"21,1222222222222","51,6605555555556",Jezdnia,Dobre warunki atmosferyczne,Noc - droga oświetlona,Inne,1,0,1,Lekko,N,,,,,,,,,,,,,,,,,,
EWK-98329702F,2014,2014-07-19,23,POWIAT BIAŁOBRZESKI,STARA BŁOTNICA - OBSZAR WIEJSKI,Droga wojewódzka,732,Jednojezdniowa dwukierunkowa,,Obszar zabudowany,"21,1222222222222","51,6605555555556",Jezdnia,Dobre warunki atmosferyczne,Noc - droga oświetlona,Inne,1,0,0,Nieokreślone (puste pole),N,,,,,,,,,,,,,,,,,,
EWK-98330324Q,2014,2014-07-19,0,POWIAT RADOM,RADOM - OBSZAR MIEJSKI,Droga gminna,G530036W,Jednojezdniowa dwukierunkowa,Odcinek prosty,Obszar zabudowany,"21,2530555555556","51,5369444444444",Jezdnia,Dobre warunki atmosferyczne,Światło dzienne,Inne,1,0,1,Lekko,N,,,,,,,,,,,,,,,,,,
EWK-98326540G,2014,2014-07-19,23,POWIAT OSTROWSKI,NUR - OBSZAR WIEJSKI,Droga gminna,GMINNA,Jednojezdniowa dwukierunkowa,Odcinek prosty,Obszar zabudowany,"22,3822222222222","52,6925",Jezdnia,Dobre warunki atmosferyczne,Noc - droga nieoświetlona,Najechanie na drzewo,1,0,1,Ciężko,T,,,,,,,,,,,,,,,,,,
EWK-98326540G,2014,2014-07-19,23,POWIAT OSTROWSKI,NUR - OBSZAR WIEJSKI,Droga gminna,GMINNA,Jednojezdniowa dwukierunkowa,Odcinek prosty,Obszar zabudowany,"22,3822222222222","52,6925",Jezdnia,Dobre warunki atmosferyczne,Noc - droga nieoświetlona,Najechanie na drzewo,1,0,1,Lekko,T,,,,,,,,,,,,,,,,,,
EWK-98326618G,2014,2014-07-19,5,POWIAT WĘGROWSKI,LIW - OBSZAR WIEJSKI,Droga powiatowa,36141,Jednojezdniowa dwukierunkowa,Odcinek prosty,Obszar zabudowany,"22,1102777777778","52,4313888888889",Jezdnia,Dobre warunki atmosferyczne,Światło dzienne,Najechanie na drzewo,1,0,1,Ciężko,N,,,,,,,,,,,,,,,,,,
EWK-98328108M,2014,2014-07-19,1,POWIAT SOKOŁOWSKI,SOKOŁÓW PODLASKI - OBSZAR WIEJSKI,Droga krajowa,63,Jednojezdniowa dwukierunkowa,"Zakręt, łuk",Obszar niezabudowany,"22,2819444444444","52,5227777777778",Jezdnia,Dobre warunki atmosferyczne,Noc - droga nieoświetlona,Najechanie na pieszego,1,1,0,Nieokreślone (puste pole),N,,,,,,,,,,,,,,,,,,
EWK-98328150P,2014,2014-07-19,11,POWIAT PŁOCK,PŁOCK - OBSZAR MIEJSKI,Droga gminna,GMINNA,Jednojezdniowa dwukierunkowa,Odcinek prosty,Obszar niezabudowany,"19,7763888888889","52,6955555555556",Jezdnia,Dobre warunki atmosferyczne,Światło dzienne,Najechanie na pieszego,1,0,1,Lekko,N,,,,,,,,,,,,,,,,,,
EWK-98328150P,2014,2014-07-19,11,POWIAT PŁOCK,PŁOCK - OBSZAR MIEJSKI,Droga gminna,GMINNA,Jednojezdniowa dwukierunkowa,Odcinek prosty,Obszar niezabudowany,"19,7763888888889","52,6955555555556",Jezdnia,Dobre warunki atmosferyczne,Światło dzienne,Najechanie na pieszego,1,0,0,Nieokreślone (puste pole),N,,,,,,,,,,,,,,,,,,
EWK-98328093K,2014,2014-07-19,9,POWIAT ŁOSICKI,ŁOSICE - OBSZAR MIEJSKI,Droga wojewódzka,698,Jednojezdniowa dwukierunkowa,Odcinek prosty,Obszar zabudowany,"22,9205555555556","52,315",Przejście dla pieszych,Dobre warunki atmosferyczne,Światło dzienne,Najechanie na pieszego,1,0,1,Lekko,N,,,,,,,,,,,,,,,,,,
EWK-98328093K,2014,2014-07-19,9,POWIAT ŁOSICKI,ŁOSICE - OBSZAR MIEJSKI,Droga wojewódzka,698,Jednojezdniowa dwukierunkowa,Odcinek prosty,Obszar zabudowany,"22,9205555555556","52,315",Przejście dla pieszych,Dobre warunki atmosferyczne,Światło dzienne,Najechanie na pieszego,1,0,0,Nieokreślone (puste pole),N,,,,,,,,,,,,,,,,,,
EWK-98326632C,2014,2014-07-19,14,POWIAT WĘGROWSKI,ŁOCHÓW - OBSZAR WIEJSKI,Droga gminna,GMINNA,Jednojezdniowa dwukierunkowa,,Obszar zabudowany,"21,7902777777778","52,5852777777778",Jezdnia,Dobre warunki atmosferyczne,Światło dzienne,Zderzenie pojazdów boczne,1,0,1,Lekko,N,,,,,,,,,,,,,,,,,,
EWK-98326632C,2014,2014-07-19,14,POWIAT WĘGROWSKI,ŁOCHÓW - OBSZAR WIEJSKI,Droga gminna,GMINNA,Jednojezdniowa dwukierunkowa,,Obszar zabudowany,"21,7902777777778","52,5852777777778",Jezdnia,Dobre warunki atmosferyczne,Światło dzienne,Zderzenie pojazdów boczne,1,0,0,Nieokreślone (puste pole),N,,,,,,,,,,,,,,,,,,
EWK-98327700R,2014,2014-07-19,11,POWIAT PRZASNYSKI,CHORZELE - OBSZAR WIEJSKI,Droga krajowa,57,Jednojezdniowa dwukierunkowa,,Obszar niezabudowany,"20,9055555555556","53,2772222222222",Jezdnia,Dobre warunki atmosferyczne,Światło dzienne,Zderzenie pojazdów boczne,1,0,1,Lekko,N,,,,,,,,,,,,,,,,,,
EWK-98327700R,2014,2014-07-19,11,POWIAT PRZASNYSKI,CHORZELE - OBSZAR WIEJSKI,Droga krajowa,57,Jednojezdniowa dwukierunkowa,,Obszar niezabudowany,"20,9055555555556","53,2772222222222",Jezdnia,Dobre warunki atmosferyczne,Światło dzienne,Zderzenie pojazdów boczne,1,0,0,Nieokreślone (puste pole),N,,,,,,,,,,,,,,,,,,
EWK-98328167Y,2014,2014-07-19,19,POWIAT PRZASNYSKI,KRZYNOWŁOGA MAŁA - OBSZAR WIEJSKI,Droga krajowa,57,Jednojezdniowa dwukierunkowa,Odcinek prosty,Obszar niezabudowany,"20,8744444444444","53,2736111111111",Jezdnia,Dobre warunki atmosferyczne,Światło dzienne,Zderzenie pojazdów boczne,1,0,1,Lekko,N,,,,,,,,,,,,,,,,,,
EWK-98328167Y,2014,2014-07-19,19,POWIAT PRZASNYSKI,KRZYNOWŁOGA MAŁA - OBSZAR WIEJSKI,Droga krajowa,57,Jednojezdniowa dwukierunkowa,Odcinek prosty,Obszar niezabudowany,"20,8744444444444","53,2736111111111",Jezdnia,Dobre warunki atmosferyczne,Światło dzienne,Zderzenie pojazdów boczne,1,0,0,Nieokreślone (puste pole),N,,,,,,,,,,,,,,,,,,
EWK-98328372L,2014,2014-07-19,18,POWIAT MAKOWSKI,KARNIEWO - OBSZAR WIEJSKI,Droga powiatowa,3238W,Jednojezdniowa dwukierunkowa,,Obszar niezabudowany,"21,0580555555556","52,8613888888889",Jezdnia,Dobre warunki atmosferyczne,Światło dzienne,Zderzenie pojazdów boczne,1,0,1,Ciężko,N,,,,,,,,,,,,,,,,,,
EWK-98328372L,2014,2014-07-19,18,POWIAT MAKOWSKI,KARNIEWO - OBSZAR WIEJSKI,Droga powiatowa,3238W,Jednojezdniowa dwukierunkowa,,Obszar niezabudowany,"21,0580555555556","52,8613888888889",Jezdnia,Dobre warunki atmosferyczne,Światło dzienne,Zderzenie pojazdów boczne,1,1,0,Nieokreślone (puste pole),N,,,,,,,,,,,,,,,,,,
EWK-98327422E,2014,2014-07-19,3,POWIAT ZWOLEŃSKI,ZWOLEŃ - OBSZAR MIEJSKI,Droga krajowa,12,Jednojezdniowa dwukierunkowa,Odcinek prosty,Obszar niezabudowany,"21,8813888888889","51,4005555555556",Jezdnia,Dobre warunki atmosferyczne,Noc - droga nieoświetlona,Zderzenie pojazdów czołowe,1,0,2,Lekko,N,,,,,,,,,,,,,,,,,,
EWK-98329232M,2014,2014-07-19,21,POWIAT KOZIENICKI,GRABÓW NAD PILICĄ - OBSZAR WIEJSKI,Droga wojewódzka,730,Jednojezdniowa dwukierunkowa,Odcinek prosty,Obszar niezabudowany,"21,2580555555556","51,7938888888889",Jezdnia,Dobre warunki atmosferyczne,Noc - droga oświetlona,Zderzenie pojazdów tylne,1,0,1,Lekko,N,,,,,,,,,,,,,,,,,,
EWK-98329232M,2014,2014-07-19,21,POWIAT KOZIENICKI,GRABÓW NAD PILICĄ - OBSZAR WIEJSKI,Droga wojewódzka,730,Jednojezdniowa dwukierunkowa,Odcinek prosty,Obszar niezabudowany,"21,2580555555556","51,7938888888889",Jezdnia,Dobre warunki atmosferyczne,Noc - droga oświetlona,Zderzenie pojazdów tylne,1,0,0,Nieokreślone (puste pole),N,,,,,,,,,,,,,,,,,,
EWK-98326145D,2014,2014-07-19,20,POWIAT MŁAWSKI,WIECZFNIA KOŚCIELNA - OBSZAR WIEJSKI,Droga krajowa,7,Jednojezdniowa dwukierunkowa,Odcinek prosty,Obszar niezabudowany,"20,4483333333333","53,2280555555556",Jezdnia,Dobre warunki atmosferyczne,Światło dzienne,Zderzenie pojazdów tylne,1,0,1,Lekko,N,,,,,,,,,,,,,,,,,,
EWK-98326145D,2014,2014-07-19,20,POWIAT MŁAWSKI,WIECZFNIA KOŚCIELNA - OBSZAR WIEJSKI,Droga krajowa,7,Jednojezdniowa dwukierunkowa,Odcinek prosty,Obszar niezabudowany,"20,4483333333333","53,2280555555556",Jezdnia,Dobre warunki atmosferyczne,Światło dzienne,Zderzenie pojazdów tylne,1,0,0,Nieokreślone (puste pole),N,,,,,,,,,,,,,,,,,,
EWK-98326907H,2014,2014-07-19,9,POWIAT RADOMSKI,WOLANÓW - OBSZAR WIEJSKI,Droga krajowa,12,Jednojezdniowa dwukierunkowa,Odcinek prosty,Obszar niezabudowany,"21,0586111111111","51,4027777777778",Jezdnia,Oślepiające słońce,Światło dzienne,Zderzenie pojazdów boczne,1,0,2,Lekko,N,,,,,,,,,,,,,,,,,,
EWK-98331854N,2014,2014-07-20,6,POWIAT OSTROŁĘCKI,GOWOROWO - OBSZAR WIEJSKI,Droga powiatowa,2568W,Jednojezdniowa dwukierunkowa,Odcinek prosty,Obszar niezabudowany,"21,6875","53,0311111111111","Skarpa, rów",Dobre warunki atmosferyczne,Światło dzienne,Inne,1,0,1,Ciężko,N,,,,,,,,,,,,,,,,,,
EWK-98331854N,2014,2014-07-20,6,POWIAT OSTROŁĘCKI,GOWOROWO - OBSZAR WIEJSKI,Droga powiatowa,2568W,Jednojezdniowa dwukierunkowa,Odcinek prosty,Obszar niezabudowany,"21,6875","53,0311111111111","Skarpa, rów",Dobre warunki atmosferyczne,Światło dzienne,Inne,1,0,3,Lekko,N,,,,,,,,,,,,,,,,,,
EWK-98326872D,2014,2014-07-20,5,POWIAT RADOMSKI,GÓZD - OBSZAR WIEJSKI,Droga powiatowa,34436W,Jednojezdniowa dwukierunkowa,Odcinek prosty,Obszar niezabudowany,"21,2913888888889","51,4822222222222",Jezdnia,Dobre warunki atmosferyczne,Światło dzienne,Najechanie na barierę ochronną,1,0,3,Lekko,N,,,,,,,,,,,,,,,,,,
EWK-98326646A,2014,2014-07-20,5,POWIAT WĘGROWSKI,ŁOCHÓW - OBSZAR WIEJSKI,Droga krajowa,62,Jednojezdniowa dwukierunkowa,"Zakręt, łuk",Obszar zabudowany,"21,9947222222222","52,5552777777778",Jezdnia,Dobre warunki atmosferyczne,Światło dzienne,Najechanie na drzewo,1,0,2,Lekko,N,,,,,,,,,,,,,,,,,,
EWK-98330036G,2014,2014-07-20,13,POWIAT WYSZKOWSKI,BRAŃSZCZYK - OBSZAR WIEJSKI,Droga krajowa,8,Jednojezdniowa dwukierunkowa,Odcinek prosty,Obszar niezabudowany,"21,665","52,7383333333333",Jezdnia,Dobre warunki atmosferyczne,Światło dzienne,Najechanie na drzewo,1,0,2,Ciężko,N,,,,,,,,,,,,,,,,,,
EWK-98330036G,2014,2014-07-20,13,POWIAT WYSZKOWSKI,BRAŃSZCZYK - OBSZAR WIEJSKI,Droga krajowa,8,Jednojezdniowa dwukierunkowa,Odcinek prosty,Obszar niezabudowany,"21,665","52,7383333333333",Jezdnia,Dobre warunki atmosferyczne,Światło dzienne,Najechanie na drzewo,1,0,3,Lekko,N,,,,,,,,,,,,,,,,,,
EWK-98334359A,2014,2014-07-20,0,POWIAT WYSZKOWSKI,SOMIANKA - OBSZAR WIEJSKI,Droga gminna,G440403W,Jednojezdniowa dwukierunkowa,Odcinek prosty,Obszar zabudowany,"21,2786111111111","52,6033333333333",Jezdnia,Dobre warunki atmosferyczne,Noc - droga oświetlona,"Najechanie na słup, znak",1,0,1,Ciężko,T,,,,,,,,,,,,,,,,,,
EWK-98334359A,2014,2014-07-20,0,POWIAT WYSZKOWSKI,SOMIANKA - OBSZAR WIEJSKI,Droga gminna,G440403W,Jednojezdniowa dwukierunkowa,Odcinek prosty,Obszar zabudowany,"21,2786111111111","52,6033333333333",Jezdnia,Dobre warunki atmosferyczne,Noc - droga oświetlona,"Najechanie na słup, znak",1,0,1,Lekko,T,,,,,,,,,,,,,,,,,,
EWK-98330021U,2014,2014-07-20,10,POWIAT GRÓJECKI,MOGIELNICA - OBSZAR WIEJSKI,Droga powiatowa,P,Jednojezdniowa dwukierunkowa,Odcinek prosty,Obszar zabudowany,"20,7469444444444","51,7363888888889",Jezdnia,Dobre warunki atmosferyczne,Światło dzienne,Wywrócenie się pojazdu,1,0,1,Ciężko,N,,,,,,,,,,,,,,,,,,
EWK-98344363F,2014,2014-07-20,7,POWIAT GARWOLIŃSKI,ŻELECHÓW - OBSZAR WIEJSKI,Droga powiatowa,31328W,Jednojezdniowa dwukierunkowa,Odcinek prosty,Obszar zabudowany,"21,9136111111111","51,8247222222222","Skarpa, rów",Dobre warunki atmosferyczne,Światło dzienne,Wywrócenie się pojazdu,1,0,1,Ciężko,N,,,,,,,,,,,,,,,,,,
EWK-98329352D,2014,2014-07-20,8,POWIAT ZWOLEŃSKI,PRZYŁĘK - OBSZAR WIEJSKI,Droga powiatowa,P4528W,Jednojezdniowa dwukierunkowa,,Obszar zabudowany,"21,8938888888889","51,4258333333333",Jezdnia,Dobre warunki atmosferyczne,Światło dzienne,Zderzenie pojazdów boczne,1,0,1,Lekko,N,,,,,,,,,,,,,,,,,,
EWK-98329352D,2014,2014-07-20,8,POWIAT ZWOLEŃSKI,PRZYŁĘK - OBSZAR WIEJSKI,Droga powiatowa,P4528W,Jednojezdniowa dwukierunkowa,,Obszar zabudowany,"21,8938888888889","51,4258333333333",Jezdnia,Dobre warunki atmosferyczne,Światło dzienne,Zderzenie pojazdów boczne,1,0,0,Nieokreślone (puste pole),N,,,,,,,,,,,,,,,,,,
EWK-98327656C,2014,2014-07-20,21,POWIAT PŁOCKI,BULKOWO - OBSZAR WIEJSKI,Droga powiatowa,P2924W,Jednojezdniowa dwukierunkowa,Odcinek prosty,Obszar niezabudowany,"20,1505555555556","52,6488888888889",Jezdnia,Dobre warunki atmosferyczne,"Zmrok, świt",Zderzenie pojazdów tylne,1,0,2,Lekko,N,,,,,,,,,,,,,,,,,,
EWK-98327656C,2014,2014-07-20,21,POWIAT PŁOCKI,BULKOWO - OBSZAR WIEJSKI,Droga powiatowa,P2924W,Jednojezdniowa dwukierunkowa,Odcinek prosty,Obszar niezabudowany,"20,1505555555556","52,6488888888889",Jezdnia,Dobre warunki atmosferyczne,"Zmrok, świt",Zderzenie pojazdów tylne,1,0,0,Nieokreślone (puste pole),N,,,,,,,,,,,,,,,,,,
EWK-98327636W,2014,2014-07-20,12,POWIAT PŁOCKI,ŁĄCK - OBSZAR WIEJSKI,Droga krajowa,60,Dwie jezdnie jednokierunkowe,Odcinek prosty,Obszar niezabudowany,"19,605","52,5327777777778",Jezdnia,Dobre warunki atmosferyczne,Światło dzienne,Zderzenie pojazdów tylne,1,0,1,Lekko,N,,,,,,,,,,,,,,,,,,