IDKSIP,year,date,hour,district,district_commune,road_category,road_number,type_of_road,road_geometry,area,Longitude,Latitude,char_place_of_the_event,weather_conditions,lighting,type_of_accident,num_of_accidents,num_of_fatalities,num_of_injured,type_of_injury,is_offender_intoxicated,,,,,,,,,,,,,,,,,,
EWK-98327636W,2014,2014-07-20,12,POWIAT PŁOCKI,ŁĄCK - OBSZAR WIEJSKI,Droga krajowa,60,Dwie jezdnie jednokierunkowe,Odcinek prosty,Obszar niezabudowany,"19,605","52,5327777777778",Jezdnia,Dobre warunki atmosferyczne,Światło dzienne,Zderzenie pojazdów tylne,1,0,0,Nieokreślone (puste pole),N,,,,,,,,,,,,,,,,,,
EWK-98328009L,2014,2014-07-20,13,POWIAT GRÓJECKI,GRÓJEC - OBSZAR MIEJSKI,Droga krajowa,50,Dwie jezdnie jednokierunkowe,Odcinek prosty,Obszar niezabudowany,"20,8769444444444","51,9002777777778",Jezdnia,Dobre warunki atmosferyczne,Światło dzienne,Zderzenie pojazdów tylne,1,0,1,Lekko,N,,,,,,,,,,,,,,,,,,
EWK-98328009L,2014,2014-07-20,13,POWIAT GRÓJECKI,GRÓJEC - OBSZAR MIEJSKI,Droga krajowa,50,Dwie jezdnie jednokierunkowe,Odcinek prosty,Obszar niezabudowany,"20,8769444444444","51,9002777777778",Jezdnia,Dobre warunki atmosferyczne,Światło dzienne,Zderzenie pojazdów tylne,1,1,0,Nieokreślone (puste pole),N,,,,,,,,,,,,,,,,,,
EWK-98328002R,2014,2014-07-20,18,POWIAT SOCHACZEWSKI,SOCHACZEW - OBSZAR MIEJSKI,Droga wojewódzka,580,Jednojezdniowa dwukierunkowa,Odcinek prosty,Obszar zabudowany,"20,2863888888889","52,3019444444445",Jezdnia,Opady deszczu,Światło dzienne,Najechanie na drzewo,1,0,1,Ciężko,T,,,,,,,,,,,,,,,,,,
EWK-98328171A,2014,2014-07-20,15,POWIAT PŁOCK,PŁOCK - OBSZAR MIEJSKI,Droga powiatowa,P,Jednojezdniowa dwukierunkowa,Odcinek prosty,Obszar zabudowany,"19,7291666666667","52,6752777777778",Jezdnia,Opady deszczu,Światło dzienne,Zderzenie pojazdów tylne,1,0,3,Lekko,N,,,,,,,,,,,,,,,,,,
EWK-98328171A,2014,2014-07-20,15,POWIAT PŁOCK,PŁOCK - OBSZAR MIEJSKI,Droga powiatowa,P,Jednojezdniowa dwukierunkowa,Odcinek prosty,Obszar zabudowany,"19,7291666666667","52,6752777777778",Jezdnia,Opady deszczu,Światło dzienne,Zderzenie pojazdów tylne,1,0,0,Nieokreślone (puste pole),N,,,,,,,,,,,,,,,,,,
EWK-98330027F,2014,2014-07-20,19,POWIAT WYSZKOWSKI,SOMIANKA - OBSZAR WIEJSKI,Droga powiatowa,P4414W,Jednojezdniowa dwukierunkowa,Odcinek prosty,Obszar niezabudowany,"21,3630555555556","52,5755555555556",Jezdnia,Pochmurno,Światło dzienne,Najechanie na zwierzę,1,0,1,Lekko,N,,,,,,,,,,,,,,,,,,
EWK-98330027F,2014,2014-07-20,19,POWIAT WYSZKOWSKI,SOMIANKA - OBSZAR WIEJSKI,Droga powiatowa,P4414W,Jednojezdniowa dwukierunkowa,Odcinek prosty,Obszar niezabudowany,"21,3630555555556","52,5755555555556",Jezdnia,Pochmurno,Światło dzienne,Najechanie na zwierzę,1,0,0,Nieokreślone (puste pole),N,,,,,,,,,,,,,,,,,,
EWK-98326310F,2014,2014-07-20,13,POWIAT GOSTYNIŃSKI,GOSTYNIN - OBSZAR WIEJSKI,Droga krajowa,S60G,Jednojezdniowa dwukierunkowa,,Obszar niezabudowany,"19,5208333333333","52,4383333333333",Jezdnia,Pochmurno,Światło dzienne,Zderzenie pojazdów boczne,1,0,3,Lekko,N,,,,,,,,,,,,,,,,,,
EWK-98326310F,2014,2014-07-20,13,POWIAT GOSTYNIŃSKI,GOSTYNIN - OBSZAR WIEJSKI,Droga krajowa,S60G,Jednojezdniowa dwukierunkowa,,Obszar niezabudowany,"19,5208333333333","52,4383333333333",Jezdnia,Pochmurno,Światło dzienne,Zderzenie pojazdów boczne,1,0,0,Nieokreślone (puste pole),N,,,,,,,,,,,,,,,,,,
EWK-98331212E,2014,2014-07-21,12,POWIAT ŻUROMIŃSKI,ŻUROMIN - OBSZAR MIEJSKI,Droga powiatowa,P,Jednojezdniowa dwukierunkowa,Odcinek prosty,Obszar zabudowany,"19,9355555555556","53,1044444444444",Jezdnia,Dobre warunki atmosferyczne,Światło dzienne,Najechanie na pieszego,1,0,1,Ciężko,T,,,,,,,,,,,,,,,,,,
EWK-98331212E,2014,2014-07-21,12,POWIAT ŻUROMIŃSKI,ŻUROMIN - OBSZAR MIEJSKI,Droga powiatowa,P,Jednojezdniowa dwukierunkowa,Odcinek prosty,Obszar zabudowany,"19,9355555555556","53,1044444444444",Jezdnia,Dobre warunki atmosferyczne,Światło dzienne,Najechanie na pieszego,1,0,0,Nieokreślone (puste pole),T,,,,,,,,,,,,,,,,,,
EWK-98327667Q,2014,2014-07-21,9,POWIAT PŁOCK,PŁOCK - OBSZAR MIEJSKI,Droga powiatowa,P,Jednojezdniowa dwukierunkowa,,Obszar zabudowany,"19,7430555555556","52,6366666666667",Jezdnia,Dobre warunki atmosferyczne,Światło dzienne,Zderzenie pojazdów boczne,1,0,2,Lekko,N,,,,,,,,,,,,,,,,,,
EWK-98327667Q,2014,2014-07-21,9,POWIAT PŁOCK,PŁOCK - OBSZAR MIEJSKI,Droga powiatowa,P,Jednojezdniowa dwukierunkowa,,Obszar zabudowany,"19,7430555555556","52,6366666666667",Jezdnia,Dobre warunki atmosferyczne,Światło dzienne,Zderzenie pojazdów boczne,1,0,0,Nieokreślone (puste pole),N,,,,,,,,,,,,,,,,,,
EWK-98331836E,2014,2014-07-21,18,POWIAT OSTROŁĘKA,OSTROŁĘKA - OBSZAR MIEJSKI,Droga powiatowa,2538W,Jednojezdniowa dwukierunkowa,,Obszar zabudowany,"21,5602777777778","53,2433333333333",Jezdnia,Dobre warunki atmosferyczne,Światło dzienne,Zderzenie pojazdów boczne,1,0,1,Lekko,N,,,,,,,,,,,,,,,,,,
EWK-98331836E,2014,2014-07-21,18,POWIAT OSTROŁĘKA,OSTROŁĘKA - OBSZAR MIEJSKI,Droga powiatowa,2538W,Jednojezdniowa dwukierunkowa,,Obszar zabudowany,"21,5602777777778","53,2433333333333",Jezdnia,Dobre warunki atmosferyczne,Światło dzienne,Zderzenie pojazdów boczne,1,0,0,Nieokreślone (puste pole),N,,,,,,,,,,,,,,,,,,
EWK-98330343Y,2014,2014-07-21,3,POWIAT RADOM,RADOM - OBSZAR MIEJSKI,Droga krajowa,7,Dwie jezdnie jednokierunkowe,Odcinek prosty,Obszar zabudowany,"21,2466666666667","51,5502777777778",Przejście dla pieszych,Dobre warunki atmosferyczne,Światło dzienne,Zderzenie pojazdów boczne,1,0,1,Ciężko,N,,,,,,,,,,,,,,,,,,
EWK-98330343Y,2014,2014-07-21,3,POWIAT RADOM,RADOM - OBSZAR MIEJSKI,Droga krajowa,7,Dwie jezdnie jednokierunkowe,Odcinek prosty,Obszar zabudowany,"21,2466666666667","51,5502777777778",Przejście dla pieszych,Dobre warunki atmosferyczne,Światło dzienne,Zderzenie pojazdów boczne,1,0,0,Nieokreślone (puste pole),N,,,,,,,,,,,,,,,,,,
EWK-98330864U,2014,2014-07-21,19,POWIAT KOZIENICKI,KOZIENICE - OBSZAR WIEJSKI,Droga krajowa,48,Jednojezdniowa dwukierunkowa,Odcinek prosty,Obszar zabudowany,"21,6544444444444","51,6947222222222",Jezdnia,Dobre warunki atmosferyczne,Światło dzienne,Zderzenie pojazdów tylne,1,0,1,Lekko,N,,,,,,,,,,,,,,,,,,
EWK-98330864U,2014,2014-07-21,19,POWIAT KOZIENICKI,KOZIENICE - OBSZAR WIEJSKI,Droga krajowa,48,Jednojezdniowa dwukierunkowa,Odcinek prosty,Obszar zabudowany,"21,6544444444444","51,6947222222222",Jezdnia,Dobre warunki atmosferyczne,Światło dzienne,Zderzenie pojazdów tylne,1,0,0,Nieokreślone (puste pole),N,,,,,,,,,,,,,,,,,,
EWK-98331280D,2014,2014-07-21,12,POWIAT SIERPECKI,SZCZUTOWO - OBSZAR WIEJSKI,Droga krajowa,10,Jednojezdniowa dwukierunkowa,Odcinek prosty,Obszar zabudowany,"19,6663888888889","52,9211111111111",Jezdnia,Dobre warunki atmosferyczne,Światło dzienne,Zderzenie pojazdów tylne,1,0,1,Ciężko,N,,,,,,,,,,,,,,,,,,
EWK-98331280D,2014,2014-07-21,12,POWIAT SIERPECKI,SZCZUTOWO - OBSZAR WIEJSKI,Droga krajowa,10,Jednojezdniowa dwukierunkowa,Odcinek prosty,Obszar zabudowany,"19,6663888888889","52,9211111111111",Jezdnia,Dobre warunki atmosferyczne,Światło dzienne,Zderzenie pojazdów tylne,1,0,0,Nieokreślone (puste pole),N,,,,,,,,,,,,,,,,,,
EWK-98330349F,2014,2014-07-21,5,POWIAT RADOM,RADOM - OBSZAR MIEJSKI,Droga krajowa,12,Dwie jezdnie jednokierunkowe,"Zakręt, łuk",Obszar zabudowany,"21,165","51,4991666666667",Jezdnia,Pochmurno,Światło dzienne,Najechanie na drzewo,1,0,1,Lekko,N,,,,,,,,,,,,,,,,,,
EWK-98330349F,2014,2014-07-21,5,POWIAT RADOM,RADOM - OBSZAR MIEJSKI,Droga krajowa,12,Dwie jezdnie jednokierunkowe,"Zakręt, łuk",Obszar zabudowany,"21,165","51,4991666666667",Jezdnia,Pochmurno,Światło dzienne,Najechanie na drzewo,1,0,0,Nieokreślone (puste pole),N,,,,,,,,,,,,,,,,,,
EWK-98329731X,2014,2014-07-22,21,POWIAT OSTROWSKI,BOGUTY-PIANKI - OBSZAR WIEJSKI,Droga gminna,GMINNA,Jednojezdniowa dwukierunkowa,"Zakręt, łuk",Obszar niezabudowany,"22,4727777777778","52,8419444444444",Jezdnia,Dobre warunki atmosferyczne,Noc - droga nieoświetlona,Wywrócenie się pojazdu,1,0,1,Ciężko,T,,,,,,,,,,,,,,,,,,
EWK-98331339C,2014,2014-07-22,21,POWIAT PŁOCK,PŁOCK - OBSZAR MIEJSKI,Droga powiatowa,P,Dwie jezdnie jednokierunkowe,,Obszar zabudowany,"19,8255555555556","52,5594444444444",Jezdnia,Dobre warunki atmosferyczne,Noc - droga oświetlona,Zderzenie pojazdów boczne,1,0,1,Lekko,N,,,,,,,,,,,,,,,,,,
EWK-98331339C,2014,2014-07-22,21,POWIAT PŁOCK,PŁOCK - OBSZAR MIEJSKI,Droga powiatowa,P,Dwie jezdnie jednokierunkowe,,Obszar zabudowany,"19,8255555555556","52,5594444444444",Jezdnia,Dobre warunki atmosferyczne,Noc - droga oświetlona,Zderzenie pojazdów boczne,1,0,0,Nieokreślone (puste pole),N,,,,,,,,,,,,,,,,,,
EWK-98329446D,2014,2014-07-22,19,POWIAT PRZASNYSKI,PRZASNYSZ - OBSZAR WIEJSKI,Droga krajowa,57,Jednojezdniowa dwukierunkowa,Odcinek prosty,Obszar zabudowany,"20,9558333333333","53,0805555555556",Jezdnia,Dobre warunki atmosferyczne,Światło dzienne,Zderzenie pojazdów boczne,1,0,1,Lekko,T,,,,,,,,,,,,,,,,,,
EWK-98329446D,2014,2014-07-22,19,POWIAT PRZASNYSKI,PRZASNYSZ - OBSZAR WIEJSKI,Droga krajowa,57,Jednojezdniowa dwukierunkowa,Odcinek prosty,Obszar zabudowany,"20,9558333333333","53,0805555555556",Jezdnia,Dobre warunki atmosferyczne,Światło dzienne,Zderzenie pojazdów boczne,1,0,0,Nieokreślone (puste pole),T,,,,,,,,,,,,,,,,,,
EWK-98330601C,2014,2014-07-22,16,POWIAT WĘGROWSKI,WĘGRÓW - OBSZAR MIEJSKI,Droga powiatowa,36137,Jednojezdniowa dwukierunkowa,Odcinek prosty,Obszar zabudowany,"22,17","52,4875",Jezdnia,Dobre warunki atmosferyczne,Światło dzienne,Zderzenie pojazdów boczne,1,0,1,Lekko,N,,,,,,,,,,,,,,,,,,
EWK-98330601C,2014,2014-07-22,16,POWIAT WĘGROWSKI,WĘGRÓW - OBSZAR MIEJSKI,Droga powiatowa,36137,Jednojezdniowa dwukierunkowa,Odcinek prosty,Obszar zabudowany,"22,17","52,4875",Jezdnia,Dobre warunki atmosferyczne,Światło dzienne,Zderzenie pojazdów boczne,1,0,0,Nieokreślone (puste pole),N,,,,,,,,,,,,,,,,,,
EWK-98331330Q,2014,2014-07-22,7,POWIAT RADOM,RADOM - OBSZAR MIEJSKI,Droga powiatowa,P3528W,Jednojezdniowa dwukierunkowa,"Zakręt, łuk",Obszar zabudowany,"21,2094444444444","51,5372222222222",Jezdnia,Dobre warunki atmosferyczne,Światło dzienne,Zderzenie pojazdów boczne,1,0,1,Lekko,N,,,,,,,,,,,,,,,,,,
EWK-98331330Q,2014,2014-07-22,7,POWIAT RADOM,RADOM - OBSZAR MIEJSKI,Droga powiatowa,P3528W,Jednojezdniowa dwukierunkowa,"Zakręt, łuk",Obszar zabudowany,"21,2094444444444","51,5372222222222",Jezdnia,Dobre warunki atmosferyczne,Światło dzienne,Zderzenie pojazdów boczne,1,0,0,Nieokreślone (puste pole),N,,,,,,,,,,,,,,,,,,
EWK-98333342P,2014,2014-07-22,8,POWIAT RADOMSKI,JEDLNIA-LETNISKO - OBSZAR WIEJSKI,Droga wojewódzka,699,Jednojezdniowa dwukierunkowa,Odcinek prosty,Obszar niezabudowany,"21,4336111111111","51,4361111111111",Jezdnia,Dobre warunki atmosferyczne,Światło dzienne,Zderzenie pojazdów czołowe,1,0,1,Ciężko,N,,,,,,,,,,,,,,,,,,
EWK-98333342P,2014,2014-07-22,8,POWIAT RADOMSKI,JEDLNIA-LETNISKO - OBSZAR WIEJSKI,Droga wojewódzka,699,Jednojezdniowa dwukierunkowa,Odcinek prosty,Obszar niezabudowany,"21,4336111111111","51,4361111111111",Jezdnia,Dobre warunki atmosferyczne,Światło dzienne,Zderzenie pojazdów czołowe,1,0,0,Nieokreślone (puste pole),N,,,,,,,,,,,,,,,,,,
EWK-98330335P,2014,2014-07-22,17,POWIAT BIAŁOBRZESKI,BIAŁOBRZEGI - OBSZAR MIEJSKI,Droga gminna,G110150W,Jednojezdniowa dwukierunkowa,,Obszar zabudowany,"20,9647222222222","51,7972222222222",Przejście dla pieszych,Oślepiające słońce,Światło dzienne,Najechanie na pieszego,1,0,1,Lekko,N,,,,,,,,,,,,,,,,,,
EWK-98330335P,2014,2014-07-22,17,POWIAT BIAŁOBRZESKI,BIAŁOBRZEGI - OBSZAR MIEJSKI,Droga gminna,G110150W,Jednojezdniowa dwukierunkowa,,Obszar zabudowany,"20,9647222222222","51,7972222222222",Przejście dla pieszych,Oślepiające słońce,Światło dzienne,Najechanie na pieszego,1,0,0,Nieokreślone (puste pole),N,,,,,,,,,,,,,,,,,,
EWK-98344440R,2014,2014-07-23,12,POWIAT GARWOLIŃSKI,BOROWIE - OBSZAR WIEJSKI,Droga krajowa,76,Jednojezdniowa dwukierunkowa,"Zakręt, łuk",Obszar niezabudowany,"21,8883333333333","52,0522222222222","Skarpa, rów",Dobre warunki atmosferyczne,Światło dzienne,Inne,1,0,3,Lekko,N,,,,,,,,,,,,,,,,,,
EWK-98343693L,2014,2014-07-23,22,POWIAT GARWOLIŃSKI,PILAWA - OBSZAR WIEJSKI,Droga krajowa,17,Jednojezdniowa dwukierunkowa,Odcinek prosty,Obszar niezabudowany,"21,5655555555556","52,0055555555556","Skarpa, rów",Dobre warunki atmosferyczne,Noc - droga nieoświetlona,Najechanie na pojazd unieruchomiony,1,0,2,Ciężko,N,,,,,,,,,,,,,,,,,,
EWK-98343693L,2014,2014-07-23,22,POWIAT GARWOLIŃSKI,PILAWA - OBSZAR WIEJSKI,Droga krajowa,17,Jednojezdniowa dwukierunkowa,Odcinek prosty,Obszar niezabudowany,"21,5655555555556","52,0055555555556","Skarpa, rów",Dobre warunki atmosferyczne,Noc - droga nieoświetlona,Najechanie na pojazd unieruchomiony,1,0,0,Nieokreślone (puste pole),N,,,,,,,,,,,,,,,,,,
EWK-98331727R,2014,2014-07-23,11,POWIAT CIECHANOWSKI,GRUDUSK - OBSZAR WIEJSKI,Droga gminna,G120522W,Jednojezdniowa dwukierunkowa,,Obszar niezabudowany,"20,6572222222222","53,0858333333333",Jezdnia,Dobre warunki atmosferyczne,Światło dzienne,Zderzenie pojazdów boczne,1,0,1,Lekko,N,,,,,,,,,,,,,,,,,,
EWK-98331727R,2014,2014-07-23,11,POWIAT CIECHANOWSKI,GRUDUSK - OBSZAR WIEJSKI,Droga gminna,G120522W,Jednojezdniowa dwukierunkowa,,Obszar niezabudowany,"20,6572222222222","53,0858333333333",Jezdnia,Dobre warunki atmosferyczne,Światło dzienne,Zderzenie pojazdów boczne,1,0,0,Nieokreślone (puste pole),N,,,,,,,,,,,,,,,,,,
EWK-98333157H,2014,2014-07-23,16,POWIAT ŻYRARDOWSKI,ŻYRARDÓW - OBSZAR MIEJSKI,Droga wojewódzka,719,Jednojezdniowa dwukierunkowa,Odcinek prosty,Obszar zabudowany,"20,6055555555556","52,1091666666667",Jezdnia,Dobre warunki atmosferyczne,Światło dzienne,Zderzenie pojazdów boczne,1,0,1,Lekko,N,,,,,,,,,,,,,,,,,,
EWK-98333157H,2014,2014-07-23,16,POWIAT ŻYRARDOWSKI,ŻYRARDÓW - OBSZAR MIEJSKI,Droga wojewódzka,719,Jednojezdniowa dwukierunkowa,Odcinek prosty,Obszar zabudowany,"20,6055555555556","52,1091666666667",Jezdnia,Dobre warunki atmosferyczne,Światło dzienne,Zderzenie pojazdów boczne,1,0,0,Nieokreślone (puste pole),N,,,,,,,,,,,,,,,,,,
EWK-98334312F,2014,2014-07-23,6,POWIAT RADOMSKI,GÓZD - OBSZAR WIEJSKI,Droga powiatowa,34435W,Jednojezdniowa dwukierunkowa,,Obszar zabudowany,"21,2736111111111","51,4794444444444",Jezdnia,Dobre warunki atmosferyczne,Światło dzienne,Zderzenie pojazdów boczne,1,0,1,Ciężko,N,,,,,,,,,,,,,,,,,,
EWK-98334312F,2014,2014-07-23,6,POWIAT RADOMSKI,GÓZD - OBSZAR WIEJSKI,Droga powiatowa,34435W,Jednojezdniowa dwukierunkowa,,Obszar zabudowany,"21,2736111111111","51,4794444444444",Jezdnia,Dobre warunki atmosferyczne,Światło dzienne,Zderzenie pojazdów boczne,1,0,0,Nieokreślone (puste pole),N,,,,,,,,,,,,,,,,,,
EWK-98329966M,2014,2014-07-23,14,POWIAT PŁOCK,PŁOCK - OBSZAR MIEJSKI,Droga powiatowa,P,Jednojezdniowa dwukierunkowa,Odcinek prosty,Obszar zabudowany,"19,7313888888889","52,6377777777778",Jezdnia,Dobre warunki atmosferyczne,Światło dzienne,Zderzenie pojazdów czołowe,1,0,2,Lekko,N,,,,,,,,,,,,,,,,,,
EWK-98329966M,2014,2014-07-23,14,POWIAT PŁOCK,PŁOCK - OBSZAR MIEJSKI,Droga powiatowa,P,Jednojezdniowa dwukierunkowa,Odcinek prosty,Obszar zabudowany,"19,7313888888889","52,6377777777778",Jezdnia,Dobre warunki atmosferyczne,Światło dzienne,Zderzenie pojazdów czołowe,1,0,0,Nieokreślone (puste pole),N,,,,,,,,,,,,,,,,,,
EWK-98329957J,2014,2014-07-23,6,POWIAT PŁOCK,PŁOCK - OBSZAR MIEJSKI,Droga powiatowa,P,Jednojezdniowa dwukierunkowa,Odcinek prosty,Obszar zabudowany,"19,7791666666667","52,6955555555556",Droga dla rowerzystów,Dobre warunki atmosferyczne,Światło dzienne,Zderzenie pojazdów tylne,1,0,1,Lekko,N,,,,,,,,,,,,,,,,,,
EWK-98329957J,2014,2014-07-23,6,POWIAT PŁOCK,PŁOCK - OBSZAR MIEJSKI,Droga powiatowa,P,Jednojezdniowa dwukierunkowa,Odcinek prosty,Obszar zabudowany,"19,7791666666667","52,6955555555556",Droga dla rowerzystów,Dobre warunki atmosferyczne,Światło dzienne,Zderzenie pojazdów tylne,1,0,0,Nieokreślone (puste pole),N,,,,,,,,,,,,,,,,,,
EWK-98330891D,2014,2014-07-23,14,POWIAT WĘGROWSKI,WIERZBNO - OBSZAR WIEJSKI,Droga gminna,GMINNA,Jednojezdniowa dwukierunkowa,"Zakręt, łuk",Obszar niezabudowany,"21,9136111111111","52,3833333333333",Jezdnia,Pochmurno,Światło dzienne,Zderzenie pojazdów boczne,1,0,1,Ciężko,N,,,,,,,,,,,,,,,,,,
EWK-98330891D,2014,2014-07-23,14,POWIAT WĘGROWSKI,WIERZBNO - OBSZAR WIEJSKI,Droga gminna,GMINNA,Jednojezdniowa dwukierunkowa,"Zakręt, łuk",Obszar niezabudowany,"21,9136111111111","52,3833333333333",Jezdnia,Pochmurno,Światło dzienne,Zderzenie pojazdów boczne,1,0,0,Nieokreślone (puste pole),N,,,,,,,,,,,,,,,,,,
EWK-98334475H,2014,2014-07-24,18,POWIAT OSTROŁĘCKI,BARANOWO - OBSZAR WIEJSKI,Droga powiatowa,2579W,Jednojezdniowa dwukierunkowa,"Zakręt, łuk",Obszar niezabudowany,"21,3316666666667","53,2791666666667",Jezdnia,Dobre warunki atmosferyczne,Światło dzienne,Wywrócenie się pojazdu,1,0,1,Ciężko,N,,,,,,,,,,,,,,,,,,
EWK-98343727F,2014,2014-07-24,13,POWIAT GARWOLIŃSKI,MACIEJOWICE - OBSZAR WIEJSKI,Droga wojewódzka,801,Jednojezdniowa dwukierunkowa,Odcinek prosty,Obszar niezabudowany,"21,7472222222222","51,6802777777778","Skarpa, rów",Dobre warunki atmosferyczne,Światło dzienne,Wywrócenie się pojazdu,1,0,1,Ciężko,N,,,,,,,,,,,,,,,,,,
EWK-98343727F,2014,2014-07-24,13,POWIAT GARWOLIŃSKI,MACIEJOWICE - OBSZAR WIEJSKI,Droga wojewódzka,801,Jednojezdniowa dwukierunkowa,Odcinek prosty,Obszar niezabudowany,"21,7472222222222","51,6802777777778","Skarpa, rów",Dobre warunki atmosferyczne,Światło dzienne,Wywrócenie się pojazdu,1,0,1,Lekko,N,,,,,,,,,,,,,,,,,,
EWK-98332137X,2014,2014-07-24,22,POWIAT PŁOCKI,STARA BIAŁA - OBSZAR WIEJSKI,Droga wojewódzka,559,Jednojezdniowa dwukierunkowa,,Obszar zabudowany,"19,7225","52,7105555555556",Jezdnia,Dobre warunki atmosferyczne,Noc - droga oświetlona,Zderzenie pojazdów czołowe,1,0,1,Ciężko,N,,,,,,,,,,,,,,,,,,
EWK-98332137X,2014,2014-07-24,22,POWIAT PŁOCKI,STARA BIAŁA - OBSZAR WIEJSKI,Droga wojewódzka,559,Jednojezdniowa dwukierunkowa,,Obszar zabudowany,"19,7225","52,7105555555556",Jezdnia,Dobre warunki atmosferyczne,Noc - droga oświetlona,Zderzenie pojazdów czołowe,1,0,1,Lekko,N,,,,,,,,,,,,,,,,,,
EWK-98332137X,2014,2014-07-24,22,POWIAT PŁOCKI,STARA BIAŁA - OBSZAR WIEJSKI,Droga wojewódzka,559,Jednojezdniowa dwukierunkowa,,Obszar zabudowany,"19,7225","52,7105555555556",Jezdnia,Dobre warunki atmosferyczne,Noc - droga oświetlona,Zderzenie pojazdów czołowe,1,0,0,Nieokreślone (puste pole),N,,,,,,,,,,,,,,,,,,
EWK-98333270H,2014,2014-07-24,7,POWIAT KOZIENICKI,KOZIENICE - OBSZAR MIEJSKI,Droga krajowa,48,Jednojezdniowa dwukierunkowa,Odcinek prosty,Obszar zabudowany,"21,6288888888889","51,7052777777778",Przejście dla pieszych,Opady deszczu,Światło dzienne,Najechanie na pieszego,1,0,1,Ciężko,N,,,,,,,,,,,,,,,,,,
EWK-98333270H,2014,2014-07-24,7,POWIAT KOZIENICKI,KOZIENICE - OBSZAR MIEJSKI,Droga krajowa,48,Jednojezdniowa dwukierunkowa,Odcinek prosty,Obszar zabudowany,"21,6288888888889","51,7052777777778",Przejście dla pieszych,Opady deszczu,Światło dzienne,Najechanie na pieszego,1,0,0,Nieokreślone (puste pole),N,,,,,,,,,,,,,,,,,,
EWK-98335091R,2014,2014-07-25,14,POWIAT RADOMSKI,PIONKI - OBSZAR WIEJSKI,Droga wojewódzka,737,Jednojezdniowa dwukierunkowa,,Obszar niezabudowany,"21,47","51,5708333333333",Jezdnia,Dobre warunki atmosferyczne,Światło dzienne,Zderzenie pojazdów boczne,1,0,1,Lekko,N,,,,,,,,,,,,,,,,,,
EWK-98335091R,2014,2014-07-25,14,POWIAT RADOMSKI,PIONKI - OBSZAR WIEJSKI,Droga wojewódzka,737,Jednojezdniowa dwukierunkowa,,Obszar niezabudowany,"21,47","51,5708333333333",Jezdnia,Dobre warunki atmosferyczne,Światło dzienne,Zderzenie pojazdów boczne,1,0,0,Nieokreślone (puste pole),N,,,,,,,,,,,,,,,,,,
EWK-98335460K,2014,2014-07-25,15,POWIAT WĘGROWSKI,KORYTNICA - OBSZAR WIEJSKI,Droga powiatowa,36206W,Jednokierunkowa,,Obszar zabudowany,"21,9044444444444","52,59",Jezdnia,Dobre warunki atmosferyczne,Światło dzienne,Zderzenie pojazdów czołowe,1,0,1,Lekko,N,,,,,,,,,,,,,,,,,,
EWK-98335460K,2014,2014-07-25,15,POWIAT WĘGROWSKI,KORYTNICA - OBSZAR WIEJSKI,Droga powiatowa,36206W,Jednokierunkowa,,Obszar zabudowany,"21,9044444444444","52,59",Jezdnia,Dobre warunki atmosferyczne,Światło dzienne,Zderzenie pojazdów czołowe,1,0,0,Nieokreślone (puste pole),N,,,,,,,,,,,,,,,,,,
EWK-98345475F,2014,2014-07-25,9,POWIAT GARWOLIŃSKI,GÓRZNO - OBSZAR WIEJSKI,Droga krajowa,17,Jednojezdniowa dwukierunkowa,Odcinek prosty,Obszar niezabudowany,"21,7958333333333","51,8666666666667",Jezdnia,Dobre warunki atmosferyczne,Światło dzienne,Zderzenie pojazdów tylne,1,0,1,Lekko,N,,,,,,,,,,,,,,,,,,
EWK-98345475F,2014,2014-07-25,9,POWIAT GARWOLIŃSKI,GÓRZNO - OBSZAR WIEJSKI,Droga krajowa,17,Jednojezdniowa dwukierunkowa,Odcinek prosty,Obszar niezabudowany,"21,7958333333333","51,8666666666667",Jezdnia,Dobre warunki atmosferyczne,Światło dzienne,Zderzenie pojazdów tylne,1,0,0,Nieokreślone (puste pole),N,,,,,,,,,,,,,,,,,,
EWK-98341849K,2014,2014-07-25,14,POWIAT PŁOCKI,BIELSK - OBSZAR WIEJSKI,Droga krajowa,60,Jednojezdniowa dwukierunkowa,"Zakręt, łuk",Obszar niezabudowany,"19,9111111111111","52,7155555555556","Skarpa, rów",Opady deszczu,Światło dzienne,Inne,1,0,2,Lekko,N,,,,,,,,,,,,,,,,,,
EWK-98337093A,2014,2014-07-25,12,POWIAT RADOM,RADOM - OBSZAR MIEJSKI,Droga powiatowa,P5316W,Jednojezdniowa dwukierunkowa,,Obszar zabudowany,"21,2588888888889","51,4013888888889",Jezdnia,Pochmurno,Światło dzienne,Najechanie na pieszego,1,0,1,Lekko,N,,,,,,,,,,,,,,,,,,
EWK-98337093A,2014,2014-07-25,12,POWIAT RADOM,RADOM - OBSZAR MIEJSKI,Droga powiatowa,P5316W,Jednojezdniowa dwukierunkowa,,Obszar zabudowany,"21,2588888888889","51,4013888888889",Jezdnia,Pochmurno,Światło dzienne,Najechanie na pieszego,1,0,0,Nieokreślone (puste pole),N,,,,,,,,,,,,,,,,,,