IDKSIP,year,date,hour,district,district_commune,road_category,road_number,type_of_road,road_geometry,area,Longitude,Latitude,char_place_of_the_event,weather_conditions,lighting,type_of_accident,num_of_accidents,num_of_fatalities,num_of_injured,type_of_injury,is_offender_intoxicated,,,,,,,,,,,,,,,,,,
EWK-98343058G,2014,2014-07-31,8,POWIAT GRÓJECKI,GRÓJEC - OBSZAR MIEJSKI,Droga powiatowa,P,Jednojezdniowa dwukierunkowa,,Obszar zabudowany,"20,9925","51,9825",Jezdnia,Dobre warunki atmosferyczne,Światło dzienne,Zderzenie pojazdów boczne,1,0,0,Nieokreślone (puste pole),N,,,,,,,,,,,,,,,,,,
EWK-98342532U,2014,2014-07-31,8,POWIAT SOKOŁOWSKI,REPKI - OBSZAR WIEJSKI,Droga gminna,GMINNA,Jednojezdniowa dwukierunkowa,"Zakręt, łuk",Obszar zabudowany,"22,5697222222222","52,4422222222222",Jezdnia,Dobre warunki atmosferyczne,Światło dzienne,Zderzenie pojazdów czołowe,1,0,1,Lekko,N,,,,,,,,,,,,,,,,,,
EWK-98342532U,2014,2014-07-31,8,POWIAT SOKOŁOWSKI,REPKI - OBSZAR WIEJSKI,Droga gminna,GMINNA,Jednojezdniowa dwukierunkowa,"Zakręt, łuk",Obszar zabudowany,"22,5697222222222","52,4422222222222",Jezdnia,Dobre warunki atmosferyczne,Światło dzienne,Zderzenie pojazdów czołowe,1,0,0,Nieokreślone (puste pole),N,,,,,,,,,,,,,,,,,,
EWK-98341759G,2014,2014-07-31,17,POWIAT SOKOŁOWSKI,REPKI - OBSZAR WIEJSKI,Droga krajowa,62,Jednojezdniowa dwukierunkowa,,Obszar niezabudowany,"22,6427777777778","52,5433333333333","Most, wiadukt, łącznica, tunel",Opady deszczu,Światło dzienne,Najechanie na barierę ochronną,1,0,1,Lekko,N,,,,,,,,,,,,,,,,,,
EWK-98345690M,2014,2014-08-01,10,POWIAT WYSZKOWSKI,WYSZKÓW - OBSZAR WIEJSKI,Droga krajowa,62,Jednojezdniowa dwukierunkowa,Odcinek prosty,Obszar niezabudowany,"21,6386111111111","52,6577777777778",Jezdnia,Dobre warunki atmosferyczne,Światło dzienne,Najechanie na drzewo,1,0,1,Lekko,N,,,,,,,,,,,,,,,,,,
EWK-98347375M,2014,2014-08-01,23,POWIAT PŁOCK,PŁOCK - OBSZAR MIEJSKI,Droga powiatowa,P,Jednojezdniowa dwukierunkowa,Odcinek prosty,Obszar zabudowany,"19,8930555555556","52,5719444444444",Jezdnia,Dobre warunki atmosferyczne,Noc - droga oświetlona,"Najechanie na słup, znak",1,0,1,Lekko,T,,,,,,,,,,,,,,,,,,
EWK-98344010Q,2014,2014-08-01,0,POWIAT SIERPECKI,SIERPC - OBSZAR WIEJSKI,Droga krajowa,10,Jednojezdniowa dwukierunkowa,Odcinek prosty,Obszar niezabudowany,"19,5905555555556","52,8933333333333",Jezdnia,Dobre warunki atmosferyczne,Noc - droga nieoświetlona,Wywrócenie się pojazdu,1,0,4,Lekko,N,,,,,,,,,,,,,,,,,,
EWK-98344010Q,2014,2014-08-01,0,POWIAT SIERPECKI,SIERPC - OBSZAR WIEJSKI,Droga krajowa,10,Jednojezdniowa dwukierunkowa,Odcinek prosty,Obszar niezabudowany,"19,5905555555556","52,8933333333333",Jezdnia,Dobre warunki atmosferyczne,Noc - droga nieoświetlona,Wywrócenie się pojazdu,1,0,0,Nieokreślone (puste pole),N,,,,,,,,,,,,,,,,,,
EWK-98343075N,2014,2014-08-01,0,POWIAT GRÓJECKI,WARKA - OBSZAR WIEJSKI,Droga wojewódzka,731,Jednojezdniowa dwukierunkowa,"Zakręt, łuk",Obszar niezabudowany,"21,265","51,9072222222222",Jezdnia,Opady deszczu,Noc - droga nieoświetlona,Wywrócenie się pojazdu,1,0,3,Lekko,N,,,,,,,,,,,,,,,,,,
EWK-98344066Q,2014,2014-08-01,12,POWIAT OSTROWSKI,OSTRÓW MAZOWIECKA - OBSZAR MIEJSKI,Droga krajowa,S8O,Jednokierunkowa,"Zakręt, łuk",Obszar niezabudowany,"21,8888888888889","52,9177777777778",Jezdnia,Opady deszczu,Światło dzienne,Wywrócenie się pojazdu,1,0,1,Lekko,N,,,,,,,,,,,,,,,,,,
EWK-98344066Q,2014,2014-08-01,12,POWIAT OSTROWSKI,OSTRÓW MAZOWIECKA - OBSZAR MIEJSKI,Droga krajowa,S8O,Jednokierunkowa,"Zakręt, łuk",Obszar niezabudowany,"21,8888888888889","52,9177777777778",Jezdnia,Opady deszczu,Światło dzienne,Wywrócenie się pojazdu,1,0,0,Nieokreślone (puste pole),N,,,,,,,,,,,,,,,,,,
EWK-98346858X,2014,2014-08-01,8,POWIAT ŻYRARDOWSKI,PUSZCZA MARIAŃSKA - OBSZAR WIEJSKI,Droga gminna,GMINNA,Jednojezdniowa dwukierunkowa,Odcinek prosty,Obszar zabudowany,"20,4636111111111","52,0633333333333",Przejazd kolejowy niestrzeżony,Opady deszczu,Światło dzienne,Zderzenie pojazdów boczne,1,0,2,Lekko,N,,,,,,,,,,,,,,,,,,
EWK-98346858X,2014,2014-08-01,8,POWIAT ŻYRARDOWSKI,PUSZCZA MARIAŃSKA - OBSZAR WIEJSKI,Droga gminna,GMINNA,Jednojezdniowa dwukierunkowa,Odcinek prosty,Obszar zabudowany,"20,4636111111111","52,0633333333333",Przejazd kolejowy niestrzeżony,Opady deszczu,Światło dzienne,Zderzenie pojazdów boczne,1,0,0,Nieokreślone (puste pole),N,,,,,,,,,,,,,,,,,,
EWK-98343712N,2014,2014-08-02,12,POWIAT WYSZKOWSKI,BRAŃSZCZYK - OBSZAR WIEJSKI,Droga krajowa,8,Jednojezdniowa dwukierunkowa,Odcinek prosty,Obszar niezabudowany,"21,7194444444444","52,7275",Jezdnia,Dobre warunki atmosferyczne,Światło dzienne,Najechanie na pieszego,1,0,1,Ciężko,N,,,,,,,,,,,,,,,,,,
EWK-98343712N,2014,2014-08-02,12,POWIAT WYSZKOWSKI,BRAŃSZCZYK - OBSZAR WIEJSKI,Droga krajowa,8,Jednojezdniowa dwukierunkowa,Odcinek prosty,Obszar niezabudowany,"21,7194444444444","52,7275",Jezdnia,Dobre warunki atmosferyczne,Światło dzienne,Najechanie na pieszego,1,0,0,Nieokreślone (puste pole),N,,,,,,,,,,,,,,,,,,
EWK-98343721L,2014,2014-08-02,14,POWIAT WYSZKOWSKI,DŁUGOSIODŁO - OBSZAR WIEJSKI,Droga powiatowa,2648W,Jednojezdniowa dwukierunkowa,"Zakręt, łuk",Obszar niezabudowany,"21,6397222222222","52,79",Jezdnia,Dobre warunki atmosferyczne,Światło dzienne,Zderzenie pojazdów boczne,1,0,1,Ciężko,N,,,,,,,,,,,,,,,,,,
EWK-98343721L,2014,2014-08-02,14,POWIAT WYSZKOWSKI,DŁUGOSIODŁO - OBSZAR WIEJSKI,Droga powiatowa,2648W,Jednojezdniowa dwukierunkowa,"Zakręt, łuk",Obszar niezabudowany,"21,6397222222222","52,79",Jezdnia,Dobre warunki atmosferyczne,Światło dzienne,Zderzenie pojazdów boczne,1,0,0,Nieokreślone (puste pole),N,,,,,,,,,,,,,,,,,,
EWK-98343788D,2014,2014-08-02,14,POWIAT PRZYSUSKI,BORKOWICE - OBSZAR WIEJSKI,Droga wojewódzka,727,Jednojezdniowa dwukierunkowa,Odcinek prosty,Obszar zabudowany,"20,7144444444444","51,3502777777778",Jezdnia,Dobre warunki atmosferyczne,Światło dzienne,Zderzenie pojazdów boczne,1,0,1,Lekko,N,,,,,,,,,,,,,,,,,,
EWK-98343788D,2014,2014-08-02,14,POWIAT PRZYSUSKI,BORKOWICE - OBSZAR WIEJSKI,Droga wojewódzka,727,Jednojezdniowa dwukierunkowa,Odcinek prosty,Obszar zabudowany,"20,7144444444444","51,3502777777778",Jezdnia,Dobre warunki atmosferyczne,Światło dzienne,Zderzenie pojazdów boczne,1,0,0,Nieokreślone (puste pole),N,,,,,,,,,,,,,,,,,,
EWK-98343801Y,2014,2014-08-02,20,POWIAT PRZYSUSKI,ODRZYWÓŁ - OBSZAR WIEJSKI,Droga wojewódzka,728,Jednojezdniowa dwukierunkowa,,Obszar niezabudowany,"20,5380555555556","51,6361111111111",Jezdnia,Dobre warunki atmosferyczne,Światło dzienne,Zderzenie pojazdów boczne,1,0,1,Lekko,N,,,,,,,,,,,,,,,,,,
EWK-98343801Y,2014,2014-08-02,20,POWIAT PRZYSUSKI,ODRZYWÓŁ - OBSZAR WIEJSKI,Droga wojewódzka,728,Jednojezdniowa dwukierunkowa,,Obszar niezabudowany,"20,5380555555556","51,6361111111111",Jezdnia,Dobre warunki atmosferyczne,Światło dzienne,Zderzenie pojazdów boczne,1,0,0,Nieokreślone (puste pole),N,,,,,,,,,,,,,,,,,,
EWK-98345370Q,2014,2014-08-02,18,POWIAT RADOM,RADOM - OBSZAR MIEJSKI,Droga powiatowa,P5301W,Dwie jezdnie jednokierunkowe,,Obszar zabudowany,"21,3069444444444","51,4563888888889",Jezdnia,Dobre warunki atmosferyczne,Światło dzienne,Zderzenie pojazdów boczne,1,0,2,Lekko,N,,,,,,,,,,,,,,,,,,
EWK-98345370Q,2014,2014-08-02,18,POWIAT RADOM,RADOM - OBSZAR MIEJSKI,Droga powiatowa,P5301W,Dwie jezdnie jednokierunkowe,,Obszar zabudowany,"21,3069444444444","51,4563888888889",Jezdnia,Dobre warunki atmosferyczne,Światło dzienne,Zderzenie pojazdów boczne,1,0,0,Nieokreślone (puste pole),N,,,,,,,,,,,,,,,,,,
EWK-98392333K,2014,2014-08-02,12,POWIAT GARWOLIŃSKI,ŻELECHÓW - OBSZAR MIEJSKI,Droga gminna,GMINNA,Jednojezdniowa dwukierunkowa,Odcinek prosty,Obszar zabudowany,"22,0394444444444","51,89",Jezdnia,Dobre warunki atmosferyczne,Światło dzienne,Zderzenie pojazdów czołowe,1,0,1,Lekko,N,,,,,,,,,,,,,,,,,,
EWK-98392333K,2014,2014-08-02,12,POWIAT GARWOLIŃSKI,ŻELECHÓW - OBSZAR MIEJSKI,Droga gminna,GMINNA,Jednojezdniowa dwukierunkowa,Odcinek prosty,Obszar zabudowany,"22,0394444444444","51,89",Jezdnia,Dobre warunki atmosferyczne,Światło dzienne,Zderzenie pojazdów czołowe,1,0,0,Nieokreślone (puste pole),N,,,,,,,,,,,,,,,,,,
EWK-98343357L,2014,2014-08-02,12,POWIAT BIAŁOBRZESKI,BIAŁOBRZEGI - OBSZAR WIEJSKI,Droga powiatowa,P1122W,Jednojezdniowa dwukierunkowa,Odcinek prosty,Obszar zabudowany,"21,0758333333333","51,7472222222222",Jezdnia,Dobre warunki atmosferyczne,Światło dzienne,Zderzenie pojazdów tylne,1,0,1,Lekko,N,,,,,,,,,,,,,,,,,,
EWK-98343357L,2014,2014-08-02,12,POWIAT BIAŁOBRZESKI,BIAŁOBRZEGI - OBSZAR WIEJSKI,Droga powiatowa,P1122W,Jednojezdniowa dwukierunkowa,Odcinek prosty,Obszar zabudowany,"21,0758333333333","51,7472222222222",Jezdnia,Dobre warunki atmosferyczne,Światło dzienne,Zderzenie pojazdów tylne,1,0,0,Nieokreślone (puste pole),N,,,,,,,,,,,,,,,,,,
EWK-98345850H,2014,2014-08-02,11,POWIAT LIPSKI,CHOTCZA - OBSZAR WIEJSKI,Droga powiatowa,P1917W,Jednojezdniowa dwukierunkowa,Odcinek prosty,Obszar niezabudowany,"21,8469444444444","51,215",Jezdnia,Dobre warunki atmosferyczne,Światło dzienne,Zderzenie pojazdów tylne,1,1,0,Nieokreślone (puste pole),N,,,,,,,,,,,,,,,,,,
EWK-98347397Y,2014,2014-08-02,14,POWIAT PŁOCKI,GĄBIN - OBSZAR WIEJSKI,Droga powiatowa,P2979W,Jednojezdniowa dwukierunkowa,"Zakręt, łuk",Obszar niezabudowany,"19,84","52,48",Pobocze,Oślepiające słońce,Światło dzienne,Najechanie na drzewo,1,0,1,Ciężko,N,,,,,,,,,,,,,,,,,,
EWK-98348225J,2014,2014-08-02,21,POWIAT GRÓJECKI,NOWE MIASTO NAD PILICĄ - OBSZAR WIEJSKI,Droga wojewódzka,728,Jednojezdniowa dwukierunkowa,Odcinek prosty,Obszar niezabudowany,"20,5763888888889","51,6738888888889",Jezdnia,Pochmurno,"Zmrok, świt",Najechanie na zwierzę,1,0,1,Ciężko,N,,,,,,,,,,,,,,,,,,
EWK-98348225J,2014,2014-08-02,21,POWIAT GRÓJECKI,NOWE MIASTO NAD PILICĄ - OBSZAR WIEJSKI,Droga wojewódzka,728,Jednojezdniowa dwukierunkowa,Odcinek prosty,Obszar niezabudowany,"20,5763888888889","51,6738888888889",Jezdnia,Pochmurno,"Zmrok, świt",Najechanie na zwierzę,1,0,1,Lekko,N,,,,,,,,,,,,,,,,,,
EWK-98343535F,2014,2014-08-03,19,POWIAT GOSTYNIŃSKI,GOSTYNIN - OBSZAR WIEJSKI,Droga gminna,G140228W,Jednojezdniowa dwukierunkowa,,Obszar zabudowany,"19,3958333333333","52,4588888888889",Jezdnia,Dobre warunki atmosferyczne,Światło dzienne,Najechanie na drzewo,1,0,1,Lekko,T,,,,,,,,,,,,,,,,,,
EWK-98347389D,2014,2014-08-03,3,POWIAT PŁOCK,PŁOCK - OBSZAR MIEJSKI,Droga gminna,GMINNA,Jednojezdniowa dwukierunkowa,,Obszar zabudowany,"19,7186111111111","52,6069444444445",Jezdnia,Dobre warunki atmosferyczne,Noc - droga oświetlona,Najechanie na pieszego,1,0,1,Lekko,N,,,,,,,,,,,,,,,,,,
EWK-98347389D,2014,2014-08-03,3,POWIAT PŁOCK,PŁOCK - OBSZAR MIEJSKI,Droga gminna,GMINNA,Jednojezdniowa dwukierunkowa,,Obszar zabudowany,"19,7186111111111","52,6069444444445",Jezdnia,Dobre warunki atmosferyczne,Noc - droga oświetlona,Najechanie na pieszego,1,0,0,Nieokreślone (puste pole),N,,,,,,,,,,,,,,,,,,
EWK-98347133Y,2014,2014-08-03,2,POWIAT MAKOWSKI,SYPNIEWO - OBSZAR WIEJSKI,Droga wojewódzka,626,Jednojezdniowa dwukierunkowa,"Zakręt, łuk",Obszar niezabudowany,"21,4261111111111","53,1386111111111",Pobocze,Dobre warunki atmosferyczne,Noc - droga nieoświetlona,"Najechanie na słup, znak",1,0,1,Lekko,T,,,,,,,,,,,,,,,,,,
EWK-98346987C,2014,2014-08-03,1,POWIAT SIERPECKI,SIERPC - OBSZAR WIEJSKI,Droga powiatowa,P3726W,Jednojezdniowa dwukierunkowa,Odcinek prosty,Obszar niezabudowany,"19,6833333333333","52,9772222222222",Jezdnia,Dobre warunki atmosferyczne,Noc - droga nieoświetlona,Wywrócenie się pojazdu,1,0,1,Lekko,N,,,,,,,,,,,,,,,,,,
EWK-98346987C,2014,2014-08-03,1,POWIAT SIERPECKI,SIERPC - OBSZAR WIEJSKI,Droga powiatowa,P3726W,Jednojezdniowa dwukierunkowa,Odcinek prosty,Obszar niezabudowany,"19,6833333333333","52,9772222222222",Jezdnia,Dobre warunki atmosferyczne,Noc - droga nieoświetlona,Wywrócenie się pojazdu,1,0,0,Nieokreślone (puste pole),N,,,,,,,,,,,,,,,,,,
EWK-98345458N,2014,2014-08-03,17,POWIAT WĘGROWSKI,KORYTNICA - OBSZAR WIEJSKI,Droga wojewódzka,W637,Jednojezdniowa dwukierunkowa,"Zakręt, łuk",Obszar niezabudowany,"21,8413888888889","52,4422222222222",Jezdnia,Dobre warunki atmosferyczne,Światło dzienne,Zdarzenie z pasażerem,1,0,3,Lekko,N,,,,,,,,,,,,,,,,,,
EWK-98345011R,2014,2014-08-03,20,POWIAT SOCHACZEWSKI,MŁODZIESZYN - OBSZAR WIEJSKI,Droga krajowa,50,Jednojezdniowa dwukierunkowa,"Zakręt, łuk",Obszar niezabudowany,"20,2813888888889","52,3983333333333",Jezdnia,Dobre warunki atmosferyczne,"Zmrok, świt",Zderzenie pojazdów boczne,1,0,1,Lekko,N,,,,,,,,,,,,,,,,,,
EWK-98345011R,2014,2014-08-03,20,POWIAT SOCHACZEWSKI,MŁODZIESZYN - OBSZAR WIEJSKI,Droga krajowa,50,Jednojezdniowa dwukierunkowa,"Zakręt, łuk",Obszar niezabudowany,"20,2813888888889","52,3983333333333",Jezdnia,Dobre warunki atmosferyczne,"Zmrok, świt",Zderzenie pojazdów boczne,1,0,0,Nieokreślone (puste pole),N,,,,,,,,,,,,,,,,,,
EWK-98347405R,2014,2014-08-03,11,POWIAT PŁOCK,PŁOCK - OBSZAR MIEJSKI,Droga powiatowa,P,Jednojezdniowa dwukierunkowa,Odcinek prosty,Obszar zabudowany,"19,8427777777778","52,5861111111111",Droga dla rowerzystów,Dobre warunki atmosferyczne,Światło dzienne,Zderzenie pojazdów boczne,1,0,1,Lekko,N,,,,,,,,,,,,,,,,,,
EWK-98347405R,2014,2014-08-03,11,POWIAT PŁOCK,PŁOCK - OBSZAR MIEJSKI,Droga powiatowa,P,Jednojezdniowa dwukierunkowa,Odcinek prosty,Obszar zabudowany,"19,8427777777778","52,5861111111111",Droga dla rowerzystów,Dobre warunki atmosferyczne,Światło dzienne,Zderzenie pojazdów boczne,1,0,0,Nieokreślone (puste pole),N,,,,,,,,,,,,,,,,,,
EWK-98343793T,2014,2014-08-03,17,POWIAT PRZYSUSKI,WIENIAWA - OBSZAR WIEJSKI,Droga powiatowa,34367W,Jednojezdniowa dwukierunkowa,"Zakręt, łuk; Spadek",Obszar zabudowany,"20,9611111111111","51,5280555555556",Jezdnia,Dobre warunki atmosferyczne,Światło dzienne,Zderzenie pojazdów boczne,1,0,1,Lekko,N,,,,,,,,,,,,,,,,,,
EWK-98343793T,2014,2014-08-03,17,POWIAT PRZYSUSKI,WIENIAWA - OBSZAR WIEJSKI,Droga powiatowa,34367W,Jednojezdniowa dwukierunkowa,"Zakręt, łuk; Spadek",Obszar zabudowany,"20,9611111111111","51,5280555555556",Jezdnia,Dobre warunki atmosferyczne,Światło dzienne,Zderzenie pojazdów boczne,1,0,0,Nieokreślone (puste pole),N,,,,,,,,,,,,,,,,,,
EWK-98358912Y,2014,2014-08-03,10,POWIAT WYSZKOWSKI,WYSZKÓW - OBSZAR MIEJSKI,Droga gminna,G440581W,Jednojezdniowa dwukierunkowa,Odcinek prosty,Obszar zabudowany,"21,5291666666667","52,6038888888889",Jezdnia,Dobre warunki atmosferyczne,Światło dzienne,Zderzenie pojazdów boczne,1,0,1,Ciężko,N,,,,,,,,,,,,,,,,,,
EWK-98358912Y,2014,2014-08-03,10,POWIAT WYSZKOWSKI,WYSZKÓW - OBSZAR MIEJSKI,Droga gminna,G440581W,Jednojezdniowa dwukierunkowa,Odcinek prosty,Obszar zabudowany,"21,5291666666667","52,6038888888889",Jezdnia,Dobre warunki atmosferyczne,Światło dzienne,Zderzenie pojazdów boczne,1,0,0,Nieokreślone (puste pole),N,,,,,,,,,,,,,,,,,,
EWK-98392377K,2014,2014-08-03,14,POWIAT GARWOLIŃSKI,ŻELECHÓW - OBSZAR MIEJSKI,Droga powiatowa,31366W,Jednojezdniowa dwukierunkowa,Odcinek prosty,Obszar zabudowany,"22,0147222222222","51,8494444444444",Jezdnia,Dobre warunki atmosferyczne,Światło dzienne,Zderzenie pojazdów boczne,1,0,1,Lekko,N,,,,,,,,,,,,,,,,,,
EWK-98392377K,2014,2014-08-03,14,POWIAT GARWOLIŃSKI,ŻELECHÓW - OBSZAR MIEJSKI,Droga powiatowa,31366W,Jednojezdniowa dwukierunkowa,Odcinek prosty,Obszar zabudowany,"22,0147222222222","51,8494444444444",Jezdnia,Dobre warunki atmosferyczne,Światło dzienne,Zderzenie pojazdów boczne,1,0,0,Nieokreślone (puste pole),N,,,,,,,,,,,,,,,,,,
EWK-98345351Y,2014,2014-08-03,18,POWIAT RADOMSKI,ZAKRZEW - OBSZAR WIEJSKI,Droga wojewódzka,740,Jednojezdniowa dwukierunkowa,Odcinek prosty,Obszar zabudowany,"21,0763888888889","51,4530555555556",Jezdnia,Dobre warunki atmosferyczne,Światło dzienne,Zderzenie pojazdów czołowe,1,0,1,Ciężko,N,,,,,,,,,,,,,,,,,,
EWK-98345351Y,2014,2014-08-03,18,POWIAT RADOMSKI,ZAKRZEW - OBSZAR WIEJSKI,Droga wojewódzka,740,Jednojezdniowa dwukierunkowa,Odcinek prosty,Obszar zabudowany,"21,0763888888889","51,4530555555556",Jezdnia,Dobre warunki atmosferyczne,Światło dzienne,Zderzenie pojazdów czołowe,1,0,0,Nieokreślone (puste pole),N,,,,,,,,,,,,,,,,,,
EWK-98346125Q,2014,2014-08-03,14,POWIAT SIERPECKI,SZCZUTOWO - OBSZAR WIEJSKI,Droga wojewódzka,560,Jednojezdniowa dwukierunkowa,Odcinek prosty,Obszar niezabudowany,"19,6988888888889","53,0622222222222",Jezdnia,Dobre warunki atmosferyczne,Światło dzienne,Zderzenie pojazdów tylne,1,0,2,Lekko,N,,,,,,,,,,,,,,,,,,
EWK-98346125Q,2014,2014-08-03,14,POWIAT SIERPECKI,SZCZUTOWO - OBSZAR WIEJSKI,Droga wojewódzka,560,Jednojezdniowa dwukierunkowa,Odcinek prosty,Obszar niezabudowany,"19,6988888888889","53,0622222222222",Jezdnia,Dobre warunki atmosferyczne,Światło dzienne,Zderzenie pojazdów tylne,1,0,0,Nieokreślone (puste pole),N,,,,,,,,,,,,,,,,,,
EWK-98347536P,2014,2014-08-03,15,POWIAT GRÓJECKI,CHYNÓW - OBSZAR WIEJSKI,Droga powiatowa,P,Jednojezdniowa dwukierunkowa,Odcinek prosty,Obszar zabudowany,"21,2069444444444","51,9733333333333",Pobocze,Oślepiające słońce,Światło dzienne,Wywrócenie się pojazdu,1,0,2,Lekko,N,,,,,,,,,,,,,,,,,,
EWK-98358937N,2014,2014-08-04,6,POWIAT WYSZKOWSKI,BRAŃSZCZYK - OBSZAR WIEJSKI,Droga krajowa,8,Jednojezdniowa dwukierunkowa,Odcinek prosty,Obszar niezabudowany,"21,7744444444444","52,8344444444444",Jezdnia,Dobre warunki atmosferyczne,"Zmrok, świt",Najechanie na drzewo,1,0,1,Ciężko,N,,,,,,,,,,,,,,,,,,
EWK-98358937N,2014,2014-08-04,6,POWIAT WYSZKOWSKI,BRAŃSZCZYK - OBSZAR WIEJSKI,Droga krajowa,8,Jednojezdniowa dwukierunkowa,Odcinek prosty,Obszar niezabudowany,"21,7744444444444","52,8344444444444",Jezdnia,Dobre warunki atmosferyczne,"Zmrok, świt",Najechanie na drzewo,1,0,2,Lekko,N,,,,,,,,,,,,,,,,,,
EWK-98346048E,2014,2014-08-04,11,POWIAT PUŁTUSKI,PUŁTUSK - OBSZAR MIEJSKI,Droga wojewódzka,618,Jednojezdniowa dwukierunkowa,,Obszar zabudowany,"21,1855555555556","52,7888888888889",Jezdnia,Dobre warunki atmosferyczne,Światło dzienne,Zderzenie pojazdów boczne,1,1,0,Nieokreślone (puste pole),N,,,,,,,,,,,,,,,,,,
EWK-98352003G,2014,2014-08-04,17,POWIAT KOZIENICKI,KOZIENICE - OBSZAR MIEJSKI,Droga krajowa,48,Jednojezdniowa dwukierunkowa,,Obszar zabudowany,"21,6622222222222","51,6438888888889",Jezdnia,Dobre warunki atmosferyczne,Światło dzienne,Zderzenie pojazdów boczne,1,0,1,Lekko,N,,,,,,,,,,,,,,,,,,
EWK-98352003G,2014,2014-08-04,17,POWIAT KOZIENICKI,KOZIENICE - OBSZAR MIEJSKI,Droga krajowa,48,Jednojezdniowa dwukierunkowa,,Obszar zabudowany,"21,6622222222222","51,6438888888889",Jezdnia,Dobre warunki atmosferyczne,Światło dzienne,Zderzenie pojazdów boczne,1,0,0,Nieokreślone (puste pole),N,,,,,,,,,,,,,,,,,,
EWK-98343823J,2014,2014-08-04,8,POWIAT KOZIENICKI,MAGNUSZEW - OBSZAR WIEJSKI,Droga krajowa,79,Jednojezdniowa dwukierunkowa,Odcinek prosty,Obszar niezabudowany,"21,4541666666667","51,9166666666667",Jezdnia,Dobre warunki atmosferyczne,Światło dzienne,Zderzenie pojazdów czołowe,1,0,3,Ciężko,N,,,,,,,,,,,,,,,,,,
EWK-98343823J,2014,2014-08-04,8,POWIAT KOZIENICKI,MAGNUSZEW - OBSZAR WIEJSKI,Droga krajowa,79,Jednojezdniowa dwukierunkowa,Odcinek prosty,Obszar niezabudowany,"21,4541666666667","51,9166666666667",Jezdnia,Dobre warunki atmosferyczne,Światło dzienne,Zderzenie pojazdów czołowe,1,3,0,Nieokreślone (puste pole),N,,,,,,,,,,,,,,,,,,
EWK-98344866G,2014,2014-08-04,7,POWIAT RADOMSKI,WOLANÓW - OBSZAR WIEJSKI,Droga krajowa,12,Dwie jezdnie jednokierunkowe,Odcinek prosty,Obszar zabudowany,"21,0886111111111","51,4583333333333",Jezdnia,Dobre warunki atmosferyczne,Światło dzienne,Zderzenie pojazdów czołowe,1,0,1,Ciężko,N,,,,,,,,,,,,,,,,,,
EWK-98344866G,2014,2014-08-04,7,POWIAT RADOMSKI,WOLANÓW - OBSZAR WIEJSKI,Droga krajowa,12,Dwie jezdnie jednokierunkowe,Odcinek prosty,Obszar zabudowany,"21,0886111111111","51,4583333333333",Jezdnia,Dobre warunki atmosferyczne,Światło dzienne,Zderzenie pojazdów czołowe,1,0,3,Lekko,N,,,,,,,,,,,,,,,,,,
EWK-98358545D,2014,2014-08-04,16,POWIAT SOKOŁOWSKI,STERDYŃ - OBSZAR WIEJSKI,Droga powiatowa,36130W,Jednojezdniowa dwukierunkowa,Odcinek prosty,Obszar zabudowany,"22,4708333333333","52,5727777777778","Chodnik, droga dla pieszych",Dobre warunki atmosferyczne,Światło dzienne,Zderzenie pojazdów tylne,1,0,1,Lekko,N,,,,,,,,,,,,,,,,,,
EWK-98358545D,2014,2014-08-04,16,POWIAT SOKOŁOWSKI,STERDYŃ - OBSZAR WIEJSKI,Droga powiatowa,36130W,Jednojezdniowa dwukierunkowa,Odcinek prosty,Obszar zabudowany,"22,4708333333333","52,5727777777778","Chodnik, droga dla pieszych",Dobre warunki atmosferyczne,Światło dzienne,Zderzenie pojazdów tylne,1,0,0,Nieokreślone (puste pole),N,,,,,,,,,,,,,,,,,,
EWK-98347507R,2014,2014-08-05,15,POWIAT PRZASNYSKI,PRZASNYSZ - OBSZAR WIEJSKI,Droga krajowa,57,Jednojezdniowa dwukierunkowa,Odcinek prosty,Obszar niezabudowany,"21,0019444444444","53,0236111111111",Jezdnia,Dobre warunki atmosferyczne,Światło dzienne,Inne,1,0,1,Lekko,N,,,,,,,,,,,,,,,,,,
EWK-98347507R,2014,2014-08-05,15,POWIAT PRZASNYSKI,PRZASNYSZ - OBSZAR WIEJSKI,Droga krajowa,57,Jednojezdniowa dwukierunkowa,Odcinek prosty,Obszar niezabudowany,"21,0019444444444","53,0236111111111",Jezdnia,Dobre warunki atmosferyczne,Światło dzienne,Inne,1,0,0,Nieokreślone (puste pole),N,,,,,,,,,,,,,,,,,,
EWK-98344862Y,2014,2014-08-05,4,POWIAT RADOMSKI,JEDLIŃSK - OBSZAR WIEJSKI,Droga krajowa,7,Dwie jezdnie jednokierunkowe,Odcinek prosty,Obszar niezabudowany,"21,1827777777778","51,5072222222222",Jezdnia,Dobre warunki atmosferyczne,Noc - droga nieoświetlona,Najechanie na pieszego,1,0,1,Lekko,T,,,,,,,,,,,,,,,,,,