IDKSIP,year,date,hour,district,district_commune,road_category,road_number,type_of_road,road_geometry,area,Longitude,Latitude,char_place_of_the_event,weather_conditions,lighting,type_of_accident,num_of_accidents,num_of_fatalities,num_of_injured,type_of_injury,is_offender_intoxicated,,,,,,,,,,,,,,,,,,
EWK-98395407N,2014,2014-09-02,10,POWIAT RADOMSKI,IŁŻA - OBSZAR WIEJSKI,Droga powiatowa,P3550W,Jednojezdniowa dwukierunkowa,Odcinek prosty,Obszar zabudowany,"21,3855555555556","51,1869444444444",Pobocze,Pochmurno,Światło dzienne,Inne,1,0,1,Lekko,N,,,,,,,,,,,,,,,,,,
EWK-98395407N,2014,2014-09-02,10,POWIAT RADOMSKI,IŁŻA - OBSZAR WIEJSKI,Droga powiatowa,P3550W,Jednojezdniowa dwukierunkowa,Odcinek prosty,Obszar zabudowany,"21,3855555555556","51,1869444444444",Pobocze,Pochmurno,Światło dzienne,Inne,1,0,0,Nieokreślone (puste pole),N,,,,,,,,,,,,,,,,,,
EWK-98408365Q,2014,2014-09-03,11,POWIAT PŁOCKI,GĄBIN - OBSZAR WIEJSKI,Droga wojewódzka,577,Jednojezdniowa dwukierunkowa,,Obszar zabudowany,"19,9180555555556","52,5033333333333",Jezdnia,Dobre warunki atmosferyczne,Światło dzienne,Najechanie na pieszego,1,0,1,Lekko,N,,,,,,,,,,,,,,,,,,
EWK-98408365Q,2014,2014-09-03,11,POWIAT PŁOCKI,GĄBIN - OBSZAR WIEJSKI,Droga wojewódzka,577,Jednojezdniowa dwukierunkowa,,Obszar zabudowany,"19,9180555555556","52,5033333333333",Jezdnia,Dobre warunki atmosferyczne,Światło dzienne,Najechanie na pieszego,1,0,0,Nieokreślone (puste pole),N,,,,,,,,,,,,,,,,,,
EWK-98441424A,2014,2014-09-03,8,POWIAT GARWOLIŃSKI,GARWOLIN - OBSZAR MIEJSKI,Droga gminna,GMINNA,Jednojezdniowa dwukierunkowa,Odcinek prosty,Obszar zabudowany,"21,6719444444444","51,97","Parking, plac",Dobre warunki atmosferyczne,Światło dzienne,Najechanie na pieszego,1,0,1,Ciężko,N,,,,,,,,,,,,,,,,,,
EWK-98441424A,2014,2014-09-03,8,POWIAT GARWOLIŃSKI,GARWOLIN - OBSZAR MIEJSKI,Droga gminna,GMINNA,Jednojezdniowa dwukierunkowa,Odcinek prosty,Obszar zabudowany,"21,6719444444444","51,97","Parking, plac",Dobre warunki atmosferyczne,Światło dzienne,Najechanie na pieszego,1,0,0,Nieokreślone (puste pole),N,,,,,,,,,,,,,,,,,,
EWK-98394045A,2014,2014-09-03,12,POWIAT SIERPECKI,SIERPC - OBSZAR MIEJSKI,Droga gminna,G370806W,Jednojezdniowa dwukierunkowa,Odcinek prosty,Obszar zabudowany,"19,6755555555556","52,9766666666667",Jezdnia,Dobre warunki atmosferyczne,Światło dzienne,Zderzenie pojazdów boczne,1,0,1,Lekko,N,,,,,,,,,,,,,,,,,,
EWK-98394045A,2014,2014-09-03,12,POWIAT SIERPECKI,SIERPC - OBSZAR MIEJSKI,Droga gminna,G370806W,Jednojezdniowa dwukierunkowa,Odcinek prosty,Obszar zabudowany,"19,6755555555556","52,9766666666667",Jezdnia,Dobre warunki atmosferyczne,Światło dzienne,Zderzenie pojazdów boczne,1,0,0,Nieokreślone (puste pole),N,,,,,,,,,,,,,,,,,,
EWK-98394150T,2014,2014-09-03,12,POWIAT CIECHANOWSKI,CIECHANÓW - OBSZAR WIEJSKI,Droga gminna,G120226W,Jednojezdniowa dwukierunkowa,Odcinek prosty,Obszar zabudowany,"20,5733333333333","52,9138888888889",Jezdnia,Dobre warunki atmosferyczne,Światło dzienne,Zderzenie pojazdów boczne,1,0,1,Lekko,N,,,,,,,,,,,,,,,,,,
EWK-98394150T,2014,2014-09-03,12,POWIAT CIECHANOWSKI,CIECHANÓW - OBSZAR WIEJSKI,Droga gminna,G120226W,Jednojezdniowa dwukierunkowa,Odcinek prosty,Obszar zabudowany,"20,5733333333333","52,9138888888889",Jezdnia,Dobre warunki atmosferyczne,Światło dzienne,Zderzenie pojazdów boczne,1,0,0,Nieokreślone (puste pole),N,,,,,,,,,,,,,,,,,,
EWK-98394657K,2014,2014-09-03,16,POWIAT SOCHACZEWSKI,TERESIN - OBSZAR WIEJSKI,Droga krajowa,92,Jednojezdniowa dwukierunkowa,Odcinek prosty,Obszar niezabudowany,"20,5808333333333","52,2752777777778",Jezdnia,Dobre warunki atmosferyczne,Światło dzienne,Zderzenie pojazdów boczne,1,0,1,Lekko,N,,,,,,,,,,,,,,,,,,
EWK-98394657K,2014,2014-09-03,16,POWIAT SOCHACZEWSKI,TERESIN - OBSZAR WIEJSKI,Droga krajowa,92,Jednojezdniowa dwukierunkowa,Odcinek prosty,Obszar niezabudowany,"20,5808333333333","52,2752777777778",Jezdnia,Dobre warunki atmosferyczne,Światło dzienne,Zderzenie pojazdów boczne,1,0,0,Nieokreślone (puste pole),N,,,,,,,,,,,,,,,,,,
EWK-98395497J,2014,2014-09-03,9,POWIAT PRZASNYSKI,PRZASNYSZ - OBSZAR MIEJSKI,Nieokreślone (puste pole),,Jednojezdniowa dwukierunkowa,,Obszar zabudowany,"21,0016666666667","53,0180555555556",Jezdnia,Dobre warunki atmosferyczne,Światło dzienne,Zderzenie pojazdów boczne,1,0,2,Lekko,N,,,,,,,,,,,,,,,,,,
EWK-98395497J,2014,2014-09-03,9,POWIAT PRZASNYSKI,PRZASNYSZ - OBSZAR MIEJSKI,Nieokreślone (puste pole),,Jednojezdniowa dwukierunkowa,,Obszar zabudowany,"21,0016666666667","53,0180555555556",Jezdnia,Dobre warunki atmosferyczne,Światło dzienne,Zderzenie pojazdów boczne,1,0,0,Nieokreślone (puste pole),N,,,,,,,,,,,,,,,,,,
EWK-98396160N,2014,2014-09-03,11,POWIAT SIEDLCE,SIEDLCE - OBSZAR MIEJSKI,Droga wojewódzka,W628,Jednojezdniowa dwukierunkowa,,Obszar zabudowany,"22,3425","52,2502777777778",Jezdnia,Dobre warunki atmosferyczne,Światło dzienne,Zderzenie pojazdów boczne,1,0,1,Lekko,N,,,,,,,,,,,,,,,,,,
EWK-98396160N,2014,2014-09-03,11,POWIAT SIEDLCE,SIEDLCE - OBSZAR MIEJSKI,Droga wojewódzka,W628,Jednojezdniowa dwukierunkowa,,Obszar zabudowany,"22,3425","52,2502777777778",Jezdnia,Dobre warunki atmosferyczne,Światło dzienne,Zderzenie pojazdów boczne,1,0,0,Nieokreślone (puste pole),N,,,,,,,,,,,,,,,,,,
EWK-98395557X,2014,2014-09-03,20,POWIAT PŁOCK,PŁOCK - OBSZAR MIEJSKI,Droga krajowa,62,Jednojezdniowa dwukierunkowa,,Obszar zabudowany,"19,7841666666667","52,6216666666667",Jezdnia,Dobre warunki atmosferyczne,Noc - droga oświetlona,Zderzenie pojazdów czołowe,1,0,1,Ciężko,N,,,,,,,,,,,,,,,,,,
EWK-98395557X,2014,2014-09-03,20,POWIAT PŁOCK,PŁOCK - OBSZAR MIEJSKI,Droga krajowa,62,Jednojezdniowa dwukierunkowa,,Obszar zabudowany,"19,7841666666667","52,6216666666667",Jezdnia,Dobre warunki atmosferyczne,Noc - droga oświetlona,Zderzenie pojazdów czołowe,1,0,0,Nieokreślone (puste pole),N,,,,,,,,,,,,,,,,,,
EWK-98394096C,2014,2014-09-03,11,POWIAT CIECHANOWSKI,REGIMIN - OBSZAR WIEJSKI,Droga gminna,G120807W,Jednojezdniowa dwukierunkowa,Odcinek prosty,Obszar niezabudowany,"20,7272222222222","53,0419444444444",Jezdnia,Dobre warunki atmosferyczne,Światło dzienne,Zderzenie pojazdów czołowe,1,0,1,Lekko,N,,,,,,,,,,,,,,,,,,
EWK-98394096C,2014,2014-09-03,11,POWIAT CIECHANOWSKI,REGIMIN - OBSZAR WIEJSKI,Droga gminna,G120807W,Jednojezdniowa dwukierunkowa,Odcinek prosty,Obszar niezabudowany,"20,7272222222222","53,0419444444444",Jezdnia,Dobre warunki atmosferyczne,Światło dzienne,Zderzenie pojazdów czołowe,1,0,0,Nieokreślone (puste pole),N,,,,,,,,,,,,,,,,,,
EWK-98401940T,2014,2014-09-03,6,POWIAT OSTROŁĘKA,OSTROŁĘKA - OBSZAR MIEJSKI,Droga krajowa,61,Jednojezdniowa dwukierunkowa,Odcinek prosty,Obszar zabudowany,"21,7","53,1336111111111",Pobocze,Dobre warunki atmosferyczne,Światło dzienne,Zderzenie pojazdów czołowe,1,0,1,Ciężko,N,,,,,,,,,,,,,,,,,,
EWK-98401940T,2014,2014-09-03,6,POWIAT OSTROŁĘKA,OSTROŁĘKA - OBSZAR MIEJSKI,Droga krajowa,61,Jednojezdniowa dwukierunkowa,Odcinek prosty,Obszar zabudowany,"21,7","53,1336111111111",Pobocze,Dobre warunki atmosferyczne,Światło dzienne,Zderzenie pojazdów czołowe,1,0,1,Lekko,N,,,,,,,,,,,,,,,,,,
EWK-98395553R,2014,2014-09-03,12,POWIAT PŁOCK,PŁOCK - OBSZAR MIEJSKI,Droga krajowa,60,Dwie jezdnie jednokierunkowe,,Obszar zabudowany,"19,7575","52,6963888888889",Jezdnia,Oślepiające słońce,Światło dzienne,Inne,1,0,1,Lekko,N,,,,,,,,,,,,,,,,,,
EWK-98395553R,2014,2014-09-03,12,POWIAT PŁOCK,PŁOCK - OBSZAR MIEJSKI,Droga krajowa,60,Dwie jezdnie jednokierunkowe,,Obszar zabudowany,"19,7575","52,6963888888889",Jezdnia,Oślepiające słońce,Światło dzienne,Inne,1,0,0,Nieokreślone (puste pole),N,,,,,,,,,,,,,,,,,,
EWK-98396095H,2014,2014-09-04,21,POWIAT SIEDLECKI,WIŚNIEW - OBSZAR WIEJSKI,Droga krajowa,63,Jednojezdniowa dwukierunkowa,Odcinek prosty,Obszar niezabudowany,"22,3741666666667","52,1252777777778",Jezdnia,Dobre warunki atmosferyczne,Noc - droga nieoświetlona,Najechanie na drzewo,1,1,0,Nieokreślone (puste pole),N,,,,,,,,,,,,,,,,,,
EWK-98395705C,2014,2014-09-04,13,POWIAT RADOM,RADOM - OBSZAR MIEJSKI,Droga gminna,G530030W,Jednojezdniowa dwukierunkowa,Odcinek prosty,Obszar zabudowany,"21,2905555555556","51,5361111111111",Przejście dla pieszych,Dobre warunki atmosferyczne,Światło dzienne,Najechanie na pieszego,1,0,1,Ciężko,N,,,,,,,,,,,,,,,,,,
EWK-98395705C,2014,2014-09-04,13,POWIAT RADOM,RADOM - OBSZAR MIEJSKI,Droga gminna,G530030W,Jednojezdniowa dwukierunkowa,Odcinek prosty,Obszar zabudowany,"21,2905555555556","51,5361111111111",Przejście dla pieszych,Dobre warunki atmosferyczne,Światło dzienne,Najechanie na pieszego,1,0,0,Nieokreślone (puste pole),N,,,,,,,,,,,,,,,,,,
EWK-98395785L,2014,2014-09-04,16,POWIAT OSTROWSKI,OSTRÓW MAZOWIECKA - OBSZAR WIEJSKI,Droga krajowa,8,Jednojezdniowa dwukierunkowa,Odcinek prosty,Obszar niezabudowany,"21,8763888888889","52,8736111111111",Jezdnia,Dobre warunki atmosferyczne,Światło dzienne,Zderzenie pojazdów boczne,1,0,1,Lekko,N,,,,,,,,,,,,,,,,,,
EWK-98395785L,2014,2014-09-04,16,POWIAT OSTROWSKI,OSTRÓW MAZOWIECKA - OBSZAR WIEJSKI,Droga krajowa,8,Jednojezdniowa dwukierunkowa,Odcinek prosty,Obszar niezabudowany,"21,8763888888889","52,8736111111111",Jezdnia,Dobre warunki atmosferyczne,Światło dzienne,Zderzenie pojazdów boczne,1,0,0,Nieokreślone (puste pole),N,,,,,,,,,,,,,,,,,,
EWK-98398610R,2014,2014-09-04,16,POWIAT PŁOŃSKI,PŁOŃSK - OBSZAR MIEJSKI,Droga gminna,G300894W,Jednojezdniowa dwukierunkowa,,Obszar zabudowany,"20,4188888888889","52,65",Jezdnia,Dobre warunki atmosferyczne,Światło dzienne,Zderzenie pojazdów boczne,1,0,1,Lekko,N,,,,,,,,,,,,,,,,,,
EWK-98398610R,2014,2014-09-04,16,POWIAT PŁOŃSKI,PŁOŃSK - OBSZAR MIEJSKI,Droga gminna,G300894W,Jednojezdniowa dwukierunkowa,,Obszar zabudowany,"20,4188888888889","52,65",Jezdnia,Dobre warunki atmosferyczne,Światło dzienne,Zderzenie pojazdów boczne,1,0,0,Nieokreślone (puste pole),N,,,,,,,,,,,,,,,,,,
EWK-98396139F,2014,2014-09-04,19,POWIAT RADOMSKI,SKARYSZEW - OBSZAR MIEJSKI,Nieokreślone (puste pole),,Jednojezdniowa dwukierunkowa,Odcinek prosty,Obszar zabudowany,"21,3755555555556","51,3419444444445",Jezdnia,Dobre warunki atmosferyczne,"Zmrok, świt",Zderzenie pojazdów czołowe,1,0,1,Lekko,N,,,,,,,,,,,,,,,,,,
EWK-98396139F,2014,2014-09-04,19,POWIAT RADOMSKI,SKARYSZEW - OBSZAR MIEJSKI,Nieokreślone (puste pole),,Jednojezdniowa dwukierunkowa,Odcinek prosty,Obszar zabudowany,"21,3755555555556","51,3419444444445",Jezdnia,Dobre warunki atmosferyczne,"Zmrok, świt",Zderzenie pojazdów czołowe,1,0,0,Nieokreślone (puste pole),N,,,,,,,,,,,,,,,,,,
EWK-98395767N,2014,2014-09-04,8,POWIAT KOZIENICKI,KOZIENICE - OBSZAR WIEJSKI,Droga powiatowa,P1712W,Jednojezdniowa dwukierunkowa,Odcinek prosty,Obszar zabudowany,"21,4088888888889","51,7130555555556",Jezdnia,Dobre warunki atmosferyczne,Światło dzienne,Zderzenie pojazdów czołowe,1,0,1,Ciężko,N,,,,,,,,,,,,,,,,,,
EWK-98395767N,2014,2014-09-04,8,POWIAT KOZIENICKI,KOZIENICE - OBSZAR WIEJSKI,Droga powiatowa,P1712W,Jednojezdniowa dwukierunkowa,Odcinek prosty,Obszar zabudowany,"21,4088888888889","51,7130555555556",Jezdnia,Dobre warunki atmosferyczne,Światło dzienne,Zderzenie pojazdów czołowe,1,0,0,Nieokreślone (puste pole),N,,,,,,,,,,,,,,,,,,
EWK-98395726Q,2014,2014-09-04,6,POWIAT RADOM,RADOM - OBSZAR MIEJSKI,Droga powiatowa,P5339W,Dwie jezdnie jednokierunkowe,Odcinek prosty,Obszar zabudowany,"21,1886111111111","51,5533333333333",Jezdnia,Dobre warunki atmosferyczne,Światło dzienne,Zderzenie pojazdów tylne,1,0,5,Lekko,N,,,,,,,,,,,,,,,,,,
EWK-98395726Q,2014,2014-09-04,6,POWIAT RADOM,RADOM - OBSZAR MIEJSKI,Droga powiatowa,P5339W,Dwie jezdnie jednokierunkowe,Odcinek prosty,Obszar zabudowany,"21,1886111111111","51,5533333333333",Jezdnia,Dobre warunki atmosferyczne,Światło dzienne,Zderzenie pojazdów tylne,1,0,0,Nieokreślone (puste pole),N,,,,,,,,,,,,,,,,,,
EWK-98399553W,2014,2014-09-05,8,POWIAT RADOM,RADOM - OBSZAR MIEJSKI,Droga gminna,G530174W,Jednokierunkowa,"Zakręt, łuk",Obszar zabudowany,"21,2386111111111","51,4311111111111",Przejście dla pieszych,Dobre warunki atmosferyczne,Światło dzienne,Najechanie na pieszego,1,0,1,Ciężko,N,,,,,,,,,,,,,,,,,,
EWK-98399553W,2014,2014-09-05,8,POWIAT RADOM,RADOM - OBSZAR MIEJSKI,Droga gminna,G530174W,Jednokierunkowa,"Zakręt, łuk",Obszar zabudowany,"21,2386111111111","51,4311111111111",Przejście dla pieszych,Dobre warunki atmosferyczne,Światło dzienne,Najechanie na pieszego,1,0,0,Nieokreślone (puste pole),N,,,,,,,,,,,,,,,,,,
EWK-98397648N,2014,2014-09-05,12,N,POWIAT WĘGROWSKI, Spadek,696,Droga wojewódzka,Odcinek prosty,Obszar niezabudowany,"22,1502777777778","52,3944444444444",Jezdnia,Dobre warunki atmosferyczne,Światło dzienne,Zderzenie pojazdów boczne,1,0,1,Lekko,Jednojezdniowa dwukierunkowa,,,,,,,,,,,,,,,,,,LIW - OBSZAR WIEJSKI
EWK-98397648N,2014,2014-09-05,12,N,POWIAT WĘGROWSKI, Spadek,696,Droga wojewódzka,Odcinek prosty,Obszar niezabudowany,"22,1502777777778","52,3944444444444",Jezdnia,Dobre warunki atmosferyczne,Światło dzienne,Zderzenie pojazdów boczne,1,0,0,Nieokreślone (puste pole),Jednojezdniowa dwukierunkowa,,,,,,,,,,,,,,,,,,LIW - OBSZAR WIEJSKI
EWK-98400304K,2014,2014-09-05,18,POWIAT RADOM,RADOM - OBSZAR MIEJSKI,Droga powiatowa,P5302W,Dwie jezdnie jednokierunkowe,,Obszar zabudowany,"21,2266666666667","51,4913888888889",Jezdnia,Dobre warunki atmosferyczne,Światło dzienne,Zderzenie pojazdów boczne,1,0,2,Lekko,N,,,,,,,,,,,,,,,,,,
EWK-98400304K,2014,2014-09-05,18,POWIAT RADOM,RADOM - OBSZAR MIEJSKI,Droga powiatowa,P5302W,Dwie jezdnie jednokierunkowe,,Obszar zabudowany,"21,2266666666667","51,4913888888889",Jezdnia,Dobre warunki atmosferyczne,Światło dzienne,Zderzenie pojazdów boczne,1,0,0,Nieokreślone (puste pole),N,,,,,,,,,,,,,,,,,,
EWK-98398266P,2014,2014-09-05,13,POWIAT MŁAWSKI,MŁAWA - OBSZAR MIEJSKI,Droga wojewódzka,544,Jednojezdniowa dwukierunkowa,Odcinek prosty,Obszar zabudowany,"20,3933333333333","53,2369444444444",Pobocze,Dobre warunki atmosferyczne,Światło dzienne,Zderzenie pojazdów czołowe,1,0,1,Lekko,N,,,,,,,,,,,,,,,,,,
EWK-98398266P,2014,2014-09-05,13,POWIAT MŁAWSKI,MŁAWA - OBSZAR MIEJSKI,Droga wojewódzka,544,Jednojezdniowa dwukierunkowa,Odcinek prosty,Obszar zabudowany,"20,3933333333333","53,2369444444444",Pobocze,Dobre warunki atmosferyczne,Światło dzienne,Zderzenie pojazdów czołowe,1,1,0,Nieokreślone (puste pole),N,,,,,,,,,,,,,,,,,,
EWK-98399038T,2014,2014-09-05,16,POWIAT PŁOCKI,DROBIN - OBSZAR MIEJSKI,Droga krajowa,10,Jednojezdniowa dwukierunkowa,Odcinek prosty,Obszar niezabudowany,"19,9947222222222","52,7577777777778","Wjazd, wyjazd z posesji, pola",Dobre warunki atmosferyczne,Światło dzienne,Zderzenie pojazdów czołowe,1,0,1,Lekko,N,,,,,,,,,,,,,,,,,,
EWK-98399038T,2014,2014-09-05,16,POWIAT PŁOCKI,DROBIN - OBSZAR MIEJSKI,Droga krajowa,10,Jednojezdniowa dwukierunkowa,Odcinek prosty,Obszar niezabudowany,"19,9947222222222","52,7577777777778","Wjazd, wyjazd z posesji, pola",Dobre warunki atmosferyczne,Światło dzienne,Zderzenie pojazdów czołowe,1,0,0,Nieokreślone (puste pole),N,,,,,,,,,,,,,,,,,,
EWK-98400437E,2014,2014-09-05,18,POWIAT PŁOCKI,MAŁA WIEŚ - OBSZAR WIEJSKI,Droga gminna,GMINNA,Jednojezdniowa dwukierunkowa,Odcinek prosty,Obszar zabudowany,"20,1533333333333","52,5369444444444","Wjazd, wyjazd z posesji, pola",Dobre warunki atmosferyczne,Światło dzienne,Zderzenie pojazdów tylne,1,0,1,Lekko,N,,,,,,,,,,,,,,,,,,
EWK-98400437E,2014,2014-09-05,18,POWIAT PŁOCKI,MAŁA WIEŚ - OBSZAR WIEJSKI,Droga gminna,GMINNA,Jednojezdniowa dwukierunkowa,Odcinek prosty,Obszar zabudowany,"20,1533333333333","52,5369444444444","Wjazd, wyjazd z posesji, pola",Dobre warunki atmosferyczne,Światło dzienne,Zderzenie pojazdów tylne,1,0,0,Nieokreślone (puste pole),N,,,,,,,,,,,,,,,,,,
EWK-98399680J,2014,2014-09-05,9,POWIAT PŁOCK,PŁOCK - OBSZAR MIEJSKI,Inna,I2,Jednojezdniowa dwukierunkowa,Odcinek prosty,Obszar zabudowany,"19,7175","52,5808333333333","Parking, plac",Oślepiające słońce,Światło dzienne,Najechanie na pieszego,1,0,1,Ciężko,N,,,,,,,,,,,,,,,,,,
EWK-98399680J,2014,2014-09-05,9,POWIAT PŁOCK,PŁOCK - OBSZAR MIEJSKI,Inna,I2,Jednojezdniowa dwukierunkowa,Odcinek prosty,Obszar zabudowany,"19,7175","52,5808333333333","Parking, plac",Oślepiające słońce,Światło dzienne,Najechanie na pieszego,1,0,0,Nieokreślone (puste pole),N,,,,,,,,,,,,,,,,,,
EWK-98400481K,2014,2014-09-05,18,POWIAT PŁOCK,PŁOCK - OBSZAR MIEJSKI,Droga powiatowa,P,Jednojezdniowa dwukierunkowa,,Obszar zabudowany,"19,8238888888889","52,5888888888889",Przejście dla pieszych,Oślepiające słońce,Światło dzienne,Najechanie na pieszego,1,0,1,Lekko,N,,,,,,,,,,,,,,,,,,
EWK-98400481K,2014,2014-09-05,18,POWIAT PŁOCK,PŁOCK - OBSZAR MIEJSKI,Droga powiatowa,P,Jednojezdniowa dwukierunkowa,,Obszar zabudowany,"19,8238888888889","52,5888888888889",Przejście dla pieszych,Oślepiające słońce,Światło dzienne,Najechanie na pieszego,1,0,0,Nieokreślone (puste pole),N,,,,,,,,,,,,,,,,,,
EWK-98398210R,2014,2014-09-05,8,POWIAT PŁOCKI,WYSZOGRÓD - OBSZAR WIEJSKI,Droga krajowa,50,Jednojezdniowa dwukierunkowa,Odcinek prosty,Obszar niezabudowany,"20,2163888888889","52,4947222222222",Jezdnia,Oślepiające słońce,Światło dzienne,Zderzenie pojazdów czołowe,1,0,3,Ciężko,N,,,,,,,,,,,,,,,,,,
EWK-98399964D,2014,2014-09-05,5,POWIAT WYSZKOWSKI,SOMIANKA - OBSZAR WIEJSKI,Droga powiatowa,P3433W,Jednojezdniowa dwukierunkowa,Odcinek prosty,Obszar niezabudowany,"21,2238888888889","52,6336111111111",Jezdnia,Pochmurno,Światło dzienne,Najechanie na zwierzę,1,0,2,Lekko,N,,,,,,,,,,,,,,,,,,
EWK-98396817R,2014,2014-09-06,20,POWIAT PRZASNYSKI,PRZASNYSZ - OBSZAR WIEJSKI,Droga powiatowa,3227W,Jednojezdniowa dwukierunkowa,Odcinek prosty,Obszar niezabudowany,"21,1311111111111","53,1308333333333",Jezdnia,Dobre warunki atmosferyczne,Noc - droga nieoświetlona,Inne,1,0,1,Ciężko,N,,,,,,,,,,,,,,,,,,
EWK-98398679G,2014,2014-09-06,13,POWIAT OSTROWSKI,NUR - OBSZAR WIEJSKI,Droga powiatowa,P,Jednojezdniowa dwukierunkowa,"Zakręt, łuk",Obszar zabudowany,"22,5066666666667","52,7611111111111",Pobocze,Dobre warunki atmosferyczne,Światło dzienne,Najechanie na drzewo,1,0,1,Lekko,N,,,,,,,,,,,,,,,,,,
EWK-98396723J,2014,2014-09-06,14,POWIAT SOCHACZEWSKI,MŁODZIESZYN - OBSZAR WIEJSKI,Droga krajowa,50,Jednojezdniowa dwukierunkowa,"Zakręt, łuk",Obszar niezabudowany,"20,2788888888889","52,4275",Jezdnia,Dobre warunki atmosferyczne,Światło dzienne,Zderzenie pojazdów boczne,1,2,0,Nieokreślone (puste pole),N,,,,,,,,,,,,,,,,,,
EWK-98397765Y,2014,2014-09-06,11,POWIAT CIECHANOWSKI,CIECHANÓW - OBSZAR WIEJSKI,Droga krajowa,60,Jednojezdniowa dwukierunkowa,Odcinek prosty,Obszar niezabudowany,"20,6008333333333","52,8919444444445",Jezdnia,Dobre warunki atmosferyczne,Światło dzienne,Zderzenie pojazdów boczne,1,1,0,Nieokreślone (puste pole),N,,,,,,,,,,,,,,,,,,
EWK-98397729U,2014,2014-09-06,16,POWIAT CIECHANOWSKI,GOŁYMIN-OŚRODEK - OBSZAR WIEJSKI,Droga krajowa,60,Jednojezdniowa dwukierunkowa,Odcinek prosty,Obszar niezabudowany,"20,8761111111111","52,9316666666667",Jezdnia,Dobre warunki atmosferyczne,Światło dzienne,Zderzenie pojazdów tylne,1,0,1,Ciężko,N,,,,,,,,,,,,,,,,,,
EWK-98397729U,2014,2014-09-06,16,POWIAT CIECHANOWSKI,GOŁYMIN-OŚRODEK - OBSZAR WIEJSKI,Droga krajowa,60,Jednojezdniowa dwukierunkowa,Odcinek prosty,Obszar niezabudowany,"20,8761111111111","52,9316666666667",Jezdnia,Dobre warunki atmosferyczne,Światło dzienne,Zderzenie pojazdów tylne,1,0,0,Nieokreślone (puste pole),N,,,,,,,,,,,,,,,,,,
EWK-98399076L,2014,2014-09-07,23,POWIAT PŁOCKI,ŁĄCK - OBSZAR WIEJSKI,Droga powiatowa,P1452W,Jednojezdniowa dwukierunkowa,Odcinek prosty,Obszar niezabudowany,"19,7327777777778","52,5541666666667","Skarpa, rów",Dobre warunki atmosferyczne,Noc - droga nieoświetlona,Inne,1,0,2,Ciężko,N,,,,,,,,,,,,,,,,,,
EWK-98399076L,2014,2014-09-07,23,POWIAT PŁOCKI,ŁĄCK - OBSZAR WIEJSKI,Droga powiatowa,P1452W,Jednojezdniowa dwukierunkowa,Odcinek prosty,Obszar niezabudowany,"19,7327777777778","52,5541666666667","Skarpa, rów",Dobre warunki atmosferyczne,Noc - droga nieoświetlona,Inne,1,0,1,Lekko,N,,,,,,,,,,,,,,,,,,
EWK-98398562R,2014,2014-09-07,20,POWIAT PŁOCKI,STARA BIAŁA - OBSZAR WIEJSKI,Droga powiatowa,P3704W,Jednojezdniowa dwukierunkowa,Odcinek prosty,Obszar niezabudowany,"19,8005555555556","52,7916666666667","Skarpa, rów",Dobre warunki atmosferyczne,Noc - droga nieoświetlona,Najechanie na drzewo,1,1,0,Nieokreślone (puste pole),T,,,,,,,,,,,,,,,,,,
EWK-98441442J,2014,2014-09-07,22,POWIAT GARWOLIŃSKI,PILAWA - OBSZAR WIEJSKI,Droga krajowa,17,Jednojezdniowa dwukierunkowa,Odcinek prosty,Obszar niezabudowany,"21,6072222222222","52,0322222222222",Jezdnia,Dobre warunki atmosferyczne,Noc - droga nieoświetlona,Najechanie na pieszego,1,0,1,Ciężko,N,,,,,,,,,,,,,,,,,,
EWK-98441442J,2014,2014-09-07,22,POWIAT GARWOLIŃSKI,PILAWA - OBSZAR WIEJSKI,Droga krajowa,17,Jednojezdniowa dwukierunkowa,Odcinek prosty,Obszar niezabudowany,"21,6072222222222","52,0322222222222",Jezdnia,Dobre warunki atmosferyczne,Noc - droga nieoświetlona,Najechanie na pieszego,1,0,0,Nieokreślone (puste pole),N,,,,,,,,,,,,,,,,,,
EWK-98397006K,2014,2014-09-07,20,POWIAT SIERPECKI,SZCZUTOWO - OBSZAR WIEJSKI,Droga wojewódzka,560,Jednojezdniowa dwukierunkowa,Odcinek prosty,Obszar niezabudowany,"19,6372222222222","52,9913888888889",Jezdnia,Dobre warunki atmosferyczne,"Zmrok, świt",Najechanie na pieszego,1,1,0,Nieokreślone (puste pole),N,,,,,,,,,,,,,,,,,,