IDKSIP,year,date,hour,district,district_commune,road_category,road_number,type_of_road,road_geometry,area,Longitude,Latitude,char_place_of_the_event,weather_conditions,lighting,type_of_accident,num_of_accidents,num_of_fatalities,num_of_injured,type_of_injury,is_offender_intoxicated,,,,,,,,,,,,,,,,,,
EWK-98397859U,2014,2014-09-07,4,POWIAT ŁOSICKI,ŁOSICE - OBSZAR WIEJSKI,Droga krajowa,19,Jednojezdniowa dwukierunkowa,Odcinek prosty,Obszar niezabudowany,"22,8022222222222","52,2613888888889","Skarpa, rów",Dobre warunki atmosferyczne,Noc - droga nieoświetlona,Wywrócenie się pojazdu,1,0,2,Ciężko,T,,,,,,,,,,,,,,,,,,
EWK-98397859U,2014,2014-09-07,4,POWIAT ŁOSICKI,ŁOSICE - OBSZAR WIEJSKI,Droga krajowa,19,Jednojezdniowa dwukierunkowa,Odcinek prosty,Obszar niezabudowany,"22,8022222222222","52,2613888888889","Skarpa, rów",Dobre warunki atmosferyczne,Noc - droga nieoświetlona,Wywrócenie się pojazdu,1,0,0,Nieokreślone (puste pole),T,,,,,,,,,,,,,,,,,,
EWK-98443353C,2014,2014-09-07,17,POWIAT OSTROŁĘCKI,RZEKUŃ - OBSZAR WIEJSKI,Droga powiatowa,2551W,Jednojezdniowa dwukierunkowa,Odcinek prosty,Obszar niezabudowany,"21,7947222222222","53,1388888888889",Jezdnia,Dobre warunki atmosferyczne,"Zmrok, świt",Wywrócenie się pojazdu,1,0,1,Lekko,T,,,,,,,,,,,,,,,,,,
EWK-98396731K,2014,2014-09-07,17,POWIAT GRÓJECKI,GRÓJEC - OBSZAR WIEJSKI,Droga gminna,GMINNA,Jednojezdniowa dwukierunkowa,Odcinek prosty,Obszar niezabudowany,"20,9969444444444","51,9169444444445",Jezdnia,Dobre warunki atmosferyczne,Światło dzienne,Zderzenie pojazdów boczne,1,0,1,Lekko,N,,,,,,,,,,,,,,,,,,
EWK-98396731K,2014,2014-09-07,17,POWIAT GRÓJECKI,GRÓJEC - OBSZAR WIEJSKI,Droga gminna,GMINNA,Jednojezdniowa dwukierunkowa,Odcinek prosty,Obszar niezabudowany,"20,9969444444444","51,9169444444445",Jezdnia,Dobre warunki atmosferyczne,Światło dzienne,Zderzenie pojazdów boczne,1,0,0,Nieokreślone (puste pole),N,,,,,,,,,,,,,,,,,,
EWK-98399579N,2014,2014-09-07,12,POWIAT RADOMSKI,GÓZD - OBSZAR WIEJSKI,Droga krajowa,12,Jednojezdniowa dwukierunkowa,Odcinek prosty,Obszar zabudowany,"21,525","51,4827777777778",Jezdnia,Dobre warunki atmosferyczne,Światło dzienne,Zderzenie pojazdów boczne,1,0,3,Lekko,N,,,,,,,,,,,,,,,,,,
EWK-98399579N,2014,2014-09-07,12,POWIAT RADOMSKI,GÓZD - OBSZAR WIEJSKI,Droga krajowa,12,Jednojezdniowa dwukierunkowa,Odcinek prosty,Obszar zabudowany,"21,525","51,4827777777778",Jezdnia,Dobre warunki atmosferyczne,Światło dzienne,Zderzenie pojazdów boczne,1,0,0,Nieokreślone (puste pole),N,,,,,,,,,,,,,,,,,,
EWK-98400338P,2014,2014-09-07,17,POWIAT RADOM,RADOM - OBSZAR MIEJSKI,Droga powiatowa,P5304W  ,Jednojezdniowa dwukierunkowa,,Obszar zabudowany,"21,2766666666667","51,4013888888889",Jezdnia,Dobre warunki atmosferyczne,Światło dzienne,Zderzenie pojazdów boczne,1,0,2,Lekko,N,,,,,,,,,,,,,,,,,,
EWK-98400338P,2014,2014-09-07,17,POWIAT RADOM,RADOM - OBSZAR MIEJSKI,Droga powiatowa,P5304W  ,Jednojezdniowa dwukierunkowa,,Obszar zabudowany,"21,2766666666667","51,4013888888889",Jezdnia,Dobre warunki atmosferyczne,Światło dzienne,Zderzenie pojazdów boczne,1,0,0,Nieokreślone (puste pole),N,,,,,,,,,,,,,,,,,,
EWK-98398572L,2014,2014-09-07,21,POWIAT RADOM,RADOM - OBSZAR MIEJSKI,Droga krajowa,12,Dwie jezdnie jednokierunkowe,,Obszar zabudowany,"21,2533333333333","51,4461111111111",Jezdnia,Dobre warunki atmosferyczne,Noc - droga oświetlona,Zderzenie pojazdów czołowe,1,0,1,Lekko,N,,,,,,,,,,,,,,,,,,
EWK-98398572L,2014,2014-09-07,21,POWIAT RADOM,RADOM - OBSZAR MIEJSKI,Droga krajowa,12,Dwie jezdnie jednokierunkowe,,Obszar zabudowany,"21,2533333333333","51,4461111111111",Jezdnia,Dobre warunki atmosferyczne,Noc - droga oświetlona,Zderzenie pojazdów czołowe,1,0,0,Nieokreślone (puste pole),N,,,,,,,,,,,,,,,,,,
EWK-98400098M,2014,2014-09-07,14,POWIAT OSTROŁĘCKI,KADZIDŁO - OBSZAR WIEJSKI,Droga krajowa,53,Jednojezdniowa dwukierunkowa,,Obszar zabudowany,"21,6097222222222","53,3294444444445",Jezdnia,Dobre warunki atmosferyczne,Światło dzienne,Zderzenie pojazdów czołowe,1,0,1,Lekko,N,,,,,,,,,,,,,,,,,,
EWK-98400098M,2014,2014-09-07,14,POWIAT OSTROŁĘCKI,KADZIDŁO - OBSZAR WIEJSKI,Droga krajowa,53,Jednojezdniowa dwukierunkowa,,Obszar zabudowany,"21,6097222222222","53,3294444444445",Jezdnia,Dobre warunki atmosferyczne,Światło dzienne,Zderzenie pojazdów czołowe,1,0,0,Nieokreślone (puste pole),N,,,,,,,,,,,,,,,,,,
EWK-98398592H,2014,2014-09-07,2,POWIAT PŁOŃSKI,PŁOŃSK - OBSZAR WIEJSKI,Droga krajowa,50,Jednojezdniowa dwukierunkowa,Odcinek prosty,Obszar niezabudowany,"20,4147222222222","52,7497222222222",Jezdnia,Dobre warunki atmosferyczne,Noc - droga nieoświetlona,Zderzenie pojazdów tylne,1,1,0,Nieokreślone (puste pole),T,,,,,,,,,,,,,,,,,,
EWK-98400289D,2014,2014-09-08,17,POWIAT RADOMSKI,PIONKI - OBSZAR MIEJSKI,Nieokreślone (puste pole),G,Jednojezdniowa dwukierunkowa,Odcinek prosty,Obszar zabudowany,"21,5186111111111","51,5919444444444",Jezdnia,Dobre warunki atmosferyczne,Światło dzienne,Najechanie na pieszego,1,0,1,Lekko,N,,,,,,,,,,,,,,,,,,
EWK-98400289D,2014,2014-09-08,17,POWIAT RADOMSKI,PIONKI - OBSZAR MIEJSKI,Nieokreślone (puste pole),G,Jednojezdniowa dwukierunkowa,Odcinek prosty,Obszar zabudowany,"21,5186111111111","51,5919444444444",Jezdnia,Dobre warunki atmosferyczne,Światło dzienne,Najechanie na pieszego,1,0,0,Nieokreślone (puste pole),N,,,,,,,,,,,,,,,,,,
EWK-98401340C,2014,2014-09-08,13,POWIAT OSTROWSKI,ANDRZEJEWO - OBSZAR WIEJSKI,Droga gminna,GMINNA,Jednojezdniowa dwukierunkowa,Odcinek prosty,Obszar niezabudowany,"22,2827777777778","52,8138888888889",Jezdnia,Dobre warunki atmosferyczne,Światło dzienne,Najechanie na pieszego,1,0,1,Ciężko,N,,,,,,,,,,,,,,,,,,
EWK-98401340C,2014,2014-09-08,13,POWIAT OSTROWSKI,ANDRZEJEWO - OBSZAR WIEJSKI,Droga gminna,GMINNA,Jednojezdniowa dwukierunkowa,Odcinek prosty,Obszar niezabudowany,"22,2827777777778","52,8138888888889",Jezdnia,Dobre warunki atmosferyczne,Światło dzienne,Najechanie na pieszego,1,0,0,Nieokreślone (puste pole),N,,,,,,,,,,,,,,,,,,
EWK-98401863W,2014,2014-09-08,15,POWIAT PŁOŃSKI,NOWE MIASTO - OBSZAR WIEJSKI,Droga gminna,G300611W,Jednojezdniowa dwukierunkowa,Odcinek prosty,Obszar niezabudowany,"20,7538888888889","52,7430555555556",Jezdnia,Dobre warunki atmosferyczne,Światło dzienne,Wywrócenie się pojazdu,1,0,1,Ciężko,N,,,,,,,,,,,,,,,,,,
EWK-98401298L,2014,2014-09-08,16,POWIAT RADOM,RADOM - OBSZAR MIEJSKI,Droga powiatowa,P5320W,Jednojezdniowa dwukierunkowa,Odcinek prosty,Obszar zabudowany,"21,2883333333333","51,4038888888889","Chodnik, droga dla pieszych",Dobre warunki atmosferyczne,Światło dzienne,Zderzenie pojazdów boczne,1,0,1,Lekko,N,,,,,,,,,,,,,,,,,,
EWK-98401298L,2014,2014-09-08,16,POWIAT RADOM,RADOM - OBSZAR MIEJSKI,Droga powiatowa,P5320W,Jednojezdniowa dwukierunkowa,Odcinek prosty,Obszar zabudowany,"21,2883333333333","51,4038888888889","Chodnik, droga dla pieszych",Dobre warunki atmosferyczne,Światło dzienne,Zderzenie pojazdów boczne,1,0,0,Nieokreślone (puste pole),N,,,,,,,,,,,,,,,,,,
EWK-98405046F,2014,2014-09-08,15,POWIAT ŻYRARDOWSKI,WISKITKI - OBSZAR WIEJSKI,Droga gminna,GMINNA,Jednojezdniowa dwukierunkowa,Odcinek prosty,Obszar zabudowany,"20,465","52,0983333333333",Jezdnia,Dobre warunki atmosferyczne,Światło dzienne,Zderzenie pojazdów boczne,1,0,2,Lekko,N,,,,,,,,,,,,,,,,,,
EWK-98405046F,2014,2014-09-08,15,POWIAT ŻYRARDOWSKI,WISKITKI - OBSZAR WIEJSKI,Droga gminna,GMINNA,Jednojezdniowa dwukierunkowa,Odcinek prosty,Obszar zabudowany,"20,465","52,0983333333333",Jezdnia,Dobre warunki atmosferyczne,Światło dzienne,Zderzenie pojazdów boczne,1,0,0,Nieokreślone (puste pole),N,,,,,,,,,,,,,,,,,,
EWK-98426905L,2014,2014-09-08,16,POWIAT SIEDLECKI,SKÓRZEC - OBSZAR WIEJSKI,Droga wojewódzka,803,Jednojezdniowa dwukierunkowa,Odcinek prosty,Obszar zabudowany,"22,2827777777778","52,1769444444444",Jezdnia,Dobre warunki atmosferyczne,Światło dzienne,Zderzenie pojazdów boczne,1,0,1,Lekko,T,,,,,,,,,,,,,,,,,,
EWK-98426905L,2014,2014-09-08,16,POWIAT SIEDLECKI,SKÓRZEC - OBSZAR WIEJSKI,Droga wojewódzka,803,Jednojezdniowa dwukierunkowa,Odcinek prosty,Obszar zabudowany,"22,2827777777778","52,1769444444444",Jezdnia,Dobre warunki atmosferyczne,Światło dzienne,Zderzenie pojazdów boczne,1,0,0,Nieokreślone (puste pole),T,,,,,,,,,,,,,,,,,,
EWK-98399213D,2014,2014-09-08,14,POWIAT RADOMSKI,IŁŻA - OBSZAR MIEJSKI,Droga gminna,GMINNA,Jednojezdniowa dwukierunkowa,Odcinek prosty,Obszar zabudowany,"21,2636111111111","51,2833333333333",Jezdnia,Dobre warunki atmosferyczne,Światło dzienne,Zderzenie pojazdów tylne,1,0,1,Lekko,N,,,,,,,,,,,,,,,,,,
EWK-98399213D,2014,2014-09-08,14,POWIAT RADOMSKI,IŁŻA - OBSZAR MIEJSKI,Droga gminna,GMINNA,Jednojezdniowa dwukierunkowa,Odcinek prosty,Obszar zabudowany,"21,2636111111111","51,2833333333333",Jezdnia,Dobre warunki atmosferyczne,Światło dzienne,Zderzenie pojazdów tylne,1,0,0,Nieokreślone (puste pole),N,,,,,,,,,,,,,,,,,,
EWK-98403798K,2014,2014-09-08,15,POWIAT PŁOCK,PŁOCK - OBSZAR MIEJSKI,Droga krajowa,60,Dwie jezdnie jednokierunkowe,Odcinek prosty,Obszar niezabudowany,"19,8155555555556","52,5519444444444","Most, wiadukt, łącznica, tunel",Dobre warunki atmosferyczne,Światło dzienne,Zderzenie pojazdów tylne,1,0,1,Ciężko,N,,,,,,,,,,,,,,,,,,
EWK-98403798K,2014,2014-09-08,15,POWIAT PŁOCK,PŁOCK - OBSZAR MIEJSKI,Droga krajowa,60,Dwie jezdnie jednokierunkowe,Odcinek prosty,Obszar niezabudowany,"19,8155555555556","52,5519444444444","Most, wiadukt, łącznica, tunel",Dobre warunki atmosferyczne,Światło dzienne,Zderzenie pojazdów tylne,1,0,0,Nieokreślone (puste pole),N,,,,,,,,,,,,,,,,,,
EWK-98400791F,2014,2014-09-09,15,POWIAT PRZASNYSKI,PRZASNYSZ - OBSZAR WIEJSKI,Droga krajowa,57,Jednojezdniowa dwukierunkowa,Odcinek prosty,Obszar niezabudowany,"20,9844444444444","53,2105555555556",Pobocze,Dobre warunki atmosferyczne,Światło dzienne,Najechanie na drzewo,1,0,1,Lekko,N,,,,,,,,,,,,,,,,,,
EWK-98402266H,2014,2014-09-09,14,POWIAT PŁOCK,PŁOCK - OBSZAR MIEJSKI,Droga krajowa,62,Jednojezdniowa dwukierunkowa,,Obszar zabudowany,"19,785","52,5427777777778",Jezdnia,Dobre warunki atmosferyczne,Światło dzienne,Zderzenie pojazdów boczne,1,0,2,Lekko,T,,,,,,,,,,,,,,,,,,
EWK-98402266H,2014,2014-09-09,14,POWIAT PŁOCK,PŁOCK - OBSZAR MIEJSKI,Droga krajowa,62,Jednojezdniowa dwukierunkowa,,Obszar zabudowany,"19,785","52,5427777777778",Jezdnia,Dobre warunki atmosferyczne,Światło dzienne,Zderzenie pojazdów boczne,1,0,0,Nieokreślone (puste pole),T,,,,,,,,,,,,,,,,,,
EWK-98400477G,2014,2014-09-09,2,POWIAT RADOMSKI,GÓZD - OBSZAR WIEJSKI,Nieokreślone (puste pole),,Jednojezdniowa dwukierunkowa,Odcinek prosty,Obszar niezabudowany,"21,2844444444444","51,4166666666667",Jezdnia,"Mgła, dym",Noc - droga nieoświetlona,Zderzenie pojazdów czołowe,1,0,1,Lekko,N,,,,,,,,,,,,,,,,,,
EWK-98400477G,2014,2014-09-09,2,POWIAT RADOMSKI,GÓZD - OBSZAR WIEJSKI,Nieokreślone (puste pole),,Jednojezdniowa dwukierunkowa,Odcinek prosty,Obszar niezabudowany,"21,2844444444444","51,4166666666667",Jezdnia,"Mgła, dym",Noc - droga nieoświetlona,Zderzenie pojazdów czołowe,1,1,0,Nieokreślone (puste pole),N,,,,,,,,,,,,,,,,,,
EWK-98403018Q,2014,2014-09-10,18,POWIAT RADOM,RADOM - OBSZAR MIEJSKI,Nieokreślone (puste pole),,Jednojezdniowa dwukierunkowa,Odcinek prosty,Obszar zabudowany,"21,2141666666667","51,5058333333333",Przejście dla pieszych,Dobre warunki atmosferyczne,"Zmrok, świt",Najechanie na pieszego,1,0,1,Lekko,N,,,,,,,,,,,,,,,,,,
EWK-98403018Q,2014,2014-09-10,18,POWIAT RADOM,RADOM - OBSZAR MIEJSKI,Nieokreślone (puste pole),,Jednojezdniowa dwukierunkowa,Odcinek prosty,Obszar zabudowany,"21,2141666666667","51,5058333333333",Przejście dla pieszych,Dobre warunki atmosferyczne,"Zmrok, świt",Najechanie na pieszego,1,0,0,Nieokreślone (puste pole),N,,,,,,,,,,,,,,,,,,
EWK-98403458Y,2014,2014-09-10,15,POWIAT OSTROWSKI,OSTRÓW MAZOWIECKA - OBSZAR MIEJSKI,Droga wojewódzka,627,Jednojezdniowa dwukierunkowa,,Obszar zabudowany,"22,0216666666667","52,8530555555555",Jezdnia,Dobre warunki atmosferyczne,Światło dzienne,Zderzenie pojazdów boczne,1,0,1,Ciężko,N,,,,,,,,,,,,,,,,,,
EWK-98403458Y,2014,2014-09-10,15,POWIAT OSTROWSKI,OSTRÓW MAZOWIECKA - OBSZAR MIEJSKI,Droga wojewódzka,627,Jednojezdniowa dwukierunkowa,,Obszar zabudowany,"22,0216666666667","52,8530555555555",Jezdnia,Dobre warunki atmosferyczne,Światło dzienne,Zderzenie pojazdów boczne,1,0,0,Nieokreślone (puste pole),N,,,,,,,,,,,,,,,,,,
EWK-98402161R,2014,2014-09-10,8,POWIAT ŻYRARDOWSKI,RADZIEJOWICE - OBSZAR WIEJSKI,Droga gminna,GMINNA,Jednojezdniowa dwukierunkowa,,Obszar zabudowany,"20,5613888888889","52,1133333333333",Jezdnia,Dobre warunki atmosferyczne,Światło dzienne,Zderzenie pojazdów czołowe,1,0,3,Ciężko,N,,,,,,,,,,,,,,,,,,
EWK-98402161R,2014,2014-09-10,8,POWIAT ŻYRARDOWSKI,RADZIEJOWICE - OBSZAR WIEJSKI,Droga gminna,GMINNA,Jednojezdniowa dwukierunkowa,,Obszar zabudowany,"20,5613888888889","52,1133333333333",Jezdnia,Dobre warunki atmosferyczne,Światło dzienne,Zderzenie pojazdów czołowe,1,2,0,Nieokreślone (puste pole),N,,,,,,,,,,,,,,,,,,
EWK-98403076P,2014,2014-09-10,22,POWIAT RADOMSKI,JEDLNIA-LETNISKO - OBSZAR WIEJSKI,Droga powiatowa,34429W,Jednojezdniowa dwukierunkowa,"Zakręt, łuk",Obszar zabudowany,"21,4330555555556","51,5675","Skarpa, rów",Pochmurno,Noc - droga oświetlona,"Najechanie na słup, znak",1,0,1,Lekko,T,,,,,,,,,,,,,,,,,,
EWK-98404384E,2014,2014-09-10,15,POWIAT PŁOŃSKI,RACIĄŻ - OBSZAR WIEJSKI,Droga powiatowa,P3020W,Jednojezdniowa dwukierunkowa,Odcinek prosty,Obszar niezabudowany,"20,3597222222222","52,8413888888889","Wjazd, wyjazd z posesji, pola",Pochmurno,Światło dzienne,Zderzenie pojazdów boczne,1,1,0,Nieokreślone (puste pole),T,,,,,,,,,,,,,,,,,,
EWK-98404977D,2014,2014-09-11,5,POWIAT PŁOCK,PŁOCK - OBSZAR MIEJSKI,Droga powiatowa,P,Jednojezdniowa dwukierunkowa,Odcinek prosty,Obszar zabudowany,"19,7955555555556","52,6413888888889",Przejście dla pieszych,Dobre warunki atmosferyczne,"Zmrok, świt",Najechanie na pieszego,1,0,1,Lekko,N,,,,,,,,,,,,,,,,,,
EWK-98404977D,2014,2014-09-11,5,POWIAT PŁOCK,PŁOCK - OBSZAR MIEJSKI,Droga powiatowa,P,Jednojezdniowa dwukierunkowa,Odcinek prosty,Obszar zabudowany,"19,7955555555556","52,6413888888889",Przejście dla pieszych,Dobre warunki atmosferyczne,"Zmrok, świt",Najechanie na pieszego,1,0,0,Nieokreślone (puste pole),N,,,,,,,,,,,,,,,,,,
EWK-98405529D,2014,2014-09-11,7,POWIAT MŁAWSKI,SZYDŁOWO - OBSZAR WIEJSKI,Droga powiatowa,P,Jednojezdniowa dwukierunkowa,Odcinek prosty,Obszar zabudowany,"20,5786111111111","53,1280555555556",Jezdnia,Dobre warunki atmosferyczne,Światło dzienne,Najechanie na pieszego,1,0,1,Lekko,N,,,,,,,,,,,,,,,,,,
EWK-98405529D,2014,2014-09-11,7,POWIAT MŁAWSKI,SZYDŁOWO - OBSZAR WIEJSKI,Droga powiatowa,P,Jednojezdniowa dwukierunkowa,Odcinek prosty,Obszar zabudowany,"20,5786111111111","53,1280555555556",Jezdnia,Dobre warunki atmosferyczne,Światło dzienne,Najechanie na pieszego,1,0,0,Nieokreślone (puste pole),N,,,,,,,,,,,,,,,,,,
EWK-98441468C,2014,2014-09-11,8,POWIAT GARWOLIŃSKI,GÓRZNO - OBSZAR WIEJSKI,Droga krajowa,17,Jednojezdniowa dwukierunkowa,Odcinek prosty,Obszar niezabudowany,"21,7941666666667","51,8697222222222",Jezdnia,Dobre warunki atmosferyczne,Światło dzienne,Zderzenie pojazdów boczne,1,0,1,Ciężko,N,,,,,,,,,,,,,,,,,,
EWK-98441468C,2014,2014-09-11,8,POWIAT GARWOLIŃSKI,GÓRZNO - OBSZAR WIEJSKI,Droga krajowa,17,Jednojezdniowa dwukierunkowa,Odcinek prosty,Obszar niezabudowany,"21,7941666666667","51,8697222222222",Jezdnia,Dobre warunki atmosferyczne,Światło dzienne,Zderzenie pojazdów boczne,1,0,0,Nieokreślone (puste pole),N,,,,,,,,,,,,,,,,,,
EWK-98405004F,2014,2014-09-11,9,POWIAT RADOM,RADOM - OBSZAR MIEJSKI,Droga krajowa,7,Dwie jezdnie jednokierunkowe,,Obszar zabudowany,"21,1936111111111","51,4716666666667",Przejście dla pieszych,Opady deszczu,Światło dzienne,Najechanie na pieszego,1,0,1,Lekko,N,,,,,,,,,,,,,,,,,,
EWK-98405004F,2014,2014-09-11,9,POWIAT RADOM,RADOM - OBSZAR MIEJSKI,Droga krajowa,7,Dwie jezdnie jednokierunkowe,,Obszar zabudowany,"21,1936111111111","51,4716666666667",Przejście dla pieszych,Opady deszczu,Światło dzienne,Najechanie na pieszego,1,0,0,Nieokreślone (puste pole),N,,,,,,,,,,,,,,,,,,
EWK-98404699R,2014,2014-09-11,10,POWIAT RADOMSKI,PIONKI - OBSZAR WIEJSKI,Droga wojewódzka,691,Jednojezdniowa dwukierunkowa,Odcinek prosty,Obszar zabudowany,"21,5241666666667","51,5263888888889",Pobocze,Opady deszczu,Światło dzienne,"Najechanie na słup, znak",1,0,1,Lekko,N,,,,,,,,,,,,,,,,,,
EWK-98412845H,2014,2014-09-11,14,POWIAT SIEDLECKI,WIŚNIEW - OBSZAR WIEJSKI,Droga powiatowa,4150E,Jednojezdniowa dwukierunkowa,"Zakręt, łuk",Obszar zabudowany,"22,4061111111111","52,1136111111111",Jezdnia,Pochmurno,Światło dzienne,Najechanie na drzewo,1,0,2,Lekko,N,,,,,,,,,,,,,,,,,,
EWK-98412845H,2014,2014-09-11,14,POWIAT SIEDLECKI,WIŚNIEW - OBSZAR WIEJSKI,Droga powiatowa,4150E,Jednojezdniowa dwukierunkowa,"Zakręt, łuk",Obszar zabudowany,"22,4061111111111","52,1136111111111",Jezdnia,Pochmurno,Światło dzienne,Najechanie na drzewo,1,0,0,Nieokreślone (puste pole),N,,,,,,,,,,,,,,,,,,
EWK-98405010W,2014,2014-09-11,20,POWIAT MŁAWSKI,DZIERZGOWO - OBSZAR WIEJSKI,Droga gminna,GMINNA,Jednojezdniowa dwukierunkowa,Odcinek prosty,Obszar niezabudowany,"20,7863888888889","53,2166666666667",Jezdnia,Pochmurno,Noc - droga nieoświetlona,Najechanie na pieszego,1,1,0,Nieokreślone (puste pole),N,,,,,,,,,,,,,,,,,,
EWK-98405016J,2014,2014-09-11,17,POWIAT RADOM,RADOM - OBSZAR MIEJSKI,Droga powiatowa,P3539W,Dwie jezdnie jednokierunkowe,,Obszar zabudowany,"21,2405555555556","51,5316666666667",Przejście dla pieszych,Pochmurno,Światło dzienne,Najechanie na pieszego,1,0,1,Lekko,N,,,,,,,,,,,,,,,,,,
EWK-98405016J,2014,2014-09-11,17,POWIAT RADOM,RADOM - OBSZAR MIEJSKI,Droga powiatowa,P3539W,Dwie jezdnie jednokierunkowe,,Obszar zabudowany,"21,2405555555556","51,5316666666667",Przejście dla pieszych,Pochmurno,Światło dzienne,Najechanie na pieszego,1,0,0,Nieokreślone (puste pole),N,,,,,,,,,,,,,,,,,,
EWK-98404010C,2014,2014-09-12,22,POWIAT KOZIENICKI,MAGNUSZEW - OBSZAR WIEJSKI,Droga powiatowa,P1704W,Jednojezdniowa dwukierunkowa,"Zakręt, łuk",Obszar niezabudowany,"21,4483333333333","51,8472222222222","Skarpa, rów",Dobre warunki atmosferyczne,Noc - droga nieoświetlona,Inne,1,0,1,Lekko,T,,,,,,,,,,,,,,,,,,
EWK-98404010C,2014,2014-09-12,22,POWIAT KOZIENICKI,MAGNUSZEW - OBSZAR WIEJSKI,Droga powiatowa,P1704W,Jednojezdniowa dwukierunkowa,"Zakręt, łuk",Obszar niezabudowany,"21,4483333333333","51,8472222222222","Skarpa, rów",Dobre warunki atmosferyczne,Noc - droga nieoświetlona,Inne,1,0,0,Nieokreślone (puste pole),T,,,,,,,,,,,,,,,,,,
EWK-98406875K,2014,2014-09-12,16,POWIAT OSTROWSKI,OSTRÓW MAZOWIECKA - OBSZAR MIEJSKI,Nieokreślone (puste pole),G,Jednojezdniowa dwukierunkowa,,Obszar zabudowany,"21,9922222222222","52,8969444444445",Jezdnia,Dobre warunki atmosferyczne,Światło dzienne,Najechanie na barierę ochronną,1,0,1,Lekko,N,,,,,,,,,,,,,,,,,,
EWK-98408642Y,2014,2014-09-12,8,POWIAT PŁOCKI,BIELSK - OBSZAR WIEJSKI,Droga krajowa,60,Jednojezdniowa dwukierunkowa,Odcinek prosty,Obszar niezabudowany,"19,8847222222222","52,7375","Skarpa, rów",Dobre warunki atmosferyczne,Światło dzienne,Najechanie na drzewo,1,0,1,Ciężko,N,,,,,,,,,,,,,,,,,,
EWK-98406647W,2014,2014-09-12,22,POWIAT OSTROWSKI,MAŁKINIA GÓRNA - OBSZAR WIEJSKI,Droga wojewódzka,627,Jednojezdniowa dwukierunkowa,Odcinek prosty,Obszar niezabudowany,"21,9991666666667","52,7758333333333",Jezdnia,Dobre warunki atmosferyczne,Noc - droga nieoświetlona,Najechanie na pieszego,1,0,1,Ciężko,N,,,,,,,,,,,,,,,,,,
EWK-98406647W,2014,2014-09-12,22,POWIAT OSTROWSKI,MAŁKINIA GÓRNA - OBSZAR WIEJSKI,Droga wojewódzka,627,Jednojezdniowa dwukierunkowa,Odcinek prosty,Obszar niezabudowany,"21,9991666666667","52,7758333333333",Jezdnia,Dobre warunki atmosferyczne,Noc - droga nieoświetlona,Najechanie na pieszego,1,0,0,Nieokreślone (puste pole),N,,,,,,,,,,,,,,,,,,
EWK-98403839W,2014,2014-09-12,6,POWIAT WYSZKOWSKI,SOMIANKA - OBSZAR WIEJSKI,Droga krajowa,62,Jednojezdniowa dwukierunkowa,,Obszar niezabudowany,"21,2327777777778","52,6975",Jezdnia,Dobre warunki atmosferyczne,Światło dzienne,Zderzenie pojazdów boczne,1,2,0,Nieokreślone (puste pole),N,,,,,,,,,,,,,,,,,,
EWK-98409593U,2014,2014-09-12,19,POWIAT SOKOŁOWSKI,SOKOŁÓW PODLASKI - OBSZAR WIEJSKI,Droga powiatowa,36157W,Jednojezdniowa dwukierunkowa,Odcinek prosty,Obszar niezabudowany,"22,3327777777778","52,4269444444444",Jezdnia,Dobre warunki atmosferyczne,Noc - droga nieoświetlona,Zderzenie pojazdów tylne,1,0,1,Ciężko,N,,,,,,,,,,,,,,,,,,
EWK-98409593U,2014,2014-09-12,19,POWIAT SOKOŁOWSKI,SOKOŁÓW PODLASKI - OBSZAR WIEJSKI,Droga powiatowa,36157W,Jednojezdniowa dwukierunkowa,Odcinek prosty,Obszar niezabudowany,"22,3327777777778","52,4269444444444",Jezdnia,Dobre warunki atmosferyczne,Noc - droga nieoświetlona,Zderzenie pojazdów tylne,1,0,0,Nieokreślone (puste pole),N,,,,,,,,,,,,,,,,,,
EWK-98408699L,2014,2014-09-13,20,POWIAT PŁOCKI,WYSZOGRÓD - OBSZAR WIEJSKI,Droga krajowa,62,Jednojezdniowa dwukierunkowa,Odcinek prosty,Obszar niezabudowany,"20,2380555555556","52,455","Skarpa, rów",Dobre warunki atmosferyczne,Noc - droga oświetlona,Inne,1,0,1,Lekko,T,,,,,,,,,,,,,,,,,,
EWK-98407099T,2014,2014-09-13,16,POWIAT RADOMSKI,SKARYSZEW - OBSZAR WIEJSKI,Droga krajowa,9,Jednojezdniowa dwukierunkowa,Odcinek prosty,Obszar zabudowany,"21,2291666666667","51,4355555555556",Pobocze,Dobre warunki atmosferyczne,Światło dzienne,Najechanie na drzewo,1,0,2,Lekko,T,,,,,,,,,,,,,,,,,,
EWK-98407099T,2014,2014-09-13,16,POWIAT RADOMSKI,SKARYSZEW - OBSZAR WIEJSKI,Droga krajowa,9,Jednojezdniowa dwukierunkowa,Odcinek prosty,Obszar zabudowany,"21,2291666666667","51,4355555555556",Pobocze,Dobre warunki atmosferyczne,Światło dzienne,Najechanie na drzewo,1,0,0,Nieokreślone (puste pole),T,,,,,,,,,,,,,,,,,,