IDKSIP,year,date,hour,district,district_commune,road_category,road_number,type_of_road,road_geometry,area,Longitude,Latitude,char_place_of_the_event,weather_conditions,lighting,type_of_accident,num_of_accidents,num_of_fatalities,num_of_injured,type_of_injury,is_offender_intoxicated,,,,,,,,,,,,,,,,,,
EWK-98443597A,2014,2014-09-13,6,POWIAT GARWOLIŃSKI,WILGA - OBSZAR WIEJSKI,Droga wojewódzka,801,Jednojezdniowa dwukierunkowa,"Zakręt, łuk",Obszar niezabudowany,"21,4822222222222","51,9441666666667",Pobocze,Dobre warunki atmosferyczne,Światło dzienne,Najechanie na drzewo,1,0,1,Ciężko,N,,,,,,,,,,,,,,,,,,
EWK-98413534E,2014,2014-09-13,20,POWIAT WYSZKOWSKI,RZĄŚNIK - OBSZAR WIEJSKI,Droga powiatowa,P4410W,Jednojezdniowa dwukierunkowa,Odcinek prosty,Obszar niezabudowany,"21,4077777777778","52,7319444444444",Jezdnia,Dobre warunki atmosferyczne,Noc - droga nieoświetlona,Najechanie na pieszego,1,0,1,Lekko,N,,,,,,,,,,,,,,,,,,
EWK-98413534E,2014,2014-09-13,20,POWIAT WYSZKOWSKI,RZĄŚNIK - OBSZAR WIEJSKI,Droga powiatowa,P4410W,Jednojezdniowa dwukierunkowa,Odcinek prosty,Obszar niezabudowany,"21,4077777777778","52,7319444444444",Jezdnia,Dobre warunki atmosferyczne,Noc - droga nieoświetlona,Najechanie na pieszego,1,0,0,Nieokreślone (puste pole),N,,,,,,,,,,,,,,,,,,
EWK-98408651F,2014,2014-09-13,5,POWIAT PŁOCKI,BIELSK - OBSZAR WIEJSKI,Droga krajowa,60,Jednojezdniowa dwukierunkowa,Odcinek prosty,Obszar niezabudowany,"19,8677777777778","52,6305555555556","Skarpa, rów",Dobre warunki atmosferyczne,Noc - droga nieoświetlona,Wywrócenie się pojazdu,1,0,1,Lekko,N,,,,,,,,,,,,,,,,,,
EWK-98406336J,2014,2014-09-13,16,POWIAT BIAŁOBRZESKI,STARA BŁOTNICA - OBSZAR WIEJSKI,Droga powiatowa,P1120W,Jednojezdniowa dwukierunkowa,"Zakręt, łuk",Obszar zabudowany,"21,0580555555556","51,6822222222222",Jezdnia,Dobre warunki atmosferyczne,Światło dzienne,Wywrócenie się pojazdu,1,0,1,Lekko,N,,,,,,,,,,,,,,,,,,
EWK-98407369P,2014,2014-09-13,17,POWIAT GRÓJECKI,CHYNÓW - OBSZAR WIEJSKI,Droga gminna,GMINNA,Jednojezdniowa dwukierunkowa,Odcinek prosty,Obszar zabudowany,"21,2227777777778","51,9466666666667",Jezdnia,Dobre warunki atmosferyczne,Światło dzienne,Zderzenie pojazdów boczne,1,0,1,Lekko,N,,,,,,,,,,,,,,,,,,
EWK-98407369P,2014,2014-09-13,17,POWIAT GRÓJECKI,CHYNÓW - OBSZAR WIEJSKI,Droga gminna,GMINNA,Jednojezdniowa dwukierunkowa,Odcinek prosty,Obszar zabudowany,"21,2227777777778","51,9466666666667",Jezdnia,Dobre warunki atmosferyczne,Światło dzienne,Zderzenie pojazdów boczne,1,0,0,Nieokreślone (puste pole),N,,,,,,,,,,,,,,,,,,
EWK-98409993N,2014,2014-09-13,22,POWIAT SIEDLCE,SIEDLCE - OBSZAR MIEJSKI,Droga wojewódzka,W628,Jednojezdniowa dwukierunkowa,Odcinek prosty,Obszar zabudowany,"22,3833333333333","52,175",Jezdnia,Dobre warunki atmosferyczne,Noc - droga nieoświetlona,Zderzenie pojazdów czołowe,1,0,3,Ciężko,N,,,,,,,,,,,,,,,,,,
EWK-98409993N,2014,2014-09-13,22,POWIAT SIEDLCE,SIEDLCE - OBSZAR MIEJSKI,Droga wojewódzka,W628,Jednojezdniowa dwukierunkowa,Odcinek prosty,Obszar zabudowany,"22,3833333333333","52,175",Jezdnia,Dobre warunki atmosferyczne,Noc - droga nieoświetlona,Zderzenie pojazdów czołowe,1,0,2,Lekko,N,,,,,,,,,,,,,,,,,,
EWK-98407388D,2014,2014-09-13,17,POWIAT GRÓJECKI,WARKA - OBSZAR WIEJSKI,Droga wojewódzka,731,Jednojezdniowa dwukierunkowa,"Zakręt, łuk",Obszar niezabudowany,"21,2630555555556","51,9",Jezdnia,Dobre warunki atmosferyczne,Światło dzienne,Zderzenie pojazdów czołowe,1,0,1,Ciężko,N,,,,,,,,,,,,,,,,,,
EWK-98407388D,2014,2014-09-13,17,POWIAT GRÓJECKI,WARKA - OBSZAR WIEJSKI,Droga wojewódzka,731,Jednojezdniowa dwukierunkowa,"Zakręt, łuk",Obszar niezabudowany,"21,2630555555556","51,9",Jezdnia,Dobre warunki atmosferyczne,Światło dzienne,Zderzenie pojazdów czołowe,1,0,1,Lekko,N,,,,,,,,,,,,,,,,,,
EWK-98407388D,2014,2014-09-13,17,POWIAT GRÓJECKI,WARKA - OBSZAR WIEJSKI,Droga wojewódzka,731,Jednojezdniowa dwukierunkowa,"Zakręt, łuk",Obszar niezabudowany,"21,2630555555556","51,9",Jezdnia,Dobre warunki atmosferyczne,Światło dzienne,Zderzenie pojazdów czołowe,1,0,0,Nieokreślone (puste pole),N,,,,,,,,,,,,,,,,,,
EWK-98406347Y,2014,2014-09-13,11,POWIAT BIAŁOBRZESKI,PROMNA - OBSZAR WIEJSKI,Droga powiatowa,P1101W,Jednojezdniowa dwukierunkowa,Odcinek prosty,Obszar zabudowany,"20,9577777777778","51,7294444444444",Jezdnia,Dobre warunki atmosferyczne,Światło dzienne,Zderzenie pojazdów tylne,1,1,0,Nieokreślone (puste pole),N,,,,,,,,,,,,,,,,,,
EWK-98406781R,2014,2014-09-13,13,POWIAT GRÓJECKI,GRÓJEC - OBSZAR WIEJSKI,Droga krajowa,7,Dwie jezdnie jednokierunkowe,Odcinek prosty,Obszar niezabudowany,"20,9977777777778","52,0425",Jezdnia,Dobre warunki atmosferyczne,Światło dzienne,Zderzenie pojazdów tylne,1,0,2,Ciężko,N,,,,,,,,,,,,,,,,,,
EWK-98406781R,2014,2014-09-13,13,POWIAT GRÓJECKI,GRÓJEC - OBSZAR WIEJSKI,Droga krajowa,7,Dwie jezdnie jednokierunkowe,Odcinek prosty,Obszar niezabudowany,"20,9977777777778","52,0425",Jezdnia,Dobre warunki atmosferyczne,Światło dzienne,Zderzenie pojazdów tylne,1,0,1,Lekko,N,,,,,,,,,,,,,,,,,,
EWK-98406781R,2014,2014-09-13,13,POWIAT GRÓJECKI,GRÓJEC - OBSZAR WIEJSKI,Droga krajowa,7,Dwie jezdnie jednokierunkowe,Odcinek prosty,Obszar niezabudowany,"20,9977777777778","52,0425",Jezdnia,Dobre warunki atmosferyczne,Światło dzienne,Zderzenie pojazdów tylne,1,0,0,Nieokreślone (puste pole),N,,,,,,,,,,,,,,,,,,
EWK-98408625G,2014,2014-09-14,22,POWIAT WYSZKOWSKI,DŁUGOSIODŁO - OBSZAR WIEJSKI,Droga powiatowa,4403W,Jednojezdniowa dwukierunkowa,Odcinek prosty,Obszar niezabudowany,"21,6197222222222","52,8908333333333",Jezdnia,Dobre warunki atmosferyczne,Noc - droga nieoświetlona,Najechanie na drzewo,1,0,2,Lekko,N,,,,,,,,,,,,,,,,,,
EWK-98408664T,2014,2014-09-14,10,POWIAT PŁOCKI,DROBIN - OBSZAR WIEJSKI,Droga powiatowa,P2913W,Jednojezdniowa dwukierunkowa,Odcinek prosty,Obszar niezabudowany,"19,9866666666667","52,8075","Skarpa, rów",Dobre warunki atmosferyczne,Światło dzienne,Najechanie na drzewo,1,0,1,Lekko,N,,,,,,,,,,,,,,,,,,
EWK-98408664T,2014,2014-09-14,10,POWIAT PŁOCKI,DROBIN - OBSZAR WIEJSKI,Droga powiatowa,P2913W,Jednojezdniowa dwukierunkowa,Odcinek prosty,Obszar niezabudowany,"19,9866666666667","52,8075","Skarpa, rów",Dobre warunki atmosferyczne,Światło dzienne,Najechanie na drzewo,1,0,0,Nieokreślone (puste pole),N,,,,,,,,,,,,,,,,,,
EWK-98410942X,2014,2014-09-14,18,POWIAT PŁOŃSKI,BABOSZEWO - OBSZAR WIEJSKI,Droga powiatowa,P3033W,Jednojezdniowa dwukierunkowa,"Zakręt, łuk",Obszar niezabudowany,"20,4527777777778","52,8111111111111",Jezdnia,Dobre warunki atmosferyczne,Światło dzienne,Zdarzenie z pasażerem,1,0,1,Ciężko,T,,,,,,,,,,,,,,,,,,
EWK-98410942X,2014,2014-09-14,18,POWIAT PŁOŃSKI,BABOSZEWO - OBSZAR WIEJSKI,Droga powiatowa,P3033W,Jednojezdniowa dwukierunkowa,"Zakręt, łuk",Obszar niezabudowany,"20,4527777777778","52,8111111111111",Jezdnia,Dobre warunki atmosferyczne,Światło dzienne,Zdarzenie z pasażerem,1,0,1,Lekko,T,,,,,,,,,,,,,,,,,,
EWK-98424402U,2014,2014-09-14,14,POWIAT OSTROŁĘKA,OSTROŁĘKA - OBSZAR MIEJSKI,Droga powiatowa,P5104W,Jednojezdniowa dwukierunkowa,Odcinek prosty,Obszar zabudowany,"21,6430555555556","53,0991666666667","Chodnik, droga dla pieszych",Dobre warunki atmosferyczne,Światło dzienne,Zderzenie pojazdów boczne,1,0,1,Lekko,N,,,,,,,,,,,,,,,,,,
EWK-98424402U,2014,2014-09-14,14,POWIAT OSTROŁĘKA,OSTROŁĘKA - OBSZAR MIEJSKI,Droga powiatowa,P5104W,Jednojezdniowa dwukierunkowa,Odcinek prosty,Obszar zabudowany,"21,6430555555556","53,0991666666667","Chodnik, droga dla pieszych",Dobre warunki atmosferyczne,Światło dzienne,Zderzenie pojazdów boczne,1,0,0,Nieokreślone (puste pole),N,,,,,,,,,,,,,,,,,,
EWK-98406752L,2014,2014-09-14,13,POWIAT WĘGROWSKI,STOCZEK - OBSZAR WIEJSKI,Droga krajowa,50,Jednojezdniowa dwukierunkowa,,Obszar niezabudowany,"21,9322222222222","52,6019444444445",Przejazd kolejowy strzeżony,Dobre warunki atmosferyczne,Światło dzienne,Zderzenie pojazdów boczne,1,0,1,Lekko,N,,,,,,,,,,,,,,,,,,
EWK-98406752L,2014,2014-09-14,13,POWIAT WĘGROWSKI,STOCZEK - OBSZAR WIEJSKI,Droga krajowa,50,Jednojezdniowa dwukierunkowa,,Obszar niezabudowany,"21,9322222222222","52,6019444444445",Przejazd kolejowy strzeżony,Dobre warunki atmosferyczne,Światło dzienne,Zderzenie pojazdów boczne,1,0,0,Nieokreślone (puste pole),N,,,,,,,,,,,,,,,,,,
EWK-98408622Q,2014,2014-09-14,13,POWIAT WYSZKOWSKI,WYSZKÓW - OBSZAR MIEJSKI,Droga gminna,G440748W,Jednojezdniowa dwukierunkowa,Odcinek prosty,Obszar zabudowany,"21,5672222222222","52,66",Jezdnia,Dobre warunki atmosferyczne,Światło dzienne,Zderzenie pojazdów tylne,1,0,1,Ciężko,N,,,,,,,,,,,,,,,,,,
EWK-98408622Q,2014,2014-09-14,13,POWIAT WYSZKOWSKI,WYSZKÓW - OBSZAR MIEJSKI,Droga gminna,G440748W,Jednojezdniowa dwukierunkowa,Odcinek prosty,Obszar zabudowany,"21,5672222222222","52,66",Jezdnia,Dobre warunki atmosferyczne,Światło dzienne,Zderzenie pojazdów tylne,1,0,0,Nieokreślone (puste pole),N,,,,,,,,,,,,,,,,,,
EWK-98413389J,2014,2014-09-15,19,POWIAT OSTROŁĘKA,OSTROŁĘKA - OBSZAR MIEJSKI,Droga gminna,G510071W,Jednojezdniowa dwukierunkowa,"Zakręt, łuk",Obszar zabudowany,"21,6875","53,1461111111111",Jezdnia,Dobre warunki atmosferyczne,Noc - droga oświetlona,Najechanie na pieszego,1,0,1,Lekko,N,,,,,,,,,,,,,,,,,,
EWK-98413389J,2014,2014-09-15,19,POWIAT OSTROŁĘKA,OSTROŁĘKA - OBSZAR MIEJSKI,Droga gminna,G510071W,Jednojezdniowa dwukierunkowa,"Zakręt, łuk",Obszar zabudowany,"21,6875","53,1461111111111",Jezdnia,Dobre warunki atmosferyczne,Noc - droga oświetlona,Najechanie na pieszego,1,0,0,Nieokreślone (puste pole),N,,,,,,,,,,,,,,,,,,
EWK-98407883G,2014,2014-09-15,14,POWIAT PUŁTUSKI,ŚWIERCZE - OBSZAR WIEJSKI,Droga powiatowa,P2422W,Jednojezdniowa dwukierunkowa,Odcinek prosty,Obszar niezabudowany,"20,8883333333333","52,6883333333333",Jezdnia,Dobre warunki atmosferyczne,Światło dzienne,Najechanie na pojazd unieruchomiony,1,0,1,Lekko,N,,,,,,,,,,,,,,,,,,
EWK-98407883G,2014,2014-09-15,14,POWIAT PUŁTUSKI,ŚWIERCZE - OBSZAR WIEJSKI,Droga powiatowa,P2422W,Jednojezdniowa dwukierunkowa,Odcinek prosty,Obszar niezabudowany,"20,8883333333333","52,6883333333333",Jezdnia,Dobre warunki atmosferyczne,Światło dzienne,Najechanie na pojazd unieruchomiony,1,0,0,Nieokreślone (puste pole),N,,,,,,,,,,,,,,,,,,
EWK-98409058F,2014,2014-09-15,17,POWIAT MAKOWSKI,MAKÓW MAZOWIECKI - OBSZAR MIEJSKI,Droga gminna,G210448W,Jednojezdniowa dwukierunkowa,Odcinek prosty,Obszar zabudowany,"21,0913888888889","52,9052777777778",Jezdnia,Dobre warunki atmosferyczne,Światło dzienne,Zdarzenie z pasażerem,1,0,1,Ciężko,N,,,,,,,,,,,,,,,,,,
EWK-98409058F,2014,2014-09-15,17,POWIAT MAKOWSKI,MAKÓW MAZOWIECKI - OBSZAR MIEJSKI,Droga gminna,G210448W,Jednojezdniowa dwukierunkowa,Odcinek prosty,Obszar zabudowany,"21,0913888888889","52,9052777777778",Jezdnia,Dobre warunki atmosferyczne,Światło dzienne,Zdarzenie z pasażerem,1,0,1,Lekko,N,,,,,,,,,,,,,,,,,,
EWK-98408168G,2014,2014-09-15,17,POWIAT RADOM,RADOM - OBSZAR MIEJSKI,Droga powiatowa,P3539W,Dwie jezdnie jednokierunkowe,,Obszar zabudowany,"21,2405555555556","51,5316666666667",Jezdnia,Dobre warunki atmosferyczne,Światło dzienne,Zderzenie pojazdów boczne,1,0,2,Lekko,N,,,,,,,,,,,,,,,,,,
EWK-98408168G,2014,2014-09-15,17,POWIAT RADOM,RADOM - OBSZAR MIEJSKI,Droga powiatowa,P3539W,Dwie jezdnie jednokierunkowe,,Obszar zabudowany,"21,2405555555556","51,5316666666667",Jezdnia,Dobre warunki atmosferyczne,Światło dzienne,Zderzenie pojazdów boczne,1,0,0,Nieokreślone (puste pole),N,,,,,,,,,,,,,,,,,,
EWK-98409390E,2014,2014-09-15,16,POWIAT SZYDŁOWIECKI,OROŃSKO - OBSZAR WIEJSKI,Droga krajowa,7,Jednojezdniowa dwukierunkowa,,Obszar zabudowany,"21,0527777777778","51,4316666666667",Jezdnia,Dobre warunki atmosferyczne,Światło dzienne,Zderzenie pojazdów boczne,1,0,1,Lekko,N,,,,,,,,,,,,,,,,,,
EWK-98409390E,2014,2014-09-15,16,POWIAT SZYDŁOWIECKI,OROŃSKO - OBSZAR WIEJSKI,Droga krajowa,7,Jednojezdniowa dwukierunkowa,,Obszar zabudowany,"21,0527777777778","51,4316666666667",Jezdnia,Dobre warunki atmosferyczne,Światło dzienne,Zderzenie pojazdów boczne,1,0,0,Nieokreślone (puste pole),N,,,,,,,,,,,,,,,,,,
EWK-98409340J,2014,2014-09-15,15,POWIAT SIERPECKI,MOCHOWO - OBSZAR WIEJSKI,Droga powiatowa,P,Jednojezdniowa dwukierunkowa,"Zakręt, łuk",Obszar niezabudowany,"19,6772222222222","52,9125",Jezdnia,Dobre warunki atmosferyczne,Światło dzienne,Zderzenie pojazdów czołowe,1,0,1,Lekko,T,,,,,,,,,,,,,,,,,,
EWK-98409340J,2014,2014-09-15,15,POWIAT SIERPECKI,MOCHOWO - OBSZAR WIEJSKI,Droga powiatowa,P,Jednojezdniowa dwukierunkowa,"Zakręt, łuk",Obszar niezabudowany,"19,6772222222222","52,9125",Jezdnia,Dobre warunki atmosferyczne,Światło dzienne,Zderzenie pojazdów czołowe,1,0,0,Nieokreślone (puste pole),T,,,,,,,,,,,,,,,,,,
EWK-98407893N,2014,2014-09-15,9,POWIAT PUŁTUSKI,ZATORY - OBSZAR WIEJSKI,Droga wojewódzka,618,Jednojezdniowa dwukierunkowa,Odcinek prosty,Obszar zabudowany,"21,2613888888889","52,775",Jezdnia,Dobre warunki atmosferyczne,Światło dzienne,Zderzenie pojazdów tylne,1,0,1,Lekko,N,,,,,,,,,,,,,,,,,,
EWK-98407893N,2014,2014-09-15,9,POWIAT PUŁTUSKI,ZATORY - OBSZAR WIEJSKI,Droga wojewódzka,618,Jednojezdniowa dwukierunkowa,Odcinek prosty,Obszar zabudowany,"21,2613888888889","52,775",Jezdnia,Dobre warunki atmosferyczne,Światło dzienne,Zderzenie pojazdów tylne,1,0,0,Nieokreślone (puste pole),N,,,,,,,,,,,,,,,,,,
EWK-98410798E,2014,2014-09-15,12,POWIAT PŁOCK,PŁOCK - OBSZAR MIEJSKI,Droga krajowa,62,Dwie jezdnie jednokierunkowe,,Obszar zabudowany,"19,8933333333333","52,5725",Jezdnia,Oślepiające słońce,Światło dzienne,Zderzenie pojazdów boczne,1,0,1,Lekko,N,,,,,,,,,,,,,,,,,,
EWK-98410798E,2014,2014-09-15,12,POWIAT PŁOCK,PŁOCK - OBSZAR MIEJSKI,Droga krajowa,62,Dwie jezdnie jednokierunkowe,,Obszar zabudowany,"19,8933333333333","52,5725",Jezdnia,Oślepiające słońce,Światło dzienne,Zderzenie pojazdów boczne,1,0,0,Nieokreślone (puste pole),N,,,,,,,,,,,,,,,,,,
EWK-98409546Y,2014,2014-09-15,10,POWIAT PŁOCKI,BIELSK - OBSZAR WIEJSKI,Droga powiatowa,5201W,Jednojezdniowa dwukierunkowa,Odcinek prosty,Obszar niezabudowany,"19,8352777777778","52,6983333333333","Roboty drogowe, oznakowanie tymczasowe",Oślepiające słońce,Światło dzienne,Zderzenie pojazdów tylne,1,0,1,Lekko,N,,,,,,,,,,,,,,,,,,
EWK-98409546Y,2014,2014-09-15,10,POWIAT PŁOCKI,BIELSK - OBSZAR WIEJSKI,Droga powiatowa,5201W,Jednojezdniowa dwukierunkowa,Odcinek prosty,Obszar niezabudowany,"19,8352777777778","52,6983333333333","Roboty drogowe, oznakowanie tymczasowe",Oślepiające słońce,Światło dzienne,Zderzenie pojazdów tylne,1,0,0,Nieokreślone (puste pole),N,,,,,,,,,,,,,,,,,,
EWK-98408900C,2014,2014-09-16,15,POWIAT LIPSKI,LIPSKO - OBSZAR WIEJSKI,Droga krajowa,79,Jednojezdniowa dwukierunkowa,Odcinek prosty,Obszar niezabudowany,"21,7408333333333","51,1905555555556",Jezdnia,Dobre warunki atmosferyczne,Światło dzienne,"Najechanie na słup, znak",1,0,1,Ciężko,N,,,,,,,,,,,,,,,,,,
EWK-98408900C,2014,2014-09-16,15,POWIAT LIPSKI,LIPSKO - OBSZAR WIEJSKI,Droga krajowa,79,Jednojezdniowa dwukierunkowa,Odcinek prosty,Obszar niezabudowany,"21,7408333333333","51,1905555555556",Jezdnia,Dobre warunki atmosferyczne,Światło dzienne,"Najechanie na słup, znak",1,0,0,Nieokreślone (puste pole),N,,,,,,,,,,,,,,,,,,
EWK-98412003U,2014,2014-09-16,10,POWIAT WYSZKOWSKI,WYSZKÓW - OBSZAR MIEJSKI,Droga gminna,G440588W,Jednojezdniowa dwukierunkowa,Odcinek prosty,Obszar zabudowany,"21,5583333333333","52,73","Chodnik, droga dla pieszych",Dobre warunki atmosferyczne,Światło dzienne,Zderzenie pojazdów boczne,1,0,1,Lekko,N,,,,,,,,,,,,,,,,,,
EWK-98412003U,2014,2014-09-16,10,POWIAT WYSZKOWSKI,WYSZKÓW - OBSZAR MIEJSKI,Droga gminna,G440588W,Jednojezdniowa dwukierunkowa,Odcinek prosty,Obszar zabudowany,"21,5583333333333","52,73","Chodnik, droga dla pieszych",Dobre warunki atmosferyczne,Światło dzienne,Zderzenie pojazdów boczne,1,0,0,Nieokreślone (puste pole),N,,,,,,,,,,,,,,,,,,
EWK-98413483T,2014,2014-09-16,20,POWIAT PŁOŃSKI,PŁOŃSK - OBSZAR WIEJSKI,Droga krajowa,7,Jednojezdniowa dwukierunkowa,Odcinek prosty,Obszar niezabudowany,"20,3988888888889","52,7586111111111",Jezdnia,Dobre warunki atmosferyczne,Noc - droga nieoświetlona,Zderzenie pojazdów tylne,1,0,2,Ciężko,N,,,,,,,,,,,,,,,,,,
EWK-98413483T,2014,2014-09-16,20,POWIAT PŁOŃSKI,PŁOŃSK - OBSZAR WIEJSKI,Droga krajowa,7,Jednojezdniowa dwukierunkowa,Odcinek prosty,Obszar niezabudowany,"20,3988888888889","52,7586111111111",Jezdnia,Dobre warunki atmosferyczne,Noc - droga nieoświetlona,Zderzenie pojazdów tylne,1,0,0,Nieokreślone (puste pole),N,,,,,,,,,,,,,,,,,,
EWK-98410816L,2014,2014-09-16,9,POWIAT PŁOCK,PŁOCK - OBSZAR MIEJSKI,Droga powiatowa,P,Jednokierunkowa,,Obszar zabudowany,"19,8211111111111","52,6183333333333",Jezdnia,Dobre warunki atmosferyczne,Światło dzienne,Zderzenie pojazdów tylne,1,0,1,Lekko,N,,,,,,,,,,,,,,,,,,
EWK-98410816L,2014,2014-09-16,9,POWIAT PŁOCK,PŁOCK - OBSZAR MIEJSKI,Droga powiatowa,P,Jednokierunkowa,,Obszar zabudowany,"19,8211111111111","52,6183333333333",Jezdnia,Dobre warunki atmosferyczne,Światło dzienne,Zderzenie pojazdów tylne,1,0,0,Nieokreślone (puste pole),N,,,,,,,,,,,,,,,,,,
EWK-98410832E,2014,2014-09-16,15,POWIAT PŁOCK,PŁOCK - OBSZAR MIEJSKI,Droga krajowa,62,Jednojezdniowa dwukierunkowa,Odcinek prosty,Obszar zabudowany,"19,8163888888889","52,6411111111111",Jezdnia,Dobre warunki atmosferyczne,Światło dzienne,Zderzenie pojazdów tylne,1,0,1,Lekko,N,,,,,,,,,,,,,,,,,,
EWK-98410832E,2014,2014-09-16,15,POWIAT PŁOCK,PŁOCK - OBSZAR MIEJSKI,Droga krajowa,62,Jednojezdniowa dwukierunkowa,Odcinek prosty,Obszar zabudowany,"19,8163888888889","52,6411111111111",Jezdnia,Dobre warunki atmosferyczne,Światło dzienne,Zderzenie pojazdów tylne,1,0,0,Nieokreślone (puste pole),N,,,,,,,,,,,,,,,,,,
EWK-98411062G,2014,2014-09-16,8,POWIAT RADOMSKI,KOWALA - OBSZAR WIEJSKI,Droga powiatowa,34446W,Jednojezdniowa dwukierunkowa,Odcinek prosty,Obszar zabudowany,"21,3080555555556","51,3136111111111",Jezdnia,Dobre warunki atmosferyczne,Światło dzienne,Zderzenie pojazdów tylne,1,0,1,Lekko,N,,,,,,,,,,,,,,,,,,
EWK-98411062G,2014,2014-09-16,8,POWIAT RADOMSKI,KOWALA - OBSZAR WIEJSKI,Droga powiatowa,34446W,Jednojezdniowa dwukierunkowa,Odcinek prosty,Obszar zabudowany,"21,3080555555556","51,3136111111111",Jezdnia,Dobre warunki atmosferyczne,Światło dzienne,Zderzenie pojazdów tylne,1,0,0,Nieokreślone (puste pole),N,,,,,,,,,,,,,,,,,,
EWK-98410206M,2014,2014-09-16,16,POWIAT SIERPECKI,SIERPC - OBSZAR WIEJSKI,Droga wojewódzka,560,Jednojezdniowa dwukierunkowa,"Zakręt, łuk",Obszar niezabudowany,"19,8677777777778","52,8861111111111",Jezdnia,Oślepiające słońce,Światło dzienne,Zderzenie pojazdów boczne,1,0,1,Lekko,N,,,,,,,,,,,,,,,,,,
EWK-98410206M,2014,2014-09-16,16,POWIAT SIERPECKI,SIERPC - OBSZAR WIEJSKI,Droga wojewódzka,560,Jednojezdniowa dwukierunkowa,"Zakręt, łuk",Obszar niezabudowany,"19,8677777777778","52,8861111111111",Jezdnia,Oślepiające słońce,Światło dzienne,Zderzenie pojazdów boczne,1,0,0,Nieokreślone (puste pole),N,,,,,,,,,,,,,,,,,,
EWK-98416086X,2014,2014-09-17,7,POWIAT PŁOCKI,BULKOWO - OBSZAR WIEJSKI,Droga powiatowa,P3059W,Jednojezdniowa dwukierunkowa,Odcinek prosty,Obszar niezabudowany,"20,2036111111111","52,6525","Skarpa, rów",Dobre warunki atmosferyczne,Światło dzienne,Inne,1,0,1,Lekko,T,,,,,,,,,,,,,,,,,,
EWK-98411221K,2014,2014-09-17,20,POWIAT LIPSKI,CIEPIELÓW - OBSZAR WIEJSKI,Droga krajowa,79,Jednojezdniowa dwukierunkowa,Odcinek prosty,Obszar niezabudowany,"21,7097222222222","51,2941666666667",Jezdnia,Dobre warunki atmosferyczne,Noc - droga nieoświetlona,Najechanie na pieszego,1,0,1,Lekko,T,,,,,,,,,,,,,,,,,,
EWK-98411221K,2014,2014-09-17,20,POWIAT LIPSKI,CIEPIELÓW - OBSZAR WIEJSKI,Droga krajowa,79,Jednojezdniowa dwukierunkowa,Odcinek prosty,Obszar niezabudowany,"21,7097222222222","51,2941666666667",Jezdnia,Dobre warunki atmosferyczne,Noc - droga nieoświetlona,Najechanie na pieszego,1,0,0,Nieokreślone (puste pole),T,,,,,,,,,,,,,,,,,,
EWK-98413350F,2014,2014-09-17,20,POWIAT GARWOLIŃSKI,BOROWIE - OBSZAR WIEJSKI,Droga krajowa,76,Jednojezdniowa dwukierunkowa,Odcinek prosty,Obszar zabudowany,"21,8605555555556","52,0641666666667",Jezdnia,Dobre warunki atmosferyczne,Noc - droga oświetlona,Najechanie na pieszego,1,1,0,Nieokreślone (puste pole),N,,,,,,,,,,,,,,,,,,
EWK-98409216K,2014,2014-09-17,16,POWIAT GOSTYNIŃSKI,GOSTYNIN - OBSZAR MIEJSKI,Droga gminna,G140157W,Jednojezdniowa dwukierunkowa,,Obszar zabudowany,"19,5338888888889","52,4936111111111",Jezdnia,Dobre warunki atmosferyczne,Światło dzienne,Najechanie na pieszego,1,0,1,Ciężko,N,,,,,,,,,,,,,,,,,,
EWK-98409216K,2014,2014-09-17,16,POWIAT GOSTYNIŃSKI,GOSTYNIN - OBSZAR MIEJSKI,Droga gminna,G140157W,Jednojezdniowa dwukierunkowa,,Obszar zabudowany,"19,5338888888889","52,4936111111111",Jezdnia,Dobre warunki atmosferyczne,Światło dzienne,Najechanie na pieszego,1,0,0,Nieokreślone (puste pole),N,,,,,,,,,,,,,,,,,,
EWK-98413338A,2014,2014-09-17,20,POWIAT PRZYSUSKI,KLWÓW - OBSZAR WIEJSKI,Droga powiatowa,34196W,Jednojezdniowa dwukierunkowa,Odcinek prosty,Obszar zabudowany,"20,7658333333333","51,6905555555556",Jezdnia,Dobre warunki atmosferyczne,Noc - droga oświetlona,Najechanie na pojazd unieruchomiony,1,2,0,Nieokreślone (puste pole),N,,,,,,,,,,,,,,,,,,
EWK-98412248R,2014,2014-09-17,15,POWIAT PRZASNYSKI,CZERNICE BOROWE - OBSZAR WIEJSKI,Droga powiatowa,P2361W,Jednojezdniowa dwukierunkowa,Odcinek prosty,Obszar niezabudowany,"20,8469444444444","53,0736111111111",Jezdnia,Dobre warunki atmosferyczne,Światło dzienne,Wywrócenie się pojazdu,1,0,1,Lekko,N,,,,,,,,,,,,,,,,,,
EWK-98412005T,2014,2014-09-17,10,POWIAT MAKOWSKI,KRASNOSIELC - OBSZAR WIEJSKI,Droga powiatowa,P2111W,Jednojezdniowa dwukierunkowa,,Obszar zabudowany,"21,1791666666667","53,0361111111111",Jezdnia,Dobre warunki atmosferyczne,Światło dzienne,Zderzenie pojazdów boczne,1,0,1,Ciężko,N,,,,,,,,,,,,,,,,,,