IDKSIP,year,date,hour,district,district_commune,road_category,road_number,type_of_road,road_geometry,area,Longitude,Latitude,char_place_of_the_event,weather_conditions,lighting,type_of_accident,num_of_accidents,num_of_fatalities,num_of_injured,type_of_injury,is_offender_intoxicated,,,,,,,,,,,,,,,,,,
EWK-98412005T,2014,2014-09-17,10,POWIAT MAKOWSKI,KRASNOSIELC - OBSZAR WIEJSKI,Droga powiatowa,P2111W,Jednojezdniowa dwukierunkowa,,Obszar zabudowany,"21,1791666666667","53,0361111111111",Jezdnia,Dobre warunki atmosferyczne,Światło dzienne,Zderzenie pojazdów boczne,1,0,0,Nieokreślone (puste pole),N,,,,,,,,,,,,,,,,,,
EWK-98412235U,2014,2014-09-17,10,POWIAT PŁOŃSKI,PŁOŃSK - OBSZAR MIEJSKI,Droga gminna,GMINNA,Jednojezdniowa dwukierunkowa,,Obszar zabudowany,"20,5216666666667","52,6947222222222",Jezdnia,Dobre warunki atmosferyczne,Światło dzienne,Zderzenie pojazdów boczne,1,0,1,Ciężko,N,,,,,,,,,,,,,,,,,,
EWK-98412235U,2014,2014-09-17,10,POWIAT PŁOŃSKI,PŁOŃSK - OBSZAR MIEJSKI,Droga gminna,GMINNA,Jednojezdniowa dwukierunkowa,,Obszar zabudowany,"20,5216666666667","52,6947222222222",Jezdnia,Dobre warunki atmosferyczne,Światło dzienne,Zderzenie pojazdów boczne,1,0,1,Lekko,N,,,,,,,,,,,,,,,,,,
EWK-98412235U,2014,2014-09-17,10,POWIAT PŁOŃSKI,PŁOŃSK - OBSZAR MIEJSKI,Droga gminna,GMINNA,Jednojezdniowa dwukierunkowa,,Obszar zabudowany,"20,5216666666667","52,6947222222222",Jezdnia,Dobre warunki atmosferyczne,Światło dzienne,Zderzenie pojazdów boczne,1,0,0,Nieokreślone (puste pole),N,,,,,,,,,,,,,,,,,,
EWK-98411304Y,2014,2014-09-17,14,POWIAT GRÓJECKI,GRÓJEC - OBSZAR WIEJSKI,Droga gminna,GMINNA,Jednojezdniowa dwukierunkowa,Odcinek prosty,Obszar niezabudowany,"20,8847222222222","51,9425",Jezdnia,Dobre warunki atmosferyczne,Światło dzienne,Zderzenie pojazdów czołowe,1,0,2,Ciężko,N,,,,,,,,,,,,,,,,,,
EWK-98411304Y,2014,2014-09-17,14,POWIAT GRÓJECKI,GRÓJEC - OBSZAR WIEJSKI,Droga gminna,GMINNA,Jednojezdniowa dwukierunkowa,Odcinek prosty,Obszar niezabudowany,"20,8847222222222","51,9425",Jezdnia,Dobre warunki atmosferyczne,Światło dzienne,Zderzenie pojazdów czołowe,1,0,1,Lekko,N,,,,,,,,,,,,,,,,,,
EWK-98413277F,2014,2014-09-17,19,POWIAT MAKOWSKI,RÓŻAN - OBSZAR WIEJSKI,Droga krajowa,60,Jednojezdniowa dwukierunkowa,Odcinek prosty,Obszar niezabudowany,"21,4461111111111","52,8955555555556",Jezdnia,Dobre warunki atmosferyczne,Noc - droga nieoświetlona,Zderzenie pojazdów tylne,1,0,4,Lekko,N,,,,,,,,,,,,,,,,,,
EWK-98413277F,2014,2014-09-17,19,POWIAT MAKOWSKI,RÓŻAN - OBSZAR WIEJSKI,Droga krajowa,60,Jednojezdniowa dwukierunkowa,Odcinek prosty,Obszar niezabudowany,"21,4461111111111","52,8955555555556",Jezdnia,Dobre warunki atmosferyczne,Noc - droga nieoświetlona,Zderzenie pojazdów tylne,1,0,0,Nieokreślone (puste pole),N,,,,,,,,,,,,,,,,,,
EWK-98412320Q,2014,2014-09-17,14,POWIAT SOKOŁOWSKI,SOKOŁÓW PODLASKI - OBSZAR MIEJSKI,Droga gminna,G390842W,Jednojezdniowa dwukierunkowa,,Obszar niezabudowany,"22,2861111111111","52,5469444444444",Jezdnia,Dobre warunki atmosferyczne,Światło dzienne,Zderzenie pojazdów tylne,1,1,0,Nieokreślone (puste pole),N,,,,,,,,,,,,,,,,,,
EWK-98411232D,2014,2014-09-17,13,POWIAT PRZASNYSKI,PRZASNYSZ - OBSZAR MIEJSKI,Droga gminna,GMINNA,Jednojezdniowa dwukierunkowa,,Obszar zabudowany,"20,8980555555556","53,1272222222222",Jezdnia,Oślepiające słońce,Światło dzienne,Zderzenie pojazdów boczne,1,0,1,Ciężko,N,,,,,,,,,,,,,,,,,,
EWK-98411232D,2014,2014-09-17,13,POWIAT PRZASNYSKI,PRZASNYSZ - OBSZAR MIEJSKI,Droga gminna,GMINNA,Jednojezdniowa dwukierunkowa,,Obszar zabudowany,"20,8980555555556","53,1272222222222",Jezdnia,Oślepiające słońce,Światło dzienne,Zderzenie pojazdów boczne,1,0,0,Nieokreślone (puste pole),N,,,,,,,,,,,,,,,,,,
EWK-98412256G,2014,2014-09-17,18,POWIAT PRZASNYSKI,PRZASNYSZ - OBSZAR MIEJSKI,Droga gminna,GMINNA,Jednojezdniowa dwukierunkowa,,Obszar zabudowany,"20,9241666666667","53,0561111111111",Jezdnia,Oślepiające słońce,Światło dzienne,Zderzenie pojazdów boczne,1,0,1,Lekko,N,,,,,,,,,,,,,,,,,,
EWK-98412256G,2014,2014-09-17,18,POWIAT PRZASNYSKI,PRZASNYSZ - OBSZAR MIEJSKI,Droga gminna,GMINNA,Jednojezdniowa dwukierunkowa,,Obszar zabudowany,"20,9241666666667","53,0561111111111",Jezdnia,Oślepiające słońce,Światło dzienne,Zderzenie pojazdów boczne,1,0,0,Nieokreślone (puste pole),N,,,,,,,,,,,,,,,,,,
EWK-98411956J,2014,2014-09-18,19,POWIAT RADOM,RADOM - OBSZAR MIEJSKI,Droga powiatowa,P5301W,Dwie jezdnie jednokierunkowe,Odcinek prosty,Obszar zabudowany,"21,2494444444444","51,5188888888889",Przejście dla pieszych,Dobre warunki atmosferyczne,Noc - droga oświetlona,Najechanie na pieszego,1,0,1,Lekko,N,,,,,,,,,,,,,,,,,,
EWK-98411956J,2014,2014-09-18,19,POWIAT RADOM,RADOM - OBSZAR MIEJSKI,Droga powiatowa,P5301W,Dwie jezdnie jednokierunkowe,Odcinek prosty,Obszar zabudowany,"21,2494444444444","51,5188888888889",Przejście dla pieszych,Dobre warunki atmosferyczne,Noc - droga oświetlona,Najechanie na pieszego,1,0,0,Nieokreślone (puste pole),N,,,,,,,,,,,,,,,,,,
EWK-98413819Q,2014,2014-09-18,7,POWIAT PŁOCK,PŁOCK - OBSZAR MIEJSKI,Droga powiatowa,P,Jednojezdniowa dwukierunkowa,Odcinek prosty,Obszar zabudowany,"19,8744444444444","52,6536111111111","Chodnik, droga dla pieszych",Dobre warunki atmosferyczne,Światło dzienne,Najechanie na pieszego,1,0,1,Lekko,N,,,,,,,,,,,,,,,,,,
EWK-98413819Q,2014,2014-09-18,7,POWIAT PŁOCK,PŁOCK - OBSZAR MIEJSKI,Droga powiatowa,P,Jednojezdniowa dwukierunkowa,Odcinek prosty,Obszar zabudowany,"19,8744444444444","52,6536111111111","Chodnik, droga dla pieszych",Dobre warunki atmosferyczne,Światło dzienne,Najechanie na pieszego,1,0,0,Nieokreślone (puste pole),N,,,,,,,,,,,,,,,,,,
EWK-98412483W,2014,2014-09-18,10,POWIAT PRZASNYSKI,CHORZELE - OBSZAR WIEJSKI,Droga powiatowa,3211P,Jednojezdniowa dwukierunkowa,Odcinek prosty,Obszar niezabudowany,"20,9386111111111","53,2541666666667",Pobocze,Dobre warunki atmosferyczne,Światło dzienne,Wywrócenie się pojazdu,1,0,1,Ciężko,N,,,,,,,,,,,,,,,,,,
EWK-98413828T,2014,2014-09-18,12,POWIAT PŁOCKI,STARA BIAŁA - OBSZAR WIEJSKI,Droga powiatowa,P2909W,Jednojezdniowa dwukierunkowa,,Obszar niezabudowany,"19,7186111111111","52,7013888888889",Jezdnia,Dobre warunki atmosferyczne,Światło dzienne,Zderzenie pojazdów boczne,1,0,2,Lekko,N,,,,,,,,,,,,,,,,,,
EWK-98413828T,2014,2014-09-18,12,POWIAT PŁOCKI,STARA BIAŁA - OBSZAR WIEJSKI,Droga powiatowa,P2909W,Jednojezdniowa dwukierunkowa,,Obszar niezabudowany,"19,7186111111111","52,7013888888889",Jezdnia,Dobre warunki atmosferyczne,Światło dzienne,Zderzenie pojazdów boczne,1,0,0,Nieokreślone (puste pole),N,,,,,,,,,,,,,,,,,,
EWK-98411942P,2014,2014-09-18,13,POWIAT RADOM,RADOM - OBSZAR MIEJSKI,Droga powiatowa,P5306W,Jednojezdniowa dwukierunkowa,,Obszar zabudowany,"21,1619444444444","51,5169444444444",Jezdnia,Dobre warunki atmosferyczne,Światło dzienne,Zderzenie pojazdów tylne,1,0,1,Ciężko,N,,,,,,,,,,,,,,,,,,
EWK-98411942P,2014,2014-09-18,13,POWIAT RADOM,RADOM - OBSZAR MIEJSKI,Droga powiatowa,P5306W,Jednojezdniowa dwukierunkowa,,Obszar zabudowany,"21,1619444444444","51,5169444444444",Jezdnia,Dobre warunki atmosferyczne,Światło dzienne,Zderzenie pojazdów tylne,1,0,0,Nieokreślone (puste pole),N,,,,,,,,,,,,,,,,,,
EWK-98414405K,2014,2014-09-18,15,POWIAT SIERPECKI,SIERPC - OBSZAR WIEJSKI,Droga krajowa,10,Jednojezdniowa dwukierunkowa,Odcinek prosty,Obszar niezabudowany,"19,8166666666667","52,8677777777778",Jezdnia,Dobre warunki atmosferyczne,Światło dzienne,Zderzenie pojazdów tylne,1,0,1,Lekko,N,,,,,,,,,,,,,,,,,,
EWK-98414405K,2014,2014-09-18,15,POWIAT SIERPECKI,SIERPC - OBSZAR WIEJSKI,Droga krajowa,10,Jednojezdniowa dwukierunkowa,Odcinek prosty,Obszar niezabudowany,"19,8166666666667","52,8677777777778",Jezdnia,Dobre warunki atmosferyczne,Światło dzienne,Zderzenie pojazdów tylne,1,0,0,Nieokreślone (puste pole),N,,,,,,,,,,,,,,,,,,
EWK-98418691D,2014,2014-09-18,10,POWIAT RADOM,RADOM - OBSZAR MIEJSKI,Droga powiatowa,P3564W,Jednojezdniowa dwukierunkowa,Odcinek prosty,Obszar zabudowany,"21,1972222222222","51,4119444444444",Jezdnia,Dobre warunki atmosferyczne,Światło dzienne,Zderzenie pojazdów tylne,1,0,1,Ciężko,N,,,,,,,,,,,,,,,,,,
EWK-98418691D,2014,2014-09-18,10,POWIAT RADOM,RADOM - OBSZAR MIEJSKI,Droga powiatowa,P3564W,Jednojezdniowa dwukierunkowa,Odcinek prosty,Obszar zabudowany,"21,1972222222222","51,4119444444444",Jezdnia,Dobre warunki atmosferyczne,Światło dzienne,Zderzenie pojazdów tylne,1,0,0,Nieokreślone (puste pole),N,,,,,,,,,,,,,,,,,,
EWK-98415649D,2014,2014-09-19,7,POWIAT ZWOLEŃSKI,ZWOLEŃ - OBSZAR WIEJSKI,Nieokreślone (puste pole),,Jednojezdniowa dwukierunkowa,Odcinek prosty,Obszar zabudowany,"21,6308333333333","51,3675",Jezdnia,Dobre warunki atmosferyczne,Światło dzienne,Najechanie na drzewo,1,0,1,Ciężko,N,,,,,,,,,,,,,,,,,,
EWK-98415035U,2014,2014-09-19,6,POWIAT RADOMSKI,GÓZD - OBSZAR WIEJSKI,Droga krajowa,12,Jednojezdniowa dwukierunkowa,Odcinek prosty,Obszar zabudowany,"21,475","51,4883333333333","Chodnik, droga dla pieszych",Dobre warunki atmosferyczne,Światło dzienne,Zderzenie pojazdów boczne,1,0,1,Lekko,N,,,,,,,,,,,,,,,,,,
EWK-98415035U,2014,2014-09-19,6,POWIAT RADOMSKI,GÓZD - OBSZAR WIEJSKI,Droga krajowa,12,Jednojezdniowa dwukierunkowa,Odcinek prosty,Obszar zabudowany,"21,475","51,4883333333333","Chodnik, droga dla pieszych",Dobre warunki atmosferyczne,Światło dzienne,Zderzenie pojazdów boczne,1,0,0,Nieokreślone (puste pole),N,,,,,,,,,,,,,,,,,,
EWK-98415845M,2014,2014-09-19,6,POWIAT SIERPECKI,SZCZUTOWO - OBSZAR WIEJSKI,Droga krajowa,10,Jednojezdniowa dwukierunkowa,Odcinek prosty,Obszar zabudowany,"19,5483333333333","53,0408333333333",Jezdnia,Dobre warunki atmosferyczne,Światło dzienne,Zderzenie pojazdów boczne,1,0,1,Lekko,N,,,,,,,,,,,,,,,,,,
EWK-98415845M,2014,2014-09-19,6,POWIAT SIERPECKI,SZCZUTOWO - OBSZAR WIEJSKI,Droga krajowa,10,Jednojezdniowa dwukierunkowa,Odcinek prosty,Obszar zabudowany,"19,5483333333333","53,0408333333333",Jezdnia,Dobre warunki atmosferyczne,Światło dzienne,Zderzenie pojazdów boczne,1,0,0,Nieokreślone (puste pole),N,,,,,,,,,,,,,,,,,,
EWK-98423450G,2014,2014-09-19,16,POWIAT ŻYRARDOWSKI,WISKITKI - OBSZAR WIEJSKI,Droga wojewódzka,719,Jednojezdniowa dwukierunkowa,Odcinek prosty,Obszar niezabudowany,"20,4036111111111","52,1219444444444",Jezdnia,Dobre warunki atmosferyczne,Światło dzienne,Zderzenie pojazdów boczne,1,0,1,Ciężko,N,,,,,,,,,,,,,,,,,,
EWK-98423450G,2014,2014-09-19,16,POWIAT ŻYRARDOWSKI,WISKITKI - OBSZAR WIEJSKI,Droga wojewódzka,719,Jednojezdniowa dwukierunkowa,Odcinek prosty,Obszar niezabudowany,"20,4036111111111","52,1219444444444",Jezdnia,Dobre warunki atmosferyczne,Światło dzienne,Zderzenie pojazdów boczne,1,0,0,Nieokreślone (puste pole),N,,,,,,,,,,,,,,,,,,
EWK-98415017Y,2014,2014-09-19,15,POWIAT RADOM,RADOM - OBSZAR MIEJSKI,Droga powiatowa,P5329W,Jednojezdniowa dwukierunkowa,Odcinek prosty,Obszar zabudowany,"21,2486111111111","51,51",Jezdnia,Dobre warunki atmosferyczne,Światło dzienne,Zderzenie pojazdów tylne,1,0,1,Lekko,N,,,,,,,,,,,,,,,,,,
EWK-98415017Y,2014,2014-09-19,15,POWIAT RADOM,RADOM - OBSZAR MIEJSKI,Droga powiatowa,P5329W,Jednojezdniowa dwukierunkowa,Odcinek prosty,Obszar zabudowany,"21,2486111111111","51,51",Jezdnia,Dobre warunki atmosferyczne,Światło dzienne,Zderzenie pojazdów tylne,1,0,0,Nieokreślone (puste pole),N,,,,,,,,,,,,,,,,,,
EWK-98416359E,2014,2014-09-19,21,POWIAT PŁOCK,PŁOCK - OBSZAR MIEJSKI,Droga krajowa,62,Jednojezdniowa dwukierunkowa,,Obszar zabudowany,"19,8422222222222","52,6355555555556",Jezdnia,Opady deszczu,Noc - droga nieoświetlona,Zderzenie pojazdów tylne,1,0,1,Ciężko,N,,,,,,,,,,,,,,,,,,
EWK-98416359E,2014,2014-09-19,21,POWIAT PŁOCK,PŁOCK - OBSZAR MIEJSKI,Droga krajowa,62,Jednojezdniowa dwukierunkowa,,Obszar zabudowany,"19,8422222222222","52,6355555555556",Jezdnia,Opady deszczu,Noc - droga nieoświetlona,Zderzenie pojazdów tylne,1,0,0,Nieokreślone (puste pole),N,,,,,,,,,,,,,,,,,,
EWK-98417063U,2014,2014-09-20,18,POWIAT PŁOŃSKI,PŁOŃSK - OBSZAR WIEJSKI,Droga gminna,GMINNA,Jednojezdniowa dwukierunkowa,Odcinek prosty,Obszar zabudowany,"20,3875","52,6913888888889","Skarpa, rów",Dobre warunki atmosferyczne,Światło dzienne,Najechanie na drzewo,1,0,1,Lekko,N,,,,,,,,,,,,,,,,,,
EWK-98417063U,2014,2014-09-20,18,POWIAT PŁOŃSKI,PŁOŃSK - OBSZAR WIEJSKI,Droga gminna,GMINNA,Jednojezdniowa dwukierunkowa,Odcinek prosty,Obszar zabudowany,"20,3875","52,6913888888889","Skarpa, rów",Dobre warunki atmosferyczne,Światło dzienne,Najechanie na drzewo,1,0,0,Nieokreślone (puste pole),N,,,,,,,,,,,,,,,,,,
EWK-98415844U,2014,2014-09-20,2,POWIAT SIERPECKI,SIERPC - OBSZAR MIEJSKI,Droga wojewódzka,560,Jednojezdniowa dwukierunkowa,Odcinek prosty,Obszar niezabudowany,"19,7105555555556","53,0175",Jezdnia,Dobre warunki atmosferyczne,Noc - droga nieoświetlona,Najechanie na pieszego,1,0,1,Lekko,T,,,,,,,,,,,,,,,,,,
EWK-98415844U,2014,2014-09-20,2,POWIAT SIERPECKI,SIERPC - OBSZAR MIEJSKI,Droga wojewódzka,560,Jednojezdniowa dwukierunkowa,Odcinek prosty,Obszar niezabudowany,"19,7105555555556","53,0175",Jezdnia,Dobre warunki atmosferyczne,Noc - droga nieoświetlona,Najechanie na pieszego,1,0,0,Nieokreślone (puste pole),T,,,,,,,,,,,,,,,,,,
EWK-98415128U,2014,2014-09-20,23,POWIAT RADOM,RADOM - OBSZAR MIEJSKI,Droga gminna,G530103W,Jednojezdniowa dwukierunkowa,,Obszar zabudowany,"21,2019444444444","51,5161111111111",Jezdnia,Dobre warunki atmosferyczne,Noc - droga oświetlona,Najechanie na pieszego,1,0,1,Ciężko,N,,,,,,,,,,,,,,,,,,
EWK-98415128U,2014,2014-09-20,23,POWIAT RADOM,RADOM - OBSZAR MIEJSKI,Droga gminna,G530103W,Jednojezdniowa dwukierunkowa,,Obszar zabudowany,"21,2019444444444","51,5161111111111",Jezdnia,Dobre warunki atmosferyczne,Noc - droga oświetlona,Najechanie na pieszego,1,0,0,Nieokreślone (puste pole),N,,,,,,,,,,,,,,,,,,
EWK-98418114A,2014,2014-09-20,15,POWIAT PŁOCKI,BIELSK - OBSZAR WIEJSKI,Droga powiatowa,P2910W,Jednojezdniowa dwukierunkowa,Odcinek prosty,Obszar niezabudowany,"19,8983333333333","52,6536111111111",Pobocze,Dobre warunki atmosferyczne,Światło dzienne,Najechanie na pieszego,1,0,1,Lekko,N,,,,,,,,,,,,,,,,,,
EWK-98418114A,2014,2014-09-20,15,POWIAT PŁOCKI,BIELSK - OBSZAR WIEJSKI,Droga powiatowa,P2910W,Jednojezdniowa dwukierunkowa,Odcinek prosty,Obszar niezabudowany,"19,8983333333333","52,6536111111111",Pobocze,Dobre warunki atmosferyczne,Światło dzienne,Najechanie na pieszego,1,0,0,Nieokreślone (puste pole),N,,,,,,,,,,,,,,,,,,
EWK-98415048G,2014,2014-09-20,16,POWIAT RADOM,RADOM - OBSZAR MIEJSKI,Droga powiatowa,P5309W,Jednojezdniowa dwukierunkowa,Odcinek prosty,Obszar zabudowany,"21,1794444444444","51,4788888888889",Przejście dla pieszych,Dobre warunki atmosferyczne,Światło dzienne,Najechanie na pieszego,1,0,1,Lekko,N,,,,,,,,,,,,,,,,,,
EWK-98415048G,2014,2014-09-20,16,POWIAT RADOM,RADOM - OBSZAR MIEJSKI,Droga powiatowa,P5309W,Jednojezdniowa dwukierunkowa,Odcinek prosty,Obszar zabudowany,"21,1794444444444","51,4788888888889",Przejście dla pieszych,Dobre warunki atmosferyczne,Światło dzienne,Najechanie na pieszego,1,0,0,Nieokreślone (puste pole),N,,,,,,,,,,,,,,,,,,
EWK-98415062M,2014,2014-09-20,17,POWIAT RADOM,RADOM - OBSZAR MIEJSKI,Droga powiatowa,P5305W,Jednojezdniowa dwukierunkowa,,Obszar zabudowany,"21,3038888888889","51,5302777777778",Jezdnia,Dobre warunki atmosferyczne,Światło dzienne,Zderzenie pojazdów boczne,1,0,1,Lekko,N,,,,,,,,,,,,,,,,,,
EWK-98415062M,2014,2014-09-20,17,POWIAT RADOM,RADOM - OBSZAR MIEJSKI,Droga powiatowa,P5305W,Jednojezdniowa dwukierunkowa,,Obszar zabudowany,"21,3038888888889","51,5302777777778",Jezdnia,Dobre warunki atmosferyczne,Światło dzienne,Zderzenie pojazdów boczne,1,0,0,Nieokreślone (puste pole),N,,,,,,,,,,,,,,,,,,
EWK-98417437W,2014,2014-09-20,14,POWIAT PŁOCK,PŁOCK - OBSZAR MIEJSKI,Droga powiatowa,P,Jednojezdniowa dwukierunkowa,Odcinek prosty,Obszar zabudowany,"19,7333333333333","52,5827777777778",Jezdnia,Dobre warunki atmosferyczne,Światło dzienne,Zderzenie pojazdów tylne,1,0,1,Lekko,N,,,,,,,,,,,,,,,,,,
EWK-98417437W,2014,2014-09-20,14,POWIAT PŁOCK,PŁOCK - OBSZAR MIEJSKI,Droga powiatowa,P,Jednojezdniowa dwukierunkowa,Odcinek prosty,Obszar zabudowany,"19,7333333333333","52,5827777777778",Jezdnia,Dobre warunki atmosferyczne,Światło dzienne,Zderzenie pojazdów tylne,1,0,0,Nieokreślone (puste pole),N,,,,,,,,,,,,,,,,,,
EWK-98415686M,2014,2014-09-20,8,POWIAT PRZYSUSKI,POTWORÓW - OBSZAR WIEJSKI,Droga wojewódzka,740,Jednojezdniowa dwukierunkowa,Odcinek prosty,Obszar zabudowany,"20,7675","51,5538888888889",Jezdnia,Pochmurno,Światło dzienne,Wywrócenie się pojazdu,1,0,2,Lekko,N,,,,,,,,,,,,,,,,,,
EWK-98415648U,2014,2014-09-20,16,POWIAT WYSZKOWSKI,ZABRODZIE - OBSZAR WIEJSKI,Droga gminna,G440607W,Jednojezdniowa dwukierunkowa,,Obszar zabudowany,"21,5591666666667","52,5902777777778",Jezdnia,Pochmurno,Światło dzienne,Zdarzenie z pasażerem,1,0,1,Ciężko,N,,,,,,,,,,,,,,,,,,
EWK-98415648U,2014,2014-09-20,16,POWIAT WYSZKOWSKI,ZABRODZIE - OBSZAR WIEJSKI,Droga gminna,G440607W,Jednojezdniowa dwukierunkowa,,Obszar zabudowany,"21,5591666666667","52,5902777777778",Jezdnia,Pochmurno,Światło dzienne,Zdarzenie z pasażerem,1,0,1,Lekko,N,,,,,,,,,,,,,,,,,,
EWK-98421622Y,2014,2014-09-20,6,POWIAT SIEDLECKI,MORDY - OBSZAR WIEJSKI,Droga wojewódzka,698,Jednojezdniowa dwukierunkowa,Odcinek prosty,Obszar niezabudowany,"22,6533333333333","52,3541666666667",Jezdnia,Pochmurno,"Zmrok, świt",Zderzenie pojazdów tylne,1,0,1,Ciężko,N,,,,,,,,,,,,,,,,,,
EWK-98421622Y,2014,2014-09-20,6,POWIAT SIEDLECKI,MORDY - OBSZAR WIEJSKI,Droga wojewódzka,698,Jednojezdniowa dwukierunkowa,Odcinek prosty,Obszar niezabudowany,"22,6533333333333","52,3541666666667",Jezdnia,Pochmurno,"Zmrok, świt",Zderzenie pojazdów tylne,1,0,0,Nieokreślone (puste pole),N,,,,,,,,,,,,,,,,,,
EWK-98415337T,2014,2014-09-21,14,POWIAT PRZASNYSKI,CHORZELE - OBSZAR WIEJSKI,Droga powiatowa,3234W,Jednojezdniowa dwukierunkowa,Odcinek prosty,Obszar niezabudowany,"20,8925","53,3425",Jezdnia,Dobre warunki atmosferyczne,Światło dzienne,"Najechanie na dziurę, wybój, garb",1,0,1,Ciężko,N,,,,,,,,,,,,,,,,,,
EWK-98415746P,2014,2014-09-21,18,POWIAT OSTROWSKI,ZARĘBY KOŚCIELNE - OBSZAR WIEJSKI,Droga wojewódzka,694,Jednojezdniowa dwukierunkowa,Odcinek prosty,Obszar niezabudowany,"22,3113888888889","52,7388888888889",Jezdnia,Dobre warunki atmosferyczne,"Zmrok, świt",Zderzenie pojazdów czołowe,1,0,1,Lekko,N,,,,,,,,,,,,,,,,,,
EWK-98415746P,2014,2014-09-21,18,POWIAT OSTROWSKI,ZARĘBY KOŚCIELNE - OBSZAR WIEJSKI,Droga wojewódzka,694,Jednojezdniowa dwukierunkowa,Odcinek prosty,Obszar niezabudowany,"22,3113888888889","52,7388888888889",Jezdnia,Dobre warunki atmosferyczne,"Zmrok, świt",Zderzenie pojazdów czołowe,1,0,0,Nieokreślone (puste pole),N,,,,,,,,,,,,,,,,,,
EWK-98415895W,2014,2014-09-21,2,POWIAT OSTROŁĘKA,OSTROŁĘKA - OBSZAR MIEJSKI,Droga krajowa,53,Jednojezdniowa dwukierunkowa,Odcinek prosty,Obszar zabudowany,"21,5833333333333","53,155",Jezdnia,"Mgła, dym",Noc - droga oświetlona,Zderzenie pojazdów boczne,1,0,1,Lekko,N,,,,,,,,,,,,,,,,,,
EWK-98415895W,2014,2014-09-21,2,POWIAT OSTROŁĘKA,OSTROŁĘKA - OBSZAR MIEJSKI,Droga krajowa,53,Jednojezdniowa dwukierunkowa,Odcinek prosty,Obszar zabudowany,"21,5833333333333","53,155",Jezdnia,"Mgła, dym",Noc - droga oświetlona,Zderzenie pojazdów boczne,1,0,0,Nieokreślone (puste pole),N,,,,,,,,,,,,,,,,,,
EWK-98416374X,2014,2014-09-21,22,POWIAT PŁOCKI,ŁĄCK - OBSZAR WIEJSKI,Droga krajowa,60,Jednojezdniowa dwukierunkowa,Odcinek prosty,Obszar niezabudowany,"19,7661111111111","52,5155555555556",Jezdnia,Opady deszczu,Noc - droga nieoświetlona,Wywrócenie się pojazdu,1,0,1,Lekko,N,,,,,,,,,,,,,,,,,,
EWK-98416374X,2014,2014-09-21,22,POWIAT PŁOCKI,ŁĄCK - OBSZAR WIEJSKI,Droga krajowa,60,Jednojezdniowa dwukierunkowa,Odcinek prosty,Obszar niezabudowany,"19,7661111111111","52,5155555555556",Jezdnia,Opady deszczu,Noc - droga nieoświetlona,Wywrócenie się pojazdu,1,0,0,Nieokreślone (puste pole),N,,,,,,,,,,,,,,,,,,
EWK-98420515X,2014,2014-09-21,17,POWIAT RADOMSKI,IŁŻA - OBSZAR WIEJSKI,Droga powiatowa,P3544W,Jednojezdniowa dwukierunkowa,"Zakręt, łuk",Obszar zabudowany,"21,3972222222222","51,2997222222222",Jezdnia,Pochmurno,Światło dzienne,Zderzenie pojazdów boczne,1,0,1,Lekko,N,,,,,,,,,,,,,,,,,,
EWK-98420515X,2014,2014-09-21,17,POWIAT RADOMSKI,IŁŻA - OBSZAR WIEJSKI,Droga powiatowa,P3544W,Jednojezdniowa dwukierunkowa,"Zakręt, łuk",Obszar zabudowany,"21,3972222222222","51,2997222222222",Jezdnia,Pochmurno,Światło dzienne,Zderzenie pojazdów boczne,1,0,0,Nieokreślone (puste pole),N,,,,,,,,,,,,,,,,,,
EWK-98415143N,2014,2014-09-21,16,POWIAT RADOMSKI,SKARYSZEW - OBSZAR MIEJSKI,Droga krajowa,9,Jednojezdniowa dwukierunkowa,Odcinek prosty,Obszar zabudowany,"21,3916666666667","51,4477777777778",Jezdnia,Pochmurno,Światło dzienne,Zderzenie pojazdów czołowe,1,0,2,Lekko,N,,,,,,,,,,,,,,,,,,
EWK-98415143N,2014,2014-09-21,16,POWIAT RADOMSKI,SKARYSZEW - OBSZAR MIEJSKI,Droga krajowa,9,Jednojezdniowa dwukierunkowa,Odcinek prosty,Obszar zabudowany,"21,3916666666667","51,4477777777778",Jezdnia,Pochmurno,Światło dzienne,Zderzenie pojazdów czołowe,1,0,0,Nieokreślone (puste pole),N,,,,,,,,,,,,,,,,,,
EWK-98423372K,2014,2014-09-22,18,POWIAT PUŁTUSKI,OBRYTE - OBSZAR WIEJSKI,Droga powiatowa,P3434W,Jednojezdniowa dwukierunkowa,Odcinek prosty,Obszar niezabudowany,"21,3222222222222","52,8677777777778",Jezdnia,Dobre warunki atmosferyczne,"Zmrok, świt",Wywrócenie się pojazdu,1,1,0,Nieokreślone (puste pole),N,,,,,,,,,,,,,,,,,,