IDKSIP,year,date,hour,district,district_commune,road_category,road_number,type_of_road,road_geometry,area,Longitude,Latitude,char_place_of_the_event,weather_conditions,lighting,type_of_accident,num_of_accidents,num_of_fatalities,num_of_injured,type_of_injury,is_offender_intoxicated,,,,,,,,,,,,,,,,,,
EWK-98416125X,2014,2014-09-22,9,POWIAT PŁOCKI,BRUDZEŃ DUŻY - OBSZAR WIEJSKI,Droga wojewódzka,559,Jednojezdniowa dwukierunkowa,,Obszar zabudowany,"19,5675","52,6683333333333",Jezdnia,Dobre warunki atmosferyczne,Światło dzienne,Zderzenie pojazdów boczne,1,0,1,Ciężko,N,,,,,,,,,,,,,,,,,,
EWK-98416125X,2014,2014-09-22,9,POWIAT PŁOCKI,BRUDZEŃ DUŻY - OBSZAR WIEJSKI,Droga wojewódzka,559,Jednojezdniowa dwukierunkowa,,Obszar zabudowany,"19,5675","52,6683333333333",Jezdnia,Dobre warunki atmosferyczne,Światło dzienne,Zderzenie pojazdów boczne,1,0,0,Nieokreślone (puste pole),N,,,,,,,,,,,,,,,,,,
EWK-98416140L,2014,2014-09-22,16,POWIAT PŁOCK,PŁOCK - OBSZAR MIEJSKI,Droga powiatowa,P,Dwie jezdnie jednokierunkowe,,Obszar zabudowany,"19,8130555555556","52,5641666666667",Jezdnia,Dobre warunki atmosferyczne,Światło dzienne,Zderzenie pojazdów boczne,1,0,1,Lekko,N,,,,,,,,,,,,,,,,,,
EWK-98416140L,2014,2014-09-22,16,POWIAT PŁOCK,PŁOCK - OBSZAR MIEJSKI,Droga powiatowa,P,Dwie jezdnie jednokierunkowe,,Obszar zabudowany,"19,8130555555556","52,5641666666667",Jezdnia,Dobre warunki atmosferyczne,Światło dzienne,Zderzenie pojazdów boczne,1,0,0,Nieokreślone (puste pole),N,,,,,,,,,,,,,,,,,,
EWK-98418999P,2014,2014-09-22,16,POWIAT PŁOŃSKI,RACIĄŻ - OBSZAR MIEJSKI,Droga gminna,GMINNA,Jednojezdniowa dwukierunkowa,,Obszar zabudowany,"20,1597222222222","52,8027777777778",Jezdnia,Dobre warunki atmosferyczne,Światło dzienne,Zderzenie pojazdów czołowe,1,0,1,Ciężko,N,,,,,,,,,,,,,,,,,,
EWK-98418999P,2014,2014-09-22,16,POWIAT PŁOŃSKI,RACIĄŻ - OBSZAR MIEJSKI,Droga gminna,GMINNA,Jednojezdniowa dwukierunkowa,,Obszar zabudowany,"20,1597222222222","52,8027777777778",Jezdnia,Dobre warunki atmosferyczne,Światło dzienne,Zderzenie pojazdów czołowe,1,0,0,Nieokreślone (puste pole),N,,,,,,,,,,,,,,,,,,
EWK-98423457W,2014,2014-09-22,11,POWIAT ŻYRARDOWSKI,MSZCZONÓW - OBSZAR MIEJSKI,Droga gminna,GMINNA,Jednojezdniowa dwukierunkowa,,Obszar zabudowany,"20,5566666666667","52,0219444444444",Jezdnia,Opady deszczu,Światło dzienne,Zderzenie pojazdów boczne,1,0,1,Lekko,N,,,,,,,,,,,,,,,,,,
EWK-98423457W,2014,2014-09-22,11,POWIAT ŻYRARDOWSKI,MSZCZONÓW - OBSZAR MIEJSKI,Droga gminna,GMINNA,Jednojezdniowa dwukierunkowa,,Obszar zabudowany,"20,5566666666667","52,0219444444444",Jezdnia,Opady deszczu,Światło dzienne,Zderzenie pojazdów boczne,1,0,0,Nieokreślone (puste pole),N,,,,,,,,,,,,,,,,,,
EWK-98443639P,2014,2014-09-22,7,POWIAT GARWOLIŃSKI,PARYSÓW - OBSZAR WIEJSKI,Droga powiatowa,P2246W,Jednojezdniowa dwukierunkowa,"Zakręt, łuk",Obszar zabudowany,"21,7377777777778","52,1397222222222",Jezdnia,Opady deszczu,Światło dzienne,Zderzenie pojazdów czołowe,1,0,3,Lekko,N,,,,,,,,,,,,,,,,,,
EWK-98443639P,2014,2014-09-22,7,POWIAT GARWOLIŃSKI,PARYSÓW - OBSZAR WIEJSKI,Droga powiatowa,P2246W,Jednojezdniowa dwukierunkowa,"Zakręt, łuk",Obszar zabudowany,"21,7377777777778","52,1397222222222",Jezdnia,Opady deszczu,Światło dzienne,Zderzenie pojazdów czołowe,1,0,0,Nieokreślone (puste pole),N,,,,,,,,,,,,,,,,,,
EWK-98416107N,2014,2014-09-22,6,POWIAT PŁOCKI,BULKOWO - OBSZAR WIEJSKI,Droga powiatowa,P2934W,Jednojezdniowa dwukierunkowa,,Obszar niezabudowany,"20,2891666666667","52,5844444444445",Pobocze,Pochmurno,Światło dzienne,Wywrócenie się pojazdu,1,0,1,Lekko,N,,,,,,,,,,,,,,,,,,
EWK-98416107N,2014,2014-09-22,6,POWIAT PŁOCKI,BULKOWO - OBSZAR WIEJSKI,Droga powiatowa,P2934W,Jednojezdniowa dwukierunkowa,,Obszar niezabudowany,"20,2891666666667","52,5844444444445",Pobocze,Pochmurno,Światło dzienne,Wywrócenie się pojazdu,1,0,0,Nieokreślone (puste pole),N,,,,,,,,,,,,,,,,,,
EWK-98416218K,2014,2014-09-22,16,POWIAT SOKOŁOWSKI,SOKOŁÓW PODLASKI - OBSZAR WIEJSKI,Droga wojewódzka,627,Jednojezdniowa dwukierunkowa,Odcinek prosty,Obszar zabudowany,"22,2863888888889","52,5144444444444",Jezdnia,Pochmurno,Światło dzienne,Zderzenie pojazdów czołowe,1,0,1,Lekko,N,,,,,,,,,,,,,,,,,,
EWK-98416218K,2014,2014-09-22,16,POWIAT SOKOŁOWSKI,SOKOŁÓW PODLASKI - OBSZAR WIEJSKI,Droga wojewódzka,627,Jednojezdniowa dwukierunkowa,Odcinek prosty,Obszar zabudowany,"22,2863888888889","52,5144444444444",Jezdnia,Pochmurno,Światło dzienne,Zderzenie pojazdów czołowe,1,0,0,Nieokreślone (puste pole),N,,,,,,,,,,,,,,,,,,
EWK-98418143Y,2014,2014-09-23,14,POWIAT PŁOCKI,STAROŹREBY - OBSZAR WIEJSKI,Droga wojewódzka,567,Jednojezdniowa dwukierunkowa,Odcinek prosty,Obszar niezabudowany,"20,0388888888889","52,7377777777778",Pobocze,Dobre warunki atmosferyczne,Światło dzienne,"Najechanie na słup, znak",1,0,1,Ciężko,N,,,,,,,,,,,,,,,,,,
EWK-98417518T,2014,2014-09-23,1,POWIAT PRZYSUSKI,GIELNIÓW - OBSZAR WIEJSKI,Droga krajowa,12,Jednojezdniowa dwukierunkowa,,Obszar niezabudowany,"20,5463888888889","51,4925",Jezdnia,Dobre warunki atmosferyczne,Noc - droga nieoświetlona,Zderzenie pojazdów boczne,1,0,4,Lekko,N,,,,,,,,,,,,,,,,,,
EWK-98417518T,2014,2014-09-23,1,POWIAT PRZYSUSKI,GIELNIÓW - OBSZAR WIEJSKI,Droga krajowa,12,Jednojezdniowa dwukierunkowa,,Obszar niezabudowany,"20,5463888888889","51,4925",Jezdnia,Dobre warunki atmosferyczne,Noc - droga nieoświetlona,Zderzenie pojazdów boczne,1,1,0,Nieokreślone (puste pole),N,,,,,,,,,,,,,,,,,,
EWK-98420890D,2014,2014-09-23,7,POWIAT SIERPECKI,SZCZUTOWO - OBSZAR WIEJSKI,Droga wojewódzka,560,Jednojezdniowa dwukierunkowa,Odcinek prosty,Obszar niezabudowany,"19,7522222222222","53,02",Jezdnia,Opady deszczu,Światło dzienne,Najechanie na pieszego,1,0,1,Lekko,N,,,,,,,,,,,,,,,,,,
EWK-98420890D,2014,2014-09-23,7,POWIAT SIERPECKI,SZCZUTOWO - OBSZAR WIEJSKI,Droga wojewódzka,560,Jednojezdniowa dwukierunkowa,Odcinek prosty,Obszar niezabudowany,"19,7522222222222","53,02",Jezdnia,Opady deszczu,Światło dzienne,Najechanie na pieszego,1,0,0,Nieokreślone (puste pole),N,,,,,,,,,,,,,,,,,,
EWK-98423467P,2014,2014-09-23,10,POWIAT ŻYRARDOWSKI,ŻYRARDÓW - OBSZAR MIEJSKI,Droga gminna,GMINNA,Jednojezdniowa dwukierunkowa,,Obszar zabudowany,"20,4591666666667","52,0691666666667",Jezdnia,Opady deszczu,Światło dzienne,Zderzenie pojazdów boczne,1,0,1,Lekko,N,,,,,,,,,,,,,,,,,,
EWK-98423467P,2014,2014-09-23,10,POWIAT ŻYRARDOWSKI,ŻYRARDÓW - OBSZAR MIEJSKI,Droga gminna,GMINNA,Jednojezdniowa dwukierunkowa,,Obszar zabudowany,"20,4591666666667","52,0691666666667",Jezdnia,Opady deszczu,Światło dzienne,Zderzenie pojazdów boczne,1,0,0,Nieokreślone (puste pole),N,,,,,,,,,,,,,,,,,,
EWK-98420241R,2014,2014-09-23,8,POWIAT RADOM,RADOM - OBSZAR MIEJSKI,Droga powiatowa,P5302W,Dwie jezdnie jednokierunkowe,,Obszar zabudowany,"21,2266666666667","51,4913888888889",Jezdnia,Opady deszczu,Światło dzienne,Zderzenie pojazdów czołowe,1,0,2,Lekko,N,,,,,,,,,,,,,,,,,,
EWK-98418214G,2014,2014-09-23,10,POWIAT RADOM,RADOM - OBSZAR MIEJSKI,Droga krajowa,7,Dwie jezdnie jednokierunkowe,,Obszar zabudowany,"21,255","51,5230555555556",Jezdnia,Opady deszczu,Światło dzienne,Zderzenie pojazdów tylne,1,0,1,Lekko,N,,,,,,,,,,,,,,,,,,
EWK-98418214G,2014,2014-09-23,10,POWIAT RADOM,RADOM - OBSZAR MIEJSKI,Droga krajowa,7,Dwie jezdnie jednokierunkowe,,Obszar zabudowany,"21,255","51,5230555555556",Jezdnia,Opady deszczu,Światło dzienne,Zderzenie pojazdów tylne,1,0,0,Nieokreślone (puste pole),N,,,,,,,,,,,,,,,,,,
EWK-98417035F,2014,2014-09-23,2,POWIAT RADOMSKI,SKARYSZEW - OBSZAR MIEJSKI,Droga krajowa,9,Jednojezdniowa dwukierunkowa,Odcinek prosty,Obszar niezabudowany,"21,375","51,4388888888889",Jezdnia,Pochmurno,Noc - droga nieoświetlona,Najechanie na pieszego,1,1,0,Nieokreślone (puste pole),T,,,,,,,,,,,,,,,,,,
EWK-98419869A,2014,2014-09-24,17,POWIAT OSTROŁĘCKI,KADZIDŁO - OBSZAR WIEJSKI,Droga powiatowa,2530W,Jednojezdniowa dwukierunkowa,Odcinek prosty,Obszar niezabudowany,"21,5541666666667","53,3341666666667",Jezdnia,Dobre warunki atmosferyczne,Światło dzienne,Inne,1,0,1,Ciężko,N,,,,,,,,,,,,,,,,,,
EWK-98420801L,2014,2014-09-24,14,POWIAT PŁOCKI,RADZANOWO - OBSZAR WIEJSKI,Droga powiatowa,P2938W,Jednojezdniowa dwukierunkowa,Odcinek prosty,Obszar zabudowany,"19,8702777777778","52,5708333333333",Jezdnia,Dobre warunki atmosferyczne,Światło dzienne,Najechanie na pieszego,1,0,1,Lekko,N,,,,,,,,,,,,,,,,,,
EWK-98420801L,2014,2014-09-24,14,POWIAT PŁOCKI,RADZANOWO - OBSZAR WIEJSKI,Droga powiatowa,P2938W,Jednojezdniowa dwukierunkowa,Odcinek prosty,Obszar zabudowany,"19,8702777777778","52,5708333333333",Jezdnia,Dobre warunki atmosferyczne,Światło dzienne,Najechanie na pieszego,1,0,0,Nieokreślone (puste pole),N,,,,,,,,,,,,,,,,,,
EWK-98421562J,2014,2014-09-24,17,POWIAT RADOMSKI,WOLANÓW - OBSZAR WIEJSKI,Droga powiatowa,34367W,Jednojezdniowa dwukierunkowa,Odcinek prosty,Obszar zabudowany,"20,9894444444444","51,4838888888889",Jezdnia,Dobre warunki atmosferyczne,Światło dzienne,Najechanie na pieszego,1,0,1,Lekko,T,,,,,,,,,,,,,,,,,,
EWK-98421562J,2014,2014-09-24,17,POWIAT RADOMSKI,WOLANÓW - OBSZAR WIEJSKI,Droga powiatowa,34367W,Jednojezdniowa dwukierunkowa,Odcinek prosty,Obszar zabudowany,"20,9894444444444","51,4838888888889",Jezdnia,Dobre warunki atmosferyczne,Światło dzienne,Najechanie na pieszego,1,0,0,Nieokreślone (puste pole),T,,,,,,,,,,,,,,,,,,
EWK-98421579T,2014,2014-09-24,13,POWIAT RADOM,RADOM - OBSZAR MIEJSKI,Droga powiatowa,P5302W,Jednojezdniowa dwukierunkowa,Odcinek prosty,Obszar zabudowany,"21,2855555555556","51,4691666666667",Jezdnia,Dobre warunki atmosferyczne,Światło dzienne,Najechanie na pieszego,1,0,1,Ciężko,N,,,,,,,,,,,,,,,,,,
EWK-98421579T,2014,2014-09-24,13,POWIAT RADOM,RADOM - OBSZAR MIEJSKI,Droga powiatowa,P5302W,Jednojezdniowa dwukierunkowa,Odcinek prosty,Obszar zabudowany,"21,2855555555556","51,4691666666667",Jezdnia,Dobre warunki atmosferyczne,Światło dzienne,Najechanie na pieszego,1,0,0,Nieokreślone (puste pole),N,,,,,,,,,,,,,,,,,,
EWK-98425298X,2014,2014-09-24,14,POWIAT SIEDLECKI,WIŚNIEW - OBSZAR WIEJSKI,Droga krajowa,63,Jednojezdniowa dwukierunkowa,Odcinek prosty,Obszar niezabudowany,"22,3822222222222","52,1919444444445",Jezdnia,Dobre warunki atmosferyczne,Światło dzienne,Zderzenie pojazdów boczne,1,0,2,Lekko,N,,,,,,,,,,,,,,,,,,
EWK-98425298X,2014,2014-09-24,14,POWIAT SIEDLECKI,WIŚNIEW - OBSZAR WIEJSKI,Droga krajowa,63,Jednojezdniowa dwukierunkowa,Odcinek prosty,Obszar niezabudowany,"22,3822222222222","52,1919444444445",Jezdnia,Dobre warunki atmosferyczne,Światło dzienne,Zderzenie pojazdów boczne,1,0,0,Nieokreślone (puste pole),N,,,,,,,,,,,,,,,,,,
EWK-98424211P,2014,2014-09-24,11,POWIAT MAKOWSKI,PŁONIAWY-BRAMURA - OBSZAR WIEJSKI,Droga gminna,G210616W,Jednojezdniowa dwukierunkowa,"Zakręt, łuk",Obszar zabudowany,"21,0647222222222","53,105",Jezdnia,Dobre warunki atmosferyczne,Światło dzienne,Zderzenie pojazdów czołowe,1,0,1,Ciężko,N,,,,,,,,,,,,,,,,,,
EWK-98424211P,2014,2014-09-24,11,POWIAT MAKOWSKI,PŁONIAWY-BRAMURA - OBSZAR WIEJSKI,Droga gminna,G210616W,Jednojezdniowa dwukierunkowa,"Zakręt, łuk",Obszar zabudowany,"21,0647222222222","53,105",Jezdnia,Dobre warunki atmosferyczne,Światło dzienne,Zderzenie pojazdów czołowe,1,0,0,Nieokreślone (puste pole),N,,,,,,,,,,,,,,,,,,
EWK-98419831J,2014,2014-09-24,11,POWIAT SOKOŁOWSKI,CERANÓW - OBSZAR WIEJSKI,Droga krajowa,63,Jednojezdniowa dwukierunkowa,Odcinek prosty,Obszar niezabudowany,"22,2680555555556","52,7697222222222",Jezdnia,Dobre warunki atmosferyczne,Światło dzienne,Zderzenie pojazdów tylne,1,1,0,Nieokreślone (puste pole),N,,,,,,,,,,,,,,,,,,
EWK-98421273P,2014,2014-09-24,15,POWIAT SOCHACZEWSKI,TERESIN - OBSZAR WIEJSKI,Droga powiatowa,3831W,Jednojezdniowa dwukierunkowa,,Obszar zabudowany,"20,5266666666667","52,2216666666667",Jezdnia,Dobre warunki atmosferyczne,Światło dzienne,Zderzenie pojazdów tylne,1,0,1,Lekko,N,,,,,,,,,,,,,,,,,,
EWK-98421273P,2014,2014-09-24,15,POWIAT SOCHACZEWSKI,TERESIN - OBSZAR WIEJSKI,Droga powiatowa,3831W,Jednojezdniowa dwukierunkowa,,Obszar zabudowany,"20,5266666666667","52,2216666666667",Jezdnia,Dobre warunki atmosferyczne,Światło dzienne,Zderzenie pojazdów tylne,1,0,0,Nieokreślone (puste pole),N,,,,,,,,,,,,,,,,,,
EWK-98422519T,2014,2014-09-25,15,POWIAT PŁOCK,PŁOCK - OBSZAR MIEJSKI,Droga powiatowa,P,Jednojezdniowa dwukierunkowa,,Obszar zabudowany,"19,7441666666667","52,6077777777778",Jezdnia,Dobre warunki atmosferyczne,Światło dzienne,Inne,1,0,1,Lekko,N,,,,,,,,,,,,,,,,,,
EWK-98422519T,2014,2014-09-25,15,POWIAT PŁOCK,PŁOCK - OBSZAR MIEJSKI,Droga powiatowa,P,Jednojezdniowa dwukierunkowa,,Obszar zabudowany,"19,7441666666667","52,6077777777778",Jezdnia,Dobre warunki atmosferyczne,Światło dzienne,Inne,1,0,0,Nieokreślone (puste pole),N,,,,,,,,,,,,,,,,,,
EWK-98423253D,2014,2014-09-25,14,POWIAT WĘGROWSKI,ŁOCHÓW - OBSZAR WIEJSKI,Droga krajowa,50,Jednojezdniowa dwukierunkowa,,Obszar zabudowany,"21,8038888888889","52,6633333333333","Wjazd, wyjazd z posesji, pola",Dobre warunki atmosferyczne,Światło dzienne,Najechanie na pieszego,1,0,1,Lekko,N,,,,,,,,,,,,,,,,,,
EWK-98423253D,2014,2014-09-25,14,POWIAT WĘGROWSKI,ŁOCHÓW - OBSZAR WIEJSKI,Droga krajowa,50,Jednojezdniowa dwukierunkowa,,Obszar zabudowany,"21,8038888888889","52,6633333333333","Wjazd, wyjazd z posesji, pola",Dobre warunki atmosferyczne,Światło dzienne,Najechanie na pieszego,1,0,0,Nieokreślone (puste pole),N,,,,,,,,,,,,,,,,,,
EWK-98423292C,2014,2014-09-25,15,POWIAT PŁOCK,PŁOCK - OBSZAR MIEJSKI,Droga gminna,GMINNA,Jednojezdniowa dwukierunkowa,Odcinek prosty,Obszar zabudowany,"19,785","52,6275",Pobocze,Dobre warunki atmosferyczne,Światło dzienne,"Najechanie na słup, znak",1,0,1,Lekko,N,,,,,,,,,,,,,,,,,,
EWK-98423265F,2014,2014-09-25,12,POWIAT WĘGROWSKI,LIW - OBSZAR WIEJSKI,Droga krajowa,62,Jednojezdniowa dwukierunkowa,,Obszar zabudowany,"22,0805555555556","52,5091666666667",Jezdnia,Dobre warunki atmosferyczne,Światło dzienne,Zderzenie pojazdów tylne,1,0,1,Lekko,N,,,,,,,,,,,,,,,,,,
EWK-98423265F,2014,2014-09-25,12,POWIAT WĘGROWSKI,LIW - OBSZAR WIEJSKI,Droga krajowa,62,Jednojezdniowa dwukierunkowa,,Obszar zabudowany,"22,0805555555556","52,5091666666667",Jezdnia,Dobre warunki atmosferyczne,Światło dzienne,Zderzenie pojazdów tylne,1,0,0,Nieokreślone (puste pole),N,,,,,,,,,,,,,,,,,,
EWK-98420093N,2014,2014-09-25,13,POWIAT RADOMSKI,PIONKI - OBSZAR MIEJSKI,Droga powiatowa,P3523W,Jednojezdniowa dwukierunkowa,Odcinek prosty,Obszar zabudowany,"21,5861111111111","51,5252777777778",Jezdnia,Pochmurno,Światło dzienne,Najechanie na pojazd unieruchomiony,1,0,1,Lekko,N,,,,,,,,,,,,,,,,,,
EWK-98420093N,2014,2014-09-25,13,POWIAT RADOMSKI,PIONKI - OBSZAR MIEJSKI,Droga powiatowa,P3523W,Jednojezdniowa dwukierunkowa,Odcinek prosty,Obszar zabudowany,"21,5861111111111","51,5252777777778",Jezdnia,Pochmurno,Światło dzienne,Najechanie na pojazd unieruchomiony,1,0,0,Nieokreślone (puste pole),N,,,,,,,,,,,,,,,,,,
EWK-98422015A,2014,2014-09-25,19,POWIAT KOZIENICKI,GŁOWACZÓW - OBSZAR WIEJSKI,Droga powiatowa,P3515W,Jednokierunkowa,Odcinek prosty,Obszar niezabudowany,"21,2788888888889","51,6802777777778",Jezdnia,Pochmurno,Noc - droga nieoświetlona,Najechanie na zwierzę,1,0,1,Lekko,N,,,,,,,,,,,,,,,,,,
EWK-98425897W,2014,2014-09-26,11,POWIAT ŁOSICKI,SARNAKI - OBSZAR WIEJSKI,Droga wojewódzka,811,Jednojezdniowa dwukierunkowa,Odcinek prosty,Obszar zabudowany,"23,1030555555556","52,2622222222222",Pobocze,Dobre warunki atmosferyczne,Światło dzienne,Inne,1,0,1,Ciężko,N,,,,,,,,,,,,,,,,,,
EWK-98425897W,2014,2014-09-26,11,POWIAT ŁOSICKI,SARNAKI - OBSZAR WIEJSKI,Droga wojewódzka,811,Jednojezdniowa dwukierunkowa,Odcinek prosty,Obszar zabudowany,"23,1030555555556","52,2622222222222",Pobocze,Dobre warunki atmosferyczne,Światło dzienne,Inne,1,0,0,Nieokreślone (puste pole),N,,,,,,,,,,,,,,,,,,
EWK-98423887T,2014,2014-09-26,20,POWIAT CIECHANOWSKI,OJRZEŃ - OBSZAR WIEJSKI,Droga krajowa,50,Jednojezdniowa dwukierunkowa,Odcinek prosty,Obszar niezabudowany,"20,5936111111111","52,8047222222222",Jezdnia,Dobre warunki atmosferyczne,Noc - droga nieoświetlona,Najechanie na pieszego,1,1,0,Nieokreślone (puste pole),N,,,,,,,,,,,,,,,,,,
EWK-98426183P,2014,2014-09-26,6,POWIAT SIERPECKI,GOZDOWO - OBSZAR WIEJSKI,Droga gminna,GMINNA,Jednojezdniowa dwukierunkowa,"Zakręt, łuk",Obszar niezabudowany,"19,8027777777778","52,7972222222222",Jezdnia,Dobre warunki atmosferyczne,Światło dzienne,Wywrócenie się pojazdu,1,0,1,Ciężko,N,,,,,,,,,,,,,,,,,,
EWK-98423002D,2014,2014-09-26,16,POWIAT RADOMSKI,PIONKI - OBSZAR MIEJSKI,Nieokreślone (puste pole),,Jednojezdniowa dwukierunkowa,"Zakręt, łuk",Obszar zabudowany,"21,5305555555556","51,5108333333333",Jezdnia,Dobre warunki atmosferyczne,Światło dzienne,Zderzenie pojazdów boczne,1,0,1,Lekko,N,,,,,,,,,,,,,,,,,,
EWK-98423002D,2014,2014-09-26,16,POWIAT RADOMSKI,PIONKI - OBSZAR MIEJSKI,Nieokreślone (puste pole),,Jednojezdniowa dwukierunkowa,"Zakręt, łuk",Obszar zabudowany,"21,5305555555556","51,5108333333333",Jezdnia,Dobre warunki atmosferyczne,Światło dzienne,Zderzenie pojazdów boczne,1,0,0,Nieokreślone (puste pole),N,,,,,,,,,,,,,,,,,,
EWK-98423801Y,2014,2014-09-26,12,POWIAT PŁOCK,PŁOCK - OBSZAR MIEJSKI,Droga powiatowa,P,Jednokierunkowa,,Obszar zabudowany,"19,8316666666667","52,6291666666667",Jezdnia,Dobre warunki atmosferyczne,Światło dzienne,Zderzenie pojazdów boczne,1,0,1,Lekko,N,,,,,,,,,,,,,,,,,,
EWK-98423801Y,2014,2014-09-26,12,POWIAT PŁOCK,PŁOCK - OBSZAR MIEJSKI,Droga powiatowa,P,Jednokierunkowa,,Obszar zabudowany,"19,8316666666667","52,6291666666667",Jezdnia,Dobre warunki atmosferyczne,Światło dzienne,Zderzenie pojazdów boczne,1,0,0,Nieokreślone (puste pole),N,,,,,,,,,,,,,,,,,,
EWK-98424115T,2014,2014-09-26,21,POWIAT SZYDŁOWIECKI,SZYDŁOWIEC - OBSZAR WIEJSKI,Droga krajowa,7,Jednojezdniowa dwukierunkowa,Odcinek prosty,Obszar niezabudowany,"20,9561111111111","51,2511111111111",Jezdnia,Dobre warunki atmosferyczne,"Zmrok, świt",Zderzenie pojazdów czołowe,1,0,1,Ciężko,T,,,,,,,,,,,,,,,,,,
EWK-98424115T,2014,2014-09-26,21,POWIAT SZYDŁOWIECKI,SZYDŁOWIEC - OBSZAR WIEJSKI,Droga krajowa,7,Jednojezdniowa dwukierunkowa,Odcinek prosty,Obszar niezabudowany,"20,9561111111111","51,2511111111111",Jezdnia,Dobre warunki atmosferyczne,"Zmrok, świt",Zderzenie pojazdów czołowe,1,0,3,Lekko,T,,,,,,,,,,,,,,,,,,
EWK-98424115T,2014,2014-09-26,21,POWIAT SZYDŁOWIECKI,SZYDŁOWIEC - OBSZAR WIEJSKI,Droga krajowa,7,Jednojezdniowa dwukierunkowa,Odcinek prosty,Obszar niezabudowany,"20,9561111111111","51,2511111111111",Jezdnia,Dobre warunki atmosferyczne,"Zmrok, świt",Zderzenie pojazdów czołowe,1,0,0,Nieokreślone (puste pole),T,,,,,,,,,,,,,,,,,,
EWK-98424807N,2014,2014-09-26,15,POWIAT MŁAWSKI,MŁAWA - OBSZAR MIEJSKI,Droga powiatowa,P2373W,Jednojezdniowa dwukierunkowa,,Obszar zabudowany,"20,3769444444444","53,1255555555556",Jezdnia,Dobre warunki atmosferyczne,Światło dzienne,Zderzenie pojazdów czołowe,1,0,1,Lekko,N,,,,,,,,,,,,,,,,,,
EWK-98424807N,2014,2014-09-26,15,POWIAT MŁAWSKI,MŁAWA - OBSZAR MIEJSKI,Droga powiatowa,P2373W,Jednojezdniowa dwukierunkowa,,Obszar zabudowany,"20,3769444444444","53,1255555555556",Jezdnia,Dobre warunki atmosferyczne,Światło dzienne,Zderzenie pojazdów czołowe,1,0,0,Nieokreślone (puste pole),N,,,,,,,,,,,,,,,,,,
EWK-98423950W,2014,2014-09-26,10,POWIAT RADOM,RADOM - OBSZAR MIEJSKI,Droga powiatowa,P5348W,Jednojezdniowa dwukierunkowa,Odcinek prosty,Obszar zabudowany,"21,1925","51,5452777777778","Chodnik, droga dla pieszych",Pochmurno,Światło dzienne,Najechanie na pieszego,1,0,1,Lekko,N,,,,,,,,,,,,,,,,,,
EWK-98423950W,2014,2014-09-26,10,POWIAT RADOM,RADOM - OBSZAR MIEJSKI,Droga powiatowa,P5348W,Jednojezdniowa dwukierunkowa,Odcinek prosty,Obszar zabudowany,"21,1925","51,5452777777778","Chodnik, droga dla pieszych",Pochmurno,Światło dzienne,Najechanie na pieszego,1,0,0,Nieokreślone (puste pole),N,,,,,,,,,,,,,,,,,,
EWK-98424069W,2014,2014-09-26,6,POWIAT SZYDŁOWIECKI,JASTRZĄB - OBSZAR WIEJSKI,Droga wojewódzka,727,Jednojezdniowa dwukierunkowa,,Obszar niezabudowany,"21,0980555555556","51,3688888888889",Jezdnia,Pochmurno,Światło dzienne,Zderzenie pojazdów czołowe,1,0,1,Lekko,N,,,,,,,,,,,,,,,,,,
EWK-98424069W,2014,2014-09-26,6,POWIAT SZYDŁOWIECKI,JASTRZĄB - OBSZAR WIEJSKI,Droga wojewódzka,727,Jednojezdniowa dwukierunkowa,,Obszar niezabudowany,"21,0980555555556","51,3688888888889",Jezdnia,Pochmurno,Światło dzienne,Zderzenie pojazdów czołowe,1,0,0,Nieokreślone (puste pole),N,,,,,,,,,,,,,,,,,,
EWK-98442293E,2014,2014-09-27,13,POWIAT BIAŁOBRZESKI,BIAŁOBRZEGI - OBSZAR WIEJSKI,Droga powiatowa,P1121W,Jednojezdniowa dwukierunkowa,Odcinek prosty,Obszar zabudowany,"20,9336111111111","51,6322222222222",Jezdnia,Dobre warunki atmosferyczne,Światło dzienne,Zderzenie pojazdów boczne,1,0,1,Lekko,T,,,,,,,,,,,,,,,,,,
EWK-98442293E,2014,2014-09-27,13,POWIAT BIAŁOBRZESKI,BIAŁOBRZEGI - OBSZAR WIEJSKI,Droga powiatowa,P1121W,Jednojezdniowa dwukierunkowa,Odcinek prosty,Obszar zabudowany,"20,9336111111111","51,6322222222222",Jezdnia,Dobre warunki atmosferyczne,Światło dzienne,Zderzenie pojazdów boczne,1,0,0,Nieokreślone (puste pole),T,,,,,,,,,,,,,,,,,,
EWK-98424631J,2014,2014-09-27,10,POWIAT SOCHACZEWSKI,SOCHACZEW - OBSZAR MIEJSKI,Droga gminna,GMINNA,Jednojezdniowa dwukierunkowa,,Obszar zabudowany,"20,2927777777778","52,3577777777778",Jezdnia,Dobre warunki atmosferyczne,Światło dzienne,Zderzenie pojazdów tylne,1,0,1,Lekko,N,,,,,,,,,,,,,,,,,,
EWK-98424631J,2014,2014-09-27,10,POWIAT SOCHACZEWSKI,SOCHACZEW - OBSZAR MIEJSKI,Droga gminna,GMINNA,Jednojezdniowa dwukierunkowa,,Obszar zabudowany,"20,2927777777778","52,3577777777778",Jezdnia,Dobre warunki atmosferyczne,Światło dzienne,Zderzenie pojazdów tylne,1,0,0,Nieokreślone (puste pole),N,,,,,,,,,,,,,,,,,,