IDKSIP,year,date,hour,district,district_commune,road_category,road_number,type_of_road,road_geometry,area,Longitude,Latitude,char_place_of_the_event,weather_conditions,lighting,type_of_accident,num_of_accidents,num_of_fatalities,num_of_injured,type_of_injury,is_offender_intoxicated,,,,,,,,,,,,,,,,,,
EWK-98442044N,2014,2014-10-02,14,POWIAT WYSZKOWSKI,WYSZKÓW - OBSZAR MIEJSKI,Droga gminna,G440718W,Jednojezdniowa dwukierunkowa,Odcinek prosty,Obszar zabudowany,"21,5066666666667","52,7308333333333",Jezdnia,Dobre warunki atmosferyczne,Światło dzienne,Zderzenie pojazdów boczne,1,0,0,Nieokreślone (puste pole),N,,,,,,,,,,,,,,,,,,
EWK-98452287M,2014,2014-10-02,5,POWIAT SIEDLCE,SIEDLCE - OBSZAR MIEJSKI,Droga wojewódzka,W628,Dwie jezdnie jednokierunkowe,,Obszar zabudowany,"22,2958333333333","52,3086111111111",Jezdnia,Dobre warunki atmosferyczne,Noc - droga oświetlona,Zderzenie pojazdów czołowe,1,0,1,Ciężko,N,,,,,,,,,,,,,,,,,,
EWK-98452287M,2014,2014-10-02,5,POWIAT SIEDLCE,SIEDLCE - OBSZAR MIEJSKI,Droga wojewódzka,W628,Dwie jezdnie jednokierunkowe,,Obszar zabudowany,"22,2958333333333","52,3086111111111",Jezdnia,Dobre warunki atmosferyczne,Noc - droga oświetlona,Zderzenie pojazdów czołowe,1,0,0,Nieokreślone (puste pole),N,,,,,,,,,,,,,,,,,,
EWK-98441818L,2014,2014-10-03,10,POWIAT RADOMSKI,JEDLNIA-LETNISKO - OBSZAR WIEJSKI,Droga powiatowa,34429W,Jednojezdniowa dwukierunkowa,Odcinek prosty,Obszar zabudowany,"21,3530555555556","51,555",Jezdnia,Dobre warunki atmosferyczne,Światło dzienne,Najechanie na pojazd unieruchomiony,1,0,1,Lekko,N,,,,,,,,,,,,,,,,,,
EWK-98441818L,2014,2014-10-03,10,POWIAT RADOMSKI,JEDLNIA-LETNISKO - OBSZAR WIEJSKI,Droga powiatowa,34429W,Jednojezdniowa dwukierunkowa,Odcinek prosty,Obszar zabudowany,"21,3530555555556","51,555",Jezdnia,Dobre warunki atmosferyczne,Światło dzienne,Najechanie na pojazd unieruchomiony,1,0,0,Nieokreślone (puste pole),N,,,,,,,,,,,,,,,,,,
EWK-98442085K,2014,2014-10-03,13,POWIAT OSTROWSKI,MAŁKINIA GÓRNA - OBSZAR WIEJSKI,Droga powiatowa,P,Jednojezdniowa dwukierunkowa,Odcinek prosty,Obszar zabudowany,"22,0341666666667","52,8697222222222",Jezdnia,Dobre warunki atmosferyczne,Światło dzienne,Wywrócenie się pojazdu,1,0,1,Ciężko,T,,,,,,,,,,,,,,,,,,
EWK-98444295A,2014,2014-10-03,12,POWIAT PŁOCKI,RADZANOWO - OBSZAR WIEJSKI,Droga powiatowa,P2938W,Jednojezdniowa dwukierunkowa,"Zakręt, łuk",Obszar zabudowany,"19,8161111111111","52,6861111111111","Skarpa, rów",Dobre warunki atmosferyczne,Światło dzienne,Wywrócenie się pojazdu,1,0,2,Lekko,N,,,,,,,,,,,,,,,,,,
EWK-98449296Y,2014,2014-10-03,14,POWIAT WĘGROWSKI,WĘGRÓW - OBSZAR MIEJSKI,Nieokreślone (puste pole),,Jednojezdniowa dwukierunkowa,,Obszar zabudowany,"22,11","52,5363888888889",Jezdnia,Dobre warunki atmosferyczne,Światło dzienne,Zderzenie pojazdów boczne,1,0,1,Lekko,N,,,,,,,,,,,,,,,,,,
EWK-98449296Y,2014,2014-10-03,14,POWIAT WĘGROWSKI,WĘGRÓW - OBSZAR MIEJSKI,Nieokreślone (puste pole),,Jednojezdniowa dwukierunkowa,,Obszar zabudowany,"22,11","52,5363888888889",Jezdnia,Dobre warunki atmosferyczne,Światło dzienne,Zderzenie pojazdów boczne,1,0,0,Nieokreślone (puste pole),N,,,,,,,,,,,,,,,,,,
EWK-98627306H,2014,2014-10-03,13,POWIAT GARWOLIŃSKI,PILAWA - OBSZAR WIEJSKI,Droga krajowa,17,Jednojezdniowa dwukierunkowa,Odcinek prosty,Obszar niezabudowany,"21,6205555555556","52,0127777777778",Przejście dla pieszych,Dobre warunki atmosferyczne,Światło dzienne,Zderzenie pojazdów boczne,1,0,1,Ciężko,N,,,,,,,,,,,,,,,,,,
EWK-98627306H,2014,2014-10-03,13,POWIAT GARWOLIŃSKI,PILAWA - OBSZAR WIEJSKI,Droga krajowa,17,Jednojezdniowa dwukierunkowa,Odcinek prosty,Obszar niezabudowany,"21,6205555555556","52,0127777777778",Przejście dla pieszych,Dobre warunki atmosferyczne,Światło dzienne,Zderzenie pojazdów boczne,1,0,0,Nieokreślone (puste pole),N,,,,,,,,,,,,,,,,,,
EWK-98442103E,2014,2014-10-03,18,POWIAT OSTROWSKI,OSTRÓW MAZOWIECKA - OBSZAR MIEJSKI,Droga gminna,GMINNA,Jednojezdniowa dwukierunkowa,Odcinek prosty,Obszar zabudowany,"21,9358333333333","52,8469444444444",Jezdnia,Dobre warunki atmosferyczne,"Zmrok, świt",Zderzenie pojazdów czołowe,1,0,3,Ciężko,T,,,,,,,,,,,,,,,,,,
EWK-98448253N,2014,2014-10-03,15,POWIAT PŁOŃSKI,BABOSZEWO - OBSZAR WIEJSKI,Droga krajowa,7,Jednojezdniowa dwukierunkowa,Odcinek prosty,Obszar niezabudowany,"20,3852777777778","52,8172222222222",Jezdnia,Dobre warunki atmosferyczne,Światło dzienne,Zderzenie pojazdów tylne,1,0,1,Ciężko,N,,,,,,,,,,,,,,,,,,
EWK-98448253N,2014,2014-10-03,15,POWIAT PŁOŃSKI,BABOSZEWO - OBSZAR WIEJSKI,Droga krajowa,7,Jednojezdniowa dwukierunkowa,Odcinek prosty,Obszar niezabudowany,"20,3852777777778","52,8172222222222",Jezdnia,Dobre warunki atmosferyczne,Światło dzienne,Zderzenie pojazdów tylne,1,0,0,Nieokreślone (puste pole),N,,,,,,,,,,,,,,,,,,
EWK-98443981G,2014,2014-10-04,15,POWIAT RADOM,RADOM - OBSZAR MIEJSKI,Droga gminna,G530202W,Jednojezdniowa dwukierunkowa,Odcinek prosty,Obszar zabudowany,"21,44","51,4355555555556","Chodnik, droga dla pieszych",Dobre warunki atmosferyczne,Światło dzienne,Inne,1,0,1,Ciężko,N,,,,,,,,,,,,,,,,,,
EWK-98446835N,2014,2014-10-04,15,POWIAT KOZIENICKI,MAGNUSZEW - OBSZAR WIEJSKI,Droga gminna,GMINNA,Jednojezdniowa dwukierunkowa,"Zakręt, łuk",Obszar niezabudowany,"21,4244444444444","51,7919444444444",Pobocze,Dobre warunki atmosferyczne,Światło dzienne,Najechanie na drzewo,1,0,1,Lekko,T,,,,,,,,,,,,,,,,,,
EWK-98441520C,2014,2014-10-04,0,POWIAT SOCHACZEWSKI,SOCHACZEW - OBSZAR WIEJSKI,Droga krajowa,92,Jednojezdniowa dwukierunkowa,Odcinek prosty,Obszar niezabudowany,"20,3538888888889","52,3102777777778",Jezdnia,Dobre warunki atmosferyczne,Noc - droga nieoświetlona,Najechanie na pieszego,1,1,0,Nieokreślone (puste pole),N,,,,,,,,,,,,,,,,,,
EWK-98449411Q,2014,2014-10-04,21,POWIAT LIPSKI,RZECZNIÓW - OBSZAR WIEJSKI,Droga powiatowa,P3549W,Jednojezdniowa dwukierunkowa,Odcinek prosty,Obszar zabudowany,"21,3783333333333","51,1391666666667",Jezdnia,Dobre warunki atmosferyczne,Noc - droga oświetlona,Najechanie na pieszego,1,1,0,Nieokreślone (puste pole),N,,,,,,,,,,,,,,,,,,
EWK-98443928R,2014,2014-10-04,11,POWIAT RADOM,RADOM - OBSZAR MIEJSKI,Droga krajowa,12,Dwie jezdnie jednokierunkowe,,Obszar zabudowany,"21,1855555555556","51,4833333333333",Przejście dla pieszych,Dobre warunki atmosferyczne,Światło dzienne,Najechanie na pieszego,1,0,1,Ciężko,N,,,,,,,,,,,,,,,,,,
EWK-98443928R,2014,2014-10-04,11,POWIAT RADOM,RADOM - OBSZAR MIEJSKI,Droga krajowa,12,Dwie jezdnie jednokierunkowe,,Obszar zabudowany,"21,1855555555556","51,4833333333333",Przejście dla pieszych,Dobre warunki atmosferyczne,Światło dzienne,Najechanie na pieszego,1,0,0,Nieokreślone (puste pole),N,,,,,,,,,,,,,,,,,,
EWK-98451326F,2014,2014-10-04,13,POWIAT OSTROŁĘKA,OSTROŁĘKA - OBSZAR MIEJSKI,Droga powiatowa,4403W,Jednojezdniowa dwukierunkowa,Odcinek prosty,Obszar zabudowany,"21,6344444444444","53,1708333333333",Przejście dla pieszych,Dobre warunki atmosferyczne,Światło dzienne,Najechanie na pieszego,1,0,1,Ciężko,N,,,,,,,,,,,,,,,,,,
EWK-98451326F,2014,2014-10-04,13,POWIAT OSTROŁĘKA,OSTROŁĘKA - OBSZAR MIEJSKI,Droga powiatowa,4403W,Jednojezdniowa dwukierunkowa,Odcinek prosty,Obszar zabudowany,"21,6344444444444","53,1708333333333",Przejście dla pieszych,Dobre warunki atmosferyczne,Światło dzienne,Najechanie na pieszego,1,0,0,Nieokreślone (puste pole),N,,,,,,,,,,,,,,,,,,
EWK-98450295T,2014,2014-10-04,23,POWIAT WĘGROWSKI,LIW - OBSZAR WIEJSKI,Nieokreślone (puste pole),,Jednojezdniowa dwukierunkowa,Odcinek prosty,Obszar niezabudowany,"21,9561111111111","52,4636111111111",Jezdnia,Dobre warunki atmosferyczne,Noc - droga nieoświetlona,Wywrócenie się pojazdu,1,0,1,Lekko,N,,,,,,,,,,,,,,,,,,
EWK-98445344J,2014,2014-10-04,21,POWIAT SZYDŁOWIECKI,OROŃSKO - OBSZAR WIEJSKI,Droga krajowa,7,Jednojezdniowa dwukierunkowa,Odcinek prosty,Obszar zabudowany,"21,0691666666667","51,4447222222222",Jezdnia,Dobre warunki atmosferyczne,"Zmrok, świt",Zderzenie pojazdów boczne,1,0,1,Lekko,N,,,,,,,,,,,,,,,,,,
EWK-98445344J,2014,2014-10-04,21,POWIAT SZYDŁOWIECKI,OROŃSKO - OBSZAR WIEJSKI,Droga krajowa,7,Jednojezdniowa dwukierunkowa,Odcinek prosty,Obszar zabudowany,"21,0691666666667","51,4447222222222",Jezdnia,Dobre warunki atmosferyczne,"Zmrok, świt",Zderzenie pojazdów boczne,1,0,0,Nieokreślone (puste pole),N,,,,,,,,,,,,,,,,,,
EWK-98444314U,2014,2014-10-05,21,POWIAT PŁOCKI,STARA BIAŁA - OBSZAR WIEJSKI,Droga powiatowa,5205W,Jednojezdniowa dwukierunkowa,Odcinek prosty,Obszar niezabudowany,"19,8411111111111","52,7302777777778","Skarpa, rów",Dobre warunki atmosferyczne,Noc - droga nieoświetlona,Najechanie na pojazd unieruchomiony,1,0,2,Lekko,N,,,,,,,,,,,,,,,,,,
EWK-98444314U,2014,2014-10-05,21,POWIAT PŁOCKI,STARA BIAŁA - OBSZAR WIEJSKI,Droga powiatowa,5205W,Jednojezdniowa dwukierunkowa,Odcinek prosty,Obszar niezabudowany,"19,8411111111111","52,7302777777778","Skarpa, rów",Dobre warunki atmosferyczne,Noc - droga nieoświetlona,Najechanie na pojazd unieruchomiony,1,0,0,Nieokreślone (puste pole),N,,,,,,,,,,,,,,,,,,
EWK-98462599U,2014,2014-10-05,14,POWIAT GARWOLIŃSKI,MIASTKÓW KOŚCIELNY - OBSZAR WIEJSKI,Droga powiatowa,31330W,Jednojezdniowa dwukierunkowa,Odcinek prosty,Obszar zabudowany,"21,9055555555556","51,9872222222222",Jezdnia,Dobre warunki atmosferyczne,Światło dzienne,Najechanie na zwierzę,1,0,1,Ciężko,N,,,,,,,,,,,,,,,,,,
EWK-98443914W,2014,2014-10-05,12,POWIAT RADOM,RADOM - OBSZAR MIEJSKI,Droga powiatowa,P5329W,Jednojezdniowa dwukierunkowa,,Obszar zabudowany,"21,2038888888889","51,4155555555556",Jezdnia,Dobre warunki atmosferyczne,Światło dzienne,Zderzenie pojazdów boczne,1,0,1,Lekko,N,,,,,,,,,,,,,,,,,,
EWK-98443914W,2014,2014-10-05,12,POWIAT RADOM,RADOM - OBSZAR MIEJSKI,Droga powiatowa,P5329W,Jednojezdniowa dwukierunkowa,,Obszar zabudowany,"21,2038888888889","51,4155555555556",Jezdnia,Dobre warunki atmosferyczne,Światło dzienne,Zderzenie pojazdów boczne,1,0,0,Nieokreślone (puste pole),N,,,,,,,,,,,,,,,,,,
EWK-98445293A,2014,2014-10-05,18,POWIAT PRZYSUSKI,GIELNIÓW - OBSZAR WIEJSKI,Droga krajowa,12,Jednojezdniowa dwukierunkowa,Odcinek prosty,Obszar zabudowany,"20,5","51,5291666666667",Jezdnia,Dobre warunki atmosferyczne,Światło dzienne,Zderzenie pojazdów boczne,1,0,1,Lekko,N,,,,,,,,,,,,,,,,,,
EWK-98445293A,2014,2014-10-05,18,POWIAT PRZYSUSKI,GIELNIÓW - OBSZAR WIEJSKI,Droga krajowa,12,Jednojezdniowa dwukierunkowa,Odcinek prosty,Obszar zabudowany,"20,5","51,5291666666667",Jezdnia,Dobre warunki atmosferyczne,Światło dzienne,Zderzenie pojazdów boczne,1,0,0,Nieokreślone (puste pole),N,,,,,,,,,,,,,,,,,,
EWK-98451315W,2014,2014-10-05,13,POWIAT OSTROŁĘCKI,GOWOROWO - OBSZAR WIEJSKI,Droga powiatowa,4403W,Jednojezdniowa dwukierunkowa,Odcinek prosty,Obszar zabudowany,"21,7138888888889","52,9969444444444",Jezdnia,Pochmurno,Światło dzienne,Zderzenie pojazdów tylne,1,0,1,Lekko,N,,,,,,,,,,,,,,,,,,
EWK-98451315W,2014,2014-10-05,13,POWIAT OSTROŁĘCKI,GOWOROWO - OBSZAR WIEJSKI,Droga powiatowa,4403W,Jednojezdniowa dwukierunkowa,Odcinek prosty,Obszar zabudowany,"21,7138888888889","52,9969444444444",Jezdnia,Pochmurno,Światło dzienne,Zderzenie pojazdów tylne,1,0,0,Nieokreślone (puste pole),N,,,,,,,,,,,,,,,,,,
EWK-98446883P,2014,2014-10-06,17,POWIAT PRZASNYSKI,CHORZELE - OBSZAR WIEJSKI,Droga powiatowa,P3208W,Jednojezdniowa dwukierunkowa,Odcinek prosty,Obszar niezabudowany,"21,0338888888889","53,3586111111111","Skarpa, rów",Dobre warunki atmosferyczne,Światło dzienne,Najechanie na drzewo,1,0,1,Ciężko,N,,,,,,,,,,,,,,,,,,
EWK-98446951E,2014,2014-10-06,15,POWIAT PŁOCK,PŁOCK - OBSZAR MIEJSKI,Droga gminna,GMINNA,Jednojezdniowa dwukierunkowa,Odcinek prosty,Obszar zabudowany,"19,8452777777778","52,6555555555556",Przystanek komunikacji publicznej,Dobre warunki atmosferyczne,Światło dzienne,Najechanie na pieszego,1,1,0,Nieokreślone (puste pole),N,,,,,,,,,,,,,,,,,,
EWK-98445992E,2014,2014-10-06,16,POWIAT OSTROWSKI,OSTRÓW MAZOWIECKA - OBSZAR MIEJSKI,Droga gminna,GMINNA,Jednojezdniowa dwukierunkowa,,Obszar zabudowany,"21,9255555555556","52,8355555555556",Jezdnia,Dobre warunki atmosferyczne,Światło dzienne,Zderzenie pojazdów boczne,1,0,1,Lekko,N,,,,,,,,,,,,,,,,,,
EWK-98445992E,2014,2014-10-06,16,POWIAT OSTROWSKI,OSTRÓW MAZOWIECKA - OBSZAR MIEJSKI,Droga gminna,GMINNA,Jednojezdniowa dwukierunkowa,,Obszar zabudowany,"21,9255555555556","52,8355555555556",Jezdnia,Dobre warunki atmosferyczne,Światło dzienne,Zderzenie pojazdów boczne,1,0,0,Nieokreślone (puste pole),N,,,,,,,,,,,,,,,,,,
EWK-98446531P,2014,2014-10-06,16,POWIAT GOSTYNIŃSKI,SZCZAWIN KOŚCIELNY - OBSZAR WIEJSKI,Droga powiatowa,P1424W,Jednojezdniowa dwukierunkowa,,Obszar zabudowany,"19,5708333333333","52,3513888888889",Jezdnia,Dobre warunki atmosferyczne,Światło dzienne,Zderzenie pojazdów boczne,1,1,0,Nieokreślone (puste pole),N,,,,,,,,,,,,,,,,,,
EWK-98450938G,2014,2014-10-07,5,POWIAT WYSZKOWSKI,BRAŃSZCZYK - OBSZAR WIEJSKI,Droga powiatowa,4403W,Jednojezdniowa dwukierunkowa,"Zakręt, łuk",Obszar zabudowany,"21,6530555555556","52,6719444444444",Jezdnia,Dobre warunki atmosferyczne,"Zmrok, świt",Inne,1,0,1,Ciężko,N,,,,,,,,,,,,,,,,,,
EWK-98451400K,2014,2014-10-07,15,POWIAT SIEDLCE,SIEDLCE - OBSZAR MIEJSKI,Droga wojewódzka,W628,Jednojezdniowa dwukierunkowa,Odcinek prosty,Obszar zabudowany,"22,3027777777778","52,2883333333333",Przejście dla pieszych,Dobre warunki atmosferyczne,Światło dzienne,Najechanie na pieszego,1,0,1,Ciężko,N,,,,,,,,,,,,,,,,,,
EWK-98451400K,2014,2014-10-07,15,POWIAT SIEDLCE,SIEDLCE - OBSZAR MIEJSKI,Droga wojewódzka,W628,Jednojezdniowa dwukierunkowa,Odcinek prosty,Obszar zabudowany,"22,3027777777778","52,2883333333333",Przejście dla pieszych,Dobre warunki atmosferyczne,Światło dzienne,Najechanie na pieszego,1,0,0,Nieokreślone (puste pole),N,,,,,,,,,,,,,,,,,,
EWK-98448703Y,2014,2014-10-07,18,POWIAT ŁOSICKI,PLATERÓW - OBSZAR WIEJSKI,Droga powiatowa,02107W,Jednojezdniowa dwukierunkowa,,Obszar niezabudowany,"22,9505555555556","52,3686111111111",Pobocze,Dobre warunki atmosferyczne,"Zmrok, świt","Najechanie na słup, znak",1,0,1,Ciężko,N,,,,,,,,,,,,,,,,,,
EWK-98448703Y,2014,2014-10-07,18,POWIAT ŁOSICKI,PLATERÓW - OBSZAR WIEJSKI,Droga powiatowa,02107W,Jednojezdniowa dwukierunkowa,,Obszar niezabudowany,"22,9505555555556","52,3686111111111",Pobocze,Dobre warunki atmosferyczne,"Zmrok, świt","Najechanie na słup, znak",1,0,0,Nieokreślone (puste pole),N,,,,,,,,,,,,,,,,,,
EWK-98450245L,2014,2014-10-07,18,POWIAT GRÓJECKI,NOWE MIASTO NAD PILICĄ - OBSZAR WIEJSKI,Droga powiatowa,P,Jednojezdniowa dwukierunkowa,Odcinek prosty,Obszar zabudowany,"20,5925","51,7208333333333",Jezdnia,Dobre warunki atmosferyczne,"Zmrok, świt",Zderzenie pojazdów boczne,1,0,1,Lekko,T,,,,,,,,,,,,,,,,,,
EWK-98450245L,2014,2014-10-07,18,POWIAT GRÓJECKI,NOWE MIASTO NAD PILICĄ - OBSZAR WIEJSKI,Droga powiatowa,P,Jednojezdniowa dwukierunkowa,Odcinek prosty,Obszar zabudowany,"20,5925","51,7208333333333",Jezdnia,Dobre warunki atmosferyczne,"Zmrok, świt",Zderzenie pojazdów boczne,1,0,0,Nieokreślone (puste pole),T,,,,,,,,,,,,,,,,,,
EWK-98450266Q,2014,2014-10-07,9,POWIAT SIERPECKI,SIERPC - OBSZAR MIEJSKI,Nieokreślone (puste pole),,Jednojezdniowa dwukierunkowa,,Obszar zabudowany,"19,6716666666667","52,9861111111111",Jezdnia,Dobre warunki atmosferyczne,Światło dzienne,Zderzenie pojazdów boczne,1,0,1,Lekko,N,,,,,,,,,,,,,,,,,,
EWK-98450266Q,2014,2014-10-07,9,POWIAT SIERPECKI,SIERPC - OBSZAR MIEJSKI,Nieokreślone (puste pole),,Jednojezdniowa dwukierunkowa,,Obszar zabudowany,"19,6716666666667","52,9861111111111",Jezdnia,Dobre warunki atmosferyczne,Światło dzienne,Zderzenie pojazdów boczne,1,0,0,Nieokreślone (puste pole),N,,,,,,,,,,,,,,,,,,
EWK-98450293T,2014,2014-10-07,11,POWIAT RADOMSKI,PIONKI - OBSZAR MIEJSKI,Droga wojewódzka,787,Jednojezdniowa dwukierunkowa,,Obszar zabudowany,"21,5997222222222","51,5577777777778",Jezdnia,Dobre warunki atmosferyczne,Światło dzienne,Zderzenie pojazdów boczne,1,0,1,Lekko,N,,,,,,,,,,,,,,,,,,
EWK-98450293T,2014,2014-10-07,11,POWIAT RADOMSKI,PIONKI - OBSZAR MIEJSKI,Droga wojewódzka,787,Jednojezdniowa dwukierunkowa,,Obszar zabudowany,"21,5997222222222","51,5577777777778",Jezdnia,Dobre warunki atmosferyczne,Światło dzienne,Zderzenie pojazdów boczne,1,0,0,Nieokreślone (puste pole),N,,,,,,,,,,,,,,,,,,
EWK-98448306T,2014,2014-10-07,10,POWIAT PŁOCK,PŁOCK - OBSZAR MIEJSKI,Droga powiatowa,P,Jednojezdniowa dwukierunkowa,"Zakręt, łuk",Obszar zabudowany,"19,7022222222222","52,6555555555556",Przejście dla pieszych,Dobre warunki atmosferyczne,Światło dzienne,Zderzenie pojazdów boczne,1,0,1,Lekko,N,,,,,,,,,,,,,,,,,,
EWK-98448306T,2014,2014-10-07,10,POWIAT PŁOCK,PŁOCK - OBSZAR MIEJSKI,Droga powiatowa,P,Jednojezdniowa dwukierunkowa,"Zakręt, łuk",Obszar zabudowany,"19,7022222222222","52,6555555555556",Przejście dla pieszych,Dobre warunki atmosferyczne,Światło dzienne,Zderzenie pojazdów boczne,1,0,0,Nieokreślone (puste pole),N,,,,,,,,,,,,,,,,,,
EWK-98449266Q,2014,2014-10-07,7,POWIAT PRZYSUSKI,GIELNIÓW - OBSZAR WIEJSKI,Droga krajowa,12,Jednojezdniowa dwukierunkowa,,Obszar zabudowany,"20,6188888888889","51,4041666666667",Jezdnia,Dobre warunki atmosferyczne,Światło dzienne,Zderzenie pojazdów czołowe,1,0,1,Lekko,N,,,,,,,,,,,,,,,,,,
EWK-98449266Q,2014,2014-10-07,7,POWIAT PRZYSUSKI,GIELNIÓW - OBSZAR WIEJSKI,Droga krajowa,12,Jednojezdniowa dwukierunkowa,,Obszar zabudowany,"20,6188888888889","51,4041666666667",Jezdnia,Dobre warunki atmosferyczne,Światło dzienne,Zderzenie pojazdów czołowe,1,0,0,Nieokreślone (puste pole),N,,,,,,,,,,,,,,,,,,
EWK-98450401A,2014,2014-10-07,19,POWIAT OSTROWSKI,SZULBORZE WIELKIE - OBSZAR WIEJSKI,Droga powiatowa,P,Jednojezdniowa dwukierunkowa,Odcinek prosty,Obszar zabudowany,"22,2019444444444","52,8616666666667",Jezdnia,Dobre warunki atmosferyczne,Noc - droga oświetlona,Zderzenie pojazdów tylne,1,1,0,Nieokreślone (puste pole),T,,,,,,,,,,,,,,,,,,
EWK-98453301H,2014,2014-10-08,19,POWIAT WYSZKOWSKI,WYSZKÓW - OBSZAR MIEJSKI,Droga powiatowa,P4408W,Jednojezdniowa dwukierunkowa,Odcinek prosty,Obszar zabudowany,"21,5177777777778","52,7125",Jezdnia,Dobre warunki atmosferyczne,Noc - droga oświetlona,Najechanie na pieszego,1,0,1,Ciężko,N,,,,,,,,,,,,,,,,,,
EWK-98453301H,2014,2014-10-08,19,POWIAT WYSZKOWSKI,WYSZKÓW - OBSZAR MIEJSKI,Droga powiatowa,P4408W,Jednojezdniowa dwukierunkowa,Odcinek prosty,Obszar zabudowany,"21,5177777777778","52,7125",Jezdnia,Dobre warunki atmosferyczne,Noc - droga oświetlona,Najechanie na pieszego,1,0,0,Nieokreślone (puste pole),N,,,,,,,,,,,,,,,,,,
EWK-98450994K,2014,2014-10-08,13,POWIAT ZWOLEŃSKI,TCZÓW - OBSZAR WIEJSKI,Nieokreślone (puste pole),,Jednojezdniowa dwukierunkowa,Odcinek prosty,Obszar zabudowany,"21,5230555555556","51,3783333333333",Jezdnia,Dobre warunki atmosferyczne,Światło dzienne,Najechanie na pieszego,1,0,1,Lekko,N,,,,,,,,,,,,,,,,,,
EWK-98450994K,2014,2014-10-08,13,POWIAT ZWOLEŃSKI,TCZÓW - OBSZAR WIEJSKI,Nieokreślone (puste pole),,Jednojezdniowa dwukierunkowa,Odcinek prosty,Obszar zabudowany,"21,5230555555556","51,3783333333333",Jezdnia,Dobre warunki atmosferyczne,Światło dzienne,Najechanie na pieszego,1,0,0,Nieokreślone (puste pole),N,,,,,,,,,,,,,,,,,,
EWK-98448748T,2014,2014-10-08,15,POWIAT PŁOCKI,STAROŹREBY - OBSZAR WIEJSKI,Droga wojewódzka,567,Jednojezdniowa dwukierunkowa,,Obszar zabudowany,"20,0169444444444","52,7708333333333",Jezdnia,Dobre warunki atmosferyczne,Światło dzienne,Zderzenie pojazdów boczne,1,0,2,Lekko,N,,,,,,,,,,,,,,,,,,
EWK-98448748T,2014,2014-10-08,15,POWIAT PŁOCKI,STAROŹREBY - OBSZAR WIEJSKI,Droga wojewódzka,567,Jednojezdniowa dwukierunkowa,,Obszar zabudowany,"20,0169444444444","52,7708333333333",Jezdnia,Dobre warunki atmosferyczne,Światło dzienne,Zderzenie pojazdów boczne,1,0,0,Nieokreślone (puste pole),N,,,,,,,,,,,,,,,,,,
EWK-98456143M,2014,2014-10-09,22,POWIAT SIEDLECKI,WIŚNIEW - OBSZAR WIEJSKI,Droga powiatowa,4160P,Jednojezdniowa dwukierunkowa,,Obszar zabudowany,"22,3791666666667","52,1738888888889",Jezdnia,Dobre warunki atmosferyczne,Noc - droga nieoświetlona,Najechanie na pieszego,1,0,1,Ciężko,N,,,,,,,,,,,,,,,,,,
EWK-98456143M,2014,2014-10-09,22,POWIAT SIEDLECKI,WIŚNIEW - OBSZAR WIEJSKI,Droga powiatowa,4160P,Jednojezdniowa dwukierunkowa,,Obszar zabudowany,"22,3791666666667","52,1738888888889",Jezdnia,Dobre warunki atmosferyczne,Noc - droga nieoświetlona,Najechanie na pieszego,1,0,0,Nieokreślone (puste pole),N,,,,,,,,,,,,,,,,,,
EWK-98449194T,2014,2014-10-09,18,POWIAT KOZIENICKI,MAGNUSZEW - OBSZAR WIEJSKI,Droga krajowa,79,Jednojezdniowa dwukierunkowa,Odcinek prosty,Obszar zabudowany,"21,4002777777778","51,8008333333333",Jezdnia,Dobre warunki atmosferyczne,Noc - droga oświetlona,Najechanie na pieszego,1,1,0,Nieokreślone (puste pole),N,,,,,,,,,,,,,,,,,,
EWK-98453376E,2014,2014-10-09,16,POWIAT RADOM,RADOM - OBSZAR MIEJSKI,Droga gminna,G530075W,Jednojezdniowa dwukierunkowa,,Obszar zabudowany,"21,1622222222222","51,4702777777778",Jezdnia,Dobre warunki atmosferyczne,Światło dzienne,Najechanie na pieszego,1,0,1,Lekko,N,,,,,,,,,,,,,,,,,,
EWK-98453376E,2014,2014-10-09,16,POWIAT RADOM,RADOM - OBSZAR MIEJSKI,Droga gminna,G530075W,Jednojezdniowa dwukierunkowa,,Obszar zabudowany,"21,1622222222222","51,4702777777778",Jezdnia,Dobre warunki atmosferyczne,Światło dzienne,Najechanie na pieszego,1,0,0,Nieokreślone (puste pole),N,,,,,,,,,,,,,,,,,,
EWK-98457888X,2014,2014-10-09,14,POWIAT WYSZKOWSKI,BRAŃSZCZYK - OBSZAR WIEJSKI,Droga powiatowa,P4405W,Jednojezdniowa dwukierunkowa,Odcinek prosty,Obszar niezabudowany,"21,6597222222222","52,7358333333333",Jezdnia,Dobre warunki atmosferyczne,Światło dzienne,Wywrócenie się pojazdu,1,0,1,Lekko,N,,,,,,,,,,,,,,,,,,