IDKSIP,year,date,hour,district,district_commune,road_category,road_number,type_of_road,road_geometry,area,Longitude,Latitude,char_place_of_the_event,weather_conditions,lighting,type_of_accident,num_of_accidents,num_of_fatalities,num_of_injured,type_of_injury,is_offender_intoxicated,,,,,,,,,,,,,,,,,,
EWK-98452396T,2014,2014-10-09,16,POWIAT PŁOCK,PŁOCK - OBSZAR MIEJSKI,Droga powiatowa,P,Jednojezdniowa dwukierunkowa,Odcinek prosty,Obszar zabudowany,"19,6869444444444","52,6383333333333",Jezdnia,Dobre warunki atmosferyczne,Światło dzienne,Zderzenie pojazdów boczne,1,0,1,Ciężko,N,,,,,,,,,,,,,,,,,,
EWK-98452396T,2014,2014-10-09,16,POWIAT PŁOCK,PŁOCK - OBSZAR MIEJSKI,Droga powiatowa,P,Jednojezdniowa dwukierunkowa,Odcinek prosty,Obszar zabudowany,"19,6869444444444","52,6383333333333",Jezdnia,Dobre warunki atmosferyczne,Światło dzienne,Zderzenie pojazdów boczne,1,0,0,Nieokreślone (puste pole),N,,,,,,,,,,,,,,,,,,
EWK-98449195C,2014,2014-10-09,19,POWIAT LIPSKI,RZECZNIÓW - OBSZAR WIEJSKI,Droga powiatowa,P3536W,Jednojezdniowa dwukierunkowa,Odcinek prosty,Obszar zabudowany,"21,525","51,2194444444444",Jezdnia,Dobre warunki atmosferyczne,Noc - droga oświetlona,Zderzenie pojazdów czołowe,1,1,0,Nieokreślone (puste pole),N,,,,,,,,,,,,,,,,,,
EWK-98451595W,2014,2014-10-09,14,POWIAT PŁOŃSKI,RACIĄŻ - OBSZAR WIEJSKI,Droga gminna,G301014W,Jednojezdniowa dwukierunkowa,"Zakręt, łuk",Obszar niezabudowany,"20,2008333333333","52,9975",Jezdnia,Dobre warunki atmosferyczne,Światło dzienne,Zderzenie pojazdów czołowe,1,1,0,Nieokreślone (puste pole),N,,,,,,,,,,,,,,,,,,
EWK-98452341X,2014,2014-10-09,14,POWIAT MŁAWSKI,STUPSK - OBSZAR WIEJSKI,Droga wojewódzka,615,Jednojezdniowa dwukierunkowa,,Obszar niezabudowany,"20,4719444444444","53,0180555555556",Jezdnia,Dobre warunki atmosferyczne,Światło dzienne,Zderzenie pojazdów czołowe,1,0,1,Lekko,N,,,,,,,,,,,,,,,,,,
EWK-98452341X,2014,2014-10-09,14,POWIAT MŁAWSKI,STUPSK - OBSZAR WIEJSKI,Droga wojewódzka,615,Jednojezdniowa dwukierunkowa,,Obszar niezabudowany,"20,4719444444444","53,0180555555556",Jezdnia,Dobre warunki atmosferyczne,Światło dzienne,Zderzenie pojazdów czołowe,1,0,0,Nieokreślone (puste pole),N,,,,,,,,,,,,,,,,,,
EWK-98450053H,2014,2014-10-09,8,POWIAT SIERPECKI,SIERPC - OBSZAR MIEJSKI,Droga krajowa,10,Jednojezdniowa dwukierunkowa,Odcinek prosty,Obszar zabudowany,"19,7691666666667","52,9588888888889",Jezdnia,Oślepiające słońce,Światło dzienne,Zderzenie pojazdów tylne,1,0,1,Lekko,N,,,,,,,,,,,,,,,,,,
EWK-98450053H,2014,2014-10-09,8,POWIAT SIERPECKI,SIERPC - OBSZAR MIEJSKI,Droga krajowa,10,Jednojezdniowa dwukierunkowa,Odcinek prosty,Obszar zabudowany,"19,7691666666667","52,9588888888889",Jezdnia,Oślepiające słońce,Światło dzienne,Zderzenie pojazdów tylne,1,0,0,Nieokreślone (puste pole),N,,,,,,,,,,,,,,,,,,
EWK-98630908E,2014,2014-10-10,15,POWIAT GARWOLIŃSKI,MACIEJOWICE - OBSZAR WIEJSKI,Droga powiatowa,31325W,Jednojezdniowa dwukierunkowa,"Zakręt, łuk",Obszar niezabudowany,"21,7266666666667","51,8316666666667","Skarpa, rów",Dobre warunki atmosferyczne,Światło dzienne,Inne,1,0,1,Ciężko,T,,,,,,,,,,,,,,,,,,
EWK-98455996K,2014,2014-10-10,18,POWIAT ŻUROMIŃSKI,LUBOWIDZ - OBSZAR WIEJSKI,Droga powiatowa,P4612W,Jednojezdniowa dwukierunkowa,Odcinek prosty,Obszar niezabudowany,"19,7594444444444","53,1927777777778",Jezdnia,Dobre warunki atmosferyczne,"Zmrok, świt",Najechanie na pieszego,1,0,1,Ciężko,N,,,,,,,,,,,,,,,,,,
EWK-98455996K,2014,2014-10-10,18,POWIAT ŻUROMIŃSKI,LUBOWIDZ - OBSZAR WIEJSKI,Droga powiatowa,P4612W,Jednojezdniowa dwukierunkowa,Odcinek prosty,Obszar niezabudowany,"19,7594444444444","53,1927777777778",Jezdnia,Dobre warunki atmosferyczne,"Zmrok, świt",Najechanie na pieszego,1,0,0,Nieokreślone (puste pole),N,,,,,,,,,,,,,,,,,,
EWK-98454937R,2014,2014-10-10,8,POWIAT RADOM,RADOM - OBSZAR MIEJSKI,Droga powiatowa,P3528W,Jednojezdniowa dwukierunkowa,Odcinek prosty,Obszar zabudowany,"21,2136111111111","51,5425",Jezdnia,Dobre warunki atmosferyczne,Światło dzienne,Najechanie na pieszego,1,0,1,Lekko,N,,,,,,,,,,,,,,,,,,
EWK-98454937R,2014,2014-10-10,8,POWIAT RADOM,RADOM - OBSZAR MIEJSKI,Droga powiatowa,P3528W,Jednojezdniowa dwukierunkowa,Odcinek prosty,Obszar zabudowany,"21,2136111111111","51,5425",Jezdnia,Dobre warunki atmosferyczne,Światło dzienne,Najechanie na pieszego,1,0,0,Nieokreślone (puste pole),N,,,,,,,,,,,,,,,,,,
EWK-98630907E,2014,2014-10-10,10,POWIAT GARWOLIŃSKI,PILAWA - OBSZAR WIEJSKI,Droga wojewódzka,805,Jednojezdniowa dwukierunkowa,,Obszar zabudowany,"21,6311111111111","52,0794444444444",Jezdnia,Dobre warunki atmosferyczne,Światło dzienne,Najechanie na pieszego,1,0,1,Ciężko,N,,,,,,,,,,,,,,,,,,
EWK-98630907E,2014,2014-10-10,10,POWIAT GARWOLIŃSKI,PILAWA - OBSZAR WIEJSKI,Droga wojewódzka,805,Jednojezdniowa dwukierunkowa,,Obszar zabudowany,"21,6311111111111","52,0794444444444",Jezdnia,Dobre warunki atmosferyczne,Światło dzienne,Najechanie na pieszego,1,0,0,Nieokreślone (puste pole),N,,,,,,,,,,,,,,,,,,
EWK-98455451N,2014,2014-10-10,13,POWIAT SOCHACZEWSKI,SOCHACZEW - OBSZAR MIEJSKI,Droga gminna,GMINNA,Jednojezdniowa dwukierunkowa,,Obszar zabudowany,"20,3441666666667","52,3102777777778",Przejście dla pieszych,Dobre warunki atmosferyczne,Światło dzienne,Najechanie na pieszego,1,0,1,Lekko,N,,,,,,,,,,,,,,,,,,
EWK-98455451N,2014,2014-10-10,13,POWIAT SOCHACZEWSKI,SOCHACZEW - OBSZAR MIEJSKI,Droga gminna,GMINNA,Jednojezdniowa dwukierunkowa,,Obszar zabudowany,"20,3441666666667","52,3102777777778",Przejście dla pieszych,Dobre warunki atmosferyczne,Światło dzienne,Najechanie na pieszego,1,0,0,Nieokreślone (puste pole),N,,,,,,,,,,,,,,,,,,
EWK-98456560P,2014,2014-10-10,5,POWIAT SIERPECKI,ZAWIDZ - OBSZAR WIEJSKI,Droga krajowa,10,Jednojezdniowa dwukierunkowa,"Zakręt, łuk",Obszar niezabudowany,"19,865","52,8772222222222","Skarpa, rów",Dobre warunki atmosferyczne,"Zmrok, świt",Wywrócenie się pojazdu,1,0,1,Lekko,N,,,,,,,,,,,,,,,,,,
EWK-98456560P,2014,2014-10-10,5,POWIAT SIERPECKI,ZAWIDZ - OBSZAR WIEJSKI,Droga krajowa,10,Jednojezdniowa dwukierunkowa,"Zakręt, łuk",Obszar niezabudowany,"19,865","52,8772222222222","Skarpa, rów",Dobre warunki atmosferyczne,"Zmrok, świt",Wywrócenie się pojazdu,1,0,0,Nieokreślone (puste pole),N,,,,,,,,,,,,,,,,,,
EWK-98458256H,2014,2014-10-10,18,POWIAT LIPSKI,RZECZNIÓW - OBSZAR WIEJSKI,Droga wojewódzka,747,Jednojezdniowa dwukierunkowa,Odcinek prosty,Obszar zabudowany,"21,4383333333333","51,1777777777778",Jezdnia,Dobre warunki atmosferyczne,Noc - droga oświetlona,Zderzenie pojazdów boczne,1,0,1,Lekko,N,,,,,,,,,,,,,,,,,,
EWK-98458256H,2014,2014-10-10,18,POWIAT LIPSKI,RZECZNIÓW - OBSZAR WIEJSKI,Droga wojewódzka,747,Jednojezdniowa dwukierunkowa,Odcinek prosty,Obszar zabudowany,"21,4383333333333","51,1777777777778",Jezdnia,Dobre warunki atmosferyczne,Noc - droga oświetlona,Zderzenie pojazdów boczne,1,0,0,Nieokreślone (puste pole),N,,,,,,,,,,,,,,,,,,
EWK-98455609L,2014,2014-10-10,5,POWIAT PŁOCK,PŁOCK - OBSZAR MIEJSKI,Inna,I2,Jednojezdniowa dwukierunkowa,,Obszar zabudowany,"19,6536111111111","52,5913888888889",Jezdnia,Dobre warunki atmosferyczne,"Zmrok, świt",Zderzenie pojazdów boczne,1,0,1,Lekko,N,,,,,,,,,,,,,,,,,,
EWK-98455609L,2014,2014-10-10,5,POWIAT PŁOCK,PŁOCK - OBSZAR MIEJSKI,Inna,I2,Jednojezdniowa dwukierunkowa,,Obszar zabudowany,"19,6536111111111","52,5913888888889",Jezdnia,Dobre warunki atmosferyczne,"Zmrok, świt",Zderzenie pojazdów boczne,1,0,0,Nieokreślone (puste pole),N,,,,,,,,,,,,,,,,,,
EWK-98454341T,2014,2014-10-10,14,POWIAT ZWOLEŃSKI,POLICZNA - OBSZAR WIEJSKI,Nieokreślone (puste pole),,Jednojezdniowa dwukierunkowa,Odcinek prosty,Obszar zabudowany,"21,7475","51,5147222222222",Jezdnia,Dobre warunki atmosferyczne,Światło dzienne,Zderzenie pojazdów boczne,1,0,1,Lekko,N,,,,,,,,,,,,,,,,,,
EWK-98454341T,2014,2014-10-10,14,POWIAT ZWOLEŃSKI,POLICZNA - OBSZAR WIEJSKI,Nieokreślone (puste pole),,Jednojezdniowa dwukierunkowa,Odcinek prosty,Obszar zabudowany,"21,7475","51,5147222222222",Jezdnia,Dobre warunki atmosferyczne,Światło dzienne,Zderzenie pojazdów boczne,1,0,0,Nieokreślone (puste pole),N,,,,,,,,,,,,,,,,,,
EWK-98454427Q,2014,2014-10-10,6,POWIAT PŁOCK,PŁOCK - OBSZAR MIEJSKI,Droga powiatowa,P,Jednokierunkowa,,Obszar zabudowany,"19,7222222222222","52,6669444444444",Jezdnia,Dobre warunki atmosferyczne,Światło dzienne,Zderzenie pojazdów boczne,1,0,1,Lekko,N,,,,,,,,,,,,,,,,,,
EWK-98454427Q,2014,2014-10-10,6,POWIAT PŁOCK,PŁOCK - OBSZAR MIEJSKI,Droga powiatowa,P,Jednokierunkowa,,Obszar zabudowany,"19,7222222222222","52,6669444444444",Jezdnia,Dobre warunki atmosferyczne,Światło dzienne,Zderzenie pojazdów boczne,1,0,0,Nieokreślone (puste pole),N,,,,,,,,,,,,,,,,,,
EWK-98454952N,2014,2014-10-10,7,POWIAT RADOMSKI,JEDLNIA-LETNISKO - OBSZAR WIEJSKI,Droga powiatowa,34429W,Dwie jezdnie jednokierunkowe,,Obszar zabudowany,"21,4061111111111","51,4408333333333",Jezdnia,Dobre warunki atmosferyczne,Światło dzienne,Zderzenie pojazdów boczne,1,0,1,Lekko,N,,,,,,,,,,,,,,,,,,
EWK-98454952N,2014,2014-10-10,7,POWIAT RADOMSKI,JEDLNIA-LETNISKO - OBSZAR WIEJSKI,Droga powiatowa,34429W,Dwie jezdnie jednokierunkowe,,Obszar zabudowany,"21,4061111111111","51,4408333333333",Jezdnia,Dobre warunki atmosferyczne,Światło dzienne,Zderzenie pojazdów boczne,1,0,0,Nieokreślone (puste pole),N,,,,,,,,,,,,,,,,,,
EWK-98479279Q,2014,2014-10-10,11,POWIAT ŻYRARDOWSKI,MSZCZONÓW - OBSZAR MIEJSKI,Droga gminna,GMINNA,Jednojezdniowa dwukierunkowa,,Obszar zabudowany,"20,6311111111111","52,0277777777778",Jezdnia,Dobre warunki atmosferyczne,Światło dzienne,Zderzenie pojazdów boczne,1,0,1,Lekko,N,,,,,,,,,,,,,,,,,,
EWK-98479279Q,2014,2014-10-10,11,POWIAT ŻYRARDOWSKI,MSZCZONÓW - OBSZAR MIEJSKI,Droga gminna,GMINNA,Jednojezdniowa dwukierunkowa,,Obszar zabudowany,"20,6311111111111","52,0277777777778",Jezdnia,Dobre warunki atmosferyczne,Światło dzienne,Zderzenie pojazdów boczne,1,0,0,Nieokreślone (puste pole),N,,,,,,,,,,,,,,,,,,
EWK-98456439H,2014,2014-10-10,14,POWIAT PŁOŃSKI,NARUSZEWO - OBSZAR WIEJSKI,Droga krajowa,50,Jednojezdniowa dwukierunkowa,Odcinek prosty,Obszar niezabudowany,"20,4494444444444","52,5811111111111",Jezdnia,Dobre warunki atmosferyczne,Światło dzienne,Zderzenie pojazdów czołowe,1,0,2,Ciężko,N,,,,,,,,,,,,,,,,,,
EWK-98456439H,2014,2014-10-10,14,POWIAT PŁOŃSKI,NARUSZEWO - OBSZAR WIEJSKI,Droga krajowa,50,Jednojezdniowa dwukierunkowa,Odcinek prosty,Obszar niezabudowany,"20,4494444444444","52,5811111111111",Jezdnia,Dobre warunki atmosferyczne,Światło dzienne,Zderzenie pojazdów czołowe,1,1,0,Nieokreślone (puste pole),N,,,,,,,,,,,,,,,,,,
EWK-98481484J,2014,2014-10-10,15,POWIAT WYSZKOWSKI,SOMIANKA - OBSZAR WIEJSKI,Droga powiatowa,P4410W,Jednojezdniowa dwukierunkowa,Odcinek prosty,Obszar zabudowany,"21,2944444444444","52,5955555555556",Jezdnia,Dobre warunki atmosferyczne,Światło dzienne,Zderzenie pojazdów czołowe,1,0,1,Ciężko,N,,,,,,,,,,,,,,,,,,
EWK-98481484J,2014,2014-10-10,15,POWIAT WYSZKOWSKI,SOMIANKA - OBSZAR WIEJSKI,Droga powiatowa,P4410W,Jednojezdniowa dwukierunkowa,Odcinek prosty,Obszar zabudowany,"21,2944444444444","52,5955555555556",Jezdnia,Dobre warunki atmosferyczne,Światło dzienne,Zderzenie pojazdów czołowe,1,0,0,Nieokreślone (puste pole),N,,,,,,,,,,,,,,,,,,
EWK-98464399P,2014,2014-10-10,4,POWIAT ŁOSICKI,STARA KORNICA - OBSZAR WIEJSKI,Droga powiatowa,02120W,Jednojezdniowa dwukierunkowa,"Zakręt, łuk",Obszar niezabudowany,"23,115","52,2861111111111",Pobocze,"Mgła, dym",Noc - droga nieoświetlona,Najechanie na drzewo,1,0,1,Lekko,N,,,,,,,,,,,,,,,,,,
EWK-98464399P,2014,2014-10-10,4,POWIAT ŁOSICKI,STARA KORNICA - OBSZAR WIEJSKI,Droga powiatowa,02120W,Jednojezdniowa dwukierunkowa,"Zakręt, łuk",Obszar niezabudowany,"23,115","52,2861111111111",Pobocze,"Mgła, dym",Noc - droga nieoświetlona,Najechanie na drzewo,1,0,0,Nieokreślone (puste pole),N,,,,,,,,,,,,,,,,,,
EWK-98630911N,2014,2014-10-10,15,POWIAT GARWOLIŃSKI,GARWOLIN - OBSZAR WIEJSKI,Droga powiatowa,31320W,Jednojezdniowa dwukierunkowa,,Obszar niezabudowany,"21,6252777777778","51,9675",Jezdnia,Oślepiające słońce,Światło dzienne,Zderzenie pojazdów boczne,1,0,1,Ciężko,N,,,,,,,,,,,,,,,,,,
EWK-98630911N,2014,2014-10-10,15,POWIAT GARWOLIŃSKI,GARWOLIN - OBSZAR WIEJSKI,Droga powiatowa,31320W,Jednojezdniowa dwukierunkowa,,Obszar niezabudowany,"21,6252777777778","51,9675",Jezdnia,Oślepiające słońce,Światło dzienne,Zderzenie pojazdów boczne,1,0,0,Nieokreślone (puste pole),N,,,,,,,,,,,,,,,,,,
EWK-98455018U,2014,2014-10-11,16,POWIAT RADOM,RADOM - OBSZAR MIEJSKI,Droga powiatowa,P5303W,Jednojezdniowa dwukierunkowa,Odcinek prosty,Obszar zabudowany,"21,1516666666667","51,5161111111111",Jezdnia,Dobre warunki atmosferyczne,Światło dzienne,Inne,1,0,1,Lekko,N,,,,,,,,,,,,,,,,,,
EWK-98455018U,2014,2014-10-11,16,POWIAT RADOM,RADOM - OBSZAR MIEJSKI,Droga powiatowa,P5303W,Jednojezdniowa dwukierunkowa,Odcinek prosty,Obszar zabudowany,"21,1516666666667","51,5161111111111",Jezdnia,Dobre warunki atmosferyczne,Światło dzienne,Inne,1,0,0,Nieokreślone (puste pole),N,,,,,,,,,,,,,,,,,,
EWK-98456505P,2014,2014-10-11,18,POWIAT SIERPECKI,SIERPC - OBSZAR WIEJSKI,Droga wojewódzka,541,Jednojezdniowa dwukierunkowa,"Zakręt, łuk",Obszar niezabudowany,"19,72","52,9047222222222",Jezdnia,Dobre warunki atmosferyczne,"Zmrok, świt",Wywrócenie się pojazdu,1,0,1,Ciężko,N,,,,,,,,,,,,,,,,,,
EWK-98456505P,2014,2014-10-11,18,POWIAT SIERPECKI,SIERPC - OBSZAR WIEJSKI,Droga wojewódzka,541,Jednojezdniowa dwukierunkowa,"Zakręt, łuk",Obszar niezabudowany,"19,72","52,9047222222222",Jezdnia,Dobre warunki atmosferyczne,"Zmrok, świt",Wywrócenie się pojazdu,1,0,1,Lekko,N,,,,,,,,,,,,,,,,,,
EWK-98456568X,2014,2014-10-11,12,POWIAT BIAŁOBRZESKI,PROMNA - OBSZAR WIEJSKI,Droga wojewódzka,731,Jednojezdniowa dwukierunkowa,"Zakręt, łuk",Obszar niezabudowany,"21,0369444444444","51,7258333333333",Jezdnia,Dobre warunki atmosferyczne,Światło dzienne,Zderzenie pojazdów tylne,1,0,1,Lekko,N,,,,,,,,,,,,,,,,,,
EWK-98456568X,2014,2014-10-11,12,POWIAT BIAŁOBRZESKI,PROMNA - OBSZAR WIEJSKI,Droga wojewódzka,731,Jednojezdniowa dwukierunkowa,"Zakręt, łuk",Obszar niezabudowany,"21,0369444444444","51,7258333333333",Jezdnia,Dobre warunki atmosferyczne,Światło dzienne,Zderzenie pojazdów tylne,1,0,0,Nieokreślone (puste pole),N,,,,,,,,,,,,,,,,,,
EWK-98458430X,2014,2014-10-11,8,POWIAT RADOMSKI,JEDLIŃSK - OBSZAR WIEJSKI,Droga powiatowa,34418W,Jednojezdniowa dwukierunkowa,Odcinek prosty,Obszar zabudowany,"21,2744444444444","51,6113888888889",Pobocze,"Mgła, dym",Światło dzienne,Najechanie na pieszego,1,0,1,Lekko,N,,,,,,,,,,,,,,,,,,
EWK-98458430X,2014,2014-10-11,8,POWIAT RADOMSKI,JEDLIŃSK - OBSZAR WIEJSKI,Droga powiatowa,34418W,Jednojezdniowa dwukierunkowa,Odcinek prosty,Obszar zabudowany,"21,2744444444444","51,6113888888889",Pobocze,"Mgła, dym",Światło dzienne,Najechanie na pieszego,1,0,0,Nieokreślone (puste pole),N,,,,,,,,,,,,,,,,,,
EWK-98454942R,2014,2014-10-11,20,POWIAT OSTROŁĘCKI,OLSZEWO-BORKI - OBSZAR WIEJSKI,Droga gminna,G250920W,Jednojezdniowa dwukierunkowa,Odcinek prosty,Obszar niezabudowany,"21,6516666666667","53,1327777777778",Jezdnia,Pochmurno,Noc - droga oświetlona,Wywrócenie się pojazdu,1,0,1,Lekko,N,,,,,,,,,,,,,,,,,,
EWK-98455496C,2014,2014-10-12,19,POWIAT WYSZKOWSKI,ZABRODZIE - OBSZAR WIEJSKI,Droga krajowa,8,Ekspresowa,Odcinek prosty,Obszar niezabudowany,"21,4808333333333","52,5497222222222",Jezdnia,Dobre warunki atmosferyczne,Światło dzienne,Najechanie na pieszego,1,1,0,Nieokreślone (puste pole),N,,,,,,,,,,,,,,,,,,
EWK-98457877P,2014,2014-10-12,13,POWIAT PRZASNYSKI,CHORZELE - OBSZAR WIEJSKI,Droga wojewódzka,616,Jednojezdniowa dwukierunkowa,"Zakręt, łuk",Obszar niezabudowany,"21,0072222222222","53,2569444444444",Jezdnia,Dobre warunki atmosferyczne,Światło dzienne,Wywrócenie się pojazdu,1,0,1,Lekko,T,,,,,,,,,,,,,,,,,,
EWK-98457566G,2014,2014-10-12,16,POWIAT RADOMSKI,JEDLNIA-LETNISKO - OBSZAR WIEJSKI,Droga powiatowa,P5312W,Jednojezdniowa dwukierunkowa,,Obszar zabudowany,"21,3713888888889","51,5322222222222",Jezdnia,Dobre warunki atmosferyczne,Światło dzienne,Zderzenie pojazdów boczne,1,0,2,Lekko,T,,,,,,,,,,,,,,,,,,
EWK-98457566G,2014,2014-10-12,16,POWIAT RADOMSKI,JEDLNIA-LETNISKO - OBSZAR WIEJSKI,Droga powiatowa,P5312W,Jednojezdniowa dwukierunkowa,,Obszar zabudowany,"21,3713888888889","51,5322222222222",Jezdnia,Dobre warunki atmosferyczne,Światło dzienne,Zderzenie pojazdów boczne,1,0,0,Nieokreślone (puste pole),T,,,,,,,,,,,,,,,,,,
EWK-98455391W,2014,2014-10-12,19,POWIAT GRÓJECKI,GRÓJEC - OBSZAR MIEJSKI,Droga krajowa,S7,Jednojezdniowa dwukierunkowa,Spadek,Obszar niezabudowany,"20,8583333333333","51,8833333333333",Jezdnia,Dobre warunki atmosferyczne,Noc - droga nieoświetlona,Zderzenie pojazdów tylne,1,0,1,Lekko,N,,,,,,,,,,,,,,,,,,
EWK-98455391W,2014,2014-10-12,19,POWIAT GRÓJECKI,GRÓJEC - OBSZAR MIEJSKI,Droga krajowa,S7,Jednojezdniowa dwukierunkowa,Spadek,Obszar niezabudowany,"20,8583333333333","51,8833333333333",Jezdnia,Dobre warunki atmosferyczne,Noc - droga nieoświetlona,Zderzenie pojazdów tylne,1,0,0,Nieokreślone (puste pole),N,,,,,,,,,,,,,,,,,,
EWK-98458389P,2014,2014-10-12,17,POWIAT RADOMSKI,GÓZD - OBSZAR WIEJSKI,Droga krajowa,12,Jednojezdniowa dwukierunkowa,Odcinek prosty,Obszar zabudowany,"21,2947222222222","51,4808333333333",Jezdnia,Dobre warunki atmosferyczne,Światło dzienne,Zderzenie pojazdów tylne,1,0,3,Lekko,N,,,,,,,,,,,,,,,,,,
EWK-98458268F,2014,2014-10-12,7,POWIAT ŁOSICKI,OLSZANKA - OBSZAR WIEJSKI,Droga powiatowa,02308W,Jednojezdniowa dwukierunkowa,Odcinek prosty,Obszar niezabudowany,"22,7391666666667","52,155",Jezdnia,"Mgła, dym",Światło dzienne,Inne,1,0,1,Ciężko,N,,,,,,,,,,,,,,,,,,
EWK-98453148X,2014,2014-10-12,4,POWIAT SOCHACZEWSKI,SOCHACZEW - OBSZAR MIEJSKI,Droga wojewódzka,705,Jednojezdniowa dwukierunkowa,"Zakręt, łuk",Obszar zabudowany,"20,3333333333333","52,2152777777778",Jezdnia,"Mgła, dym",Noc - droga oświetlona,Najechanie na pieszego,1,1,0,Nieokreślone (puste pole),N,,,,,,,,,,,,,,,,,,
EWK-98456472P,2014,2014-10-12,20,POWIAT PŁOŃSKI,PŁOŃSK - OBSZAR WIEJSKI,Droga krajowa,50,Jednojezdniowa dwukierunkowa,Odcinek prosty,Obszar niezabudowany,"20,4686111111111","52,6516666666667",Jezdnia,Pochmurno,Noc - droga nieoświetlona,Najechanie na pieszego,1,1,0,Nieokreślone (puste pole),N,,,,,,,,,,,,,,,,,,
EWK-98454886X,2014,2014-10-13,15,POWIAT RADOMSKI,IŁŻA - OBSZAR WIEJSKI,Droga powiatowa,P3544W,Jednojezdniowa dwukierunkowa,Odcinek prosty,Obszar zabudowany,"21,4236111111111","51,3058333333333",Jezdnia,Dobre warunki atmosferyczne,Światło dzienne,Najechanie na pieszego,1,1,0,Nieokreślone (puste pole),N,,,,,,,,,,,,,,,,,,
EWK-98457550W,2014,2014-10-13,15,POWIAT RADOM,RADOM - OBSZAR MIEJSKI,Droga gminna,G530034W,Jednojezdniowa dwukierunkowa,Odcinek prosty,Obszar zabudowany,"21,2238888888889","51,3972222222222",Jezdnia,Dobre warunki atmosferyczne,Światło dzienne,Najechanie na pieszego,1,0,1,Lekko,N,,,,,,,,,,,,,,,,,,
EWK-98457550W,2014,2014-10-13,15,POWIAT RADOM,RADOM - OBSZAR MIEJSKI,Droga gminna,G530034W,Jednojezdniowa dwukierunkowa,Odcinek prosty,Obszar zabudowany,"21,2238888888889","51,3972222222222",Jezdnia,Dobre warunki atmosferyczne,Światło dzienne,Najechanie na pieszego,1,0,0,Nieokreślone (puste pole),N,,,,,,,,,,,,,,,,,,
EWK-98460596G,2014,2014-10-14,12,POWIAT RADOM,RADOM - OBSZAR MIEJSKI,Droga powiatowa,P5331W,Jednojezdniowa dwukierunkowa,Odcinek prosty,Obszar zabudowany,"21,3","51,4305555555556",Jezdnia,Dobre warunki atmosferyczne,Światło dzienne,Zderzenie pojazdów tylne,1,0,1,Lekko,N,,,,,,,,,,,,,,,,,,
EWK-98460596G,2014,2014-10-14,12,POWIAT RADOM,RADOM - OBSZAR MIEJSKI,Droga powiatowa,P5331W,Jednojezdniowa dwukierunkowa,Odcinek prosty,Obszar zabudowany,"21,3","51,4305555555556",Jezdnia,Dobre warunki atmosferyczne,Światło dzienne,Zderzenie pojazdów tylne,1,0,0,Nieokreślone (puste pole),N,,,,,,,,,,,,,,,,,,
EWK-98462311Y,2014,2014-10-14,7,N,POWIAT KOZIENICKI, Spadek,P3515W,Droga powiatowa,Odcinek prosty,Obszar niezabudowany,"21,3180555555556","51,6252777777778",Jezdnia,Dobre warunki atmosferyczne,Światło dzienne,Zderzenie pojazdów tylne,1,0,1,Ciężko,Jednojezdniowa dwukierunkowa,,,,,,,,,,,,,,,,,,GŁOWACZÓW - OBSZAR WIEJSKI
EWK-98462311Y,2014,2014-10-14,7,N,POWIAT KOZIENICKI, Spadek,P3515W,Droga powiatowa,Odcinek prosty,Obszar niezabudowany,"21,3180555555556","51,6252777777778",Jezdnia,Dobre warunki atmosferyczne,Światło dzienne,Zderzenie pojazdów tylne,1,0,0,Nieokreślone (puste pole),Jednojezdniowa dwukierunkowa,,,,,,,,,,,,,,,,,,GŁOWACZÓW - OBSZAR WIEJSKI
EWK-98464487K,2014,2014-10-15,11,POWIAT PŁOCK,PŁOCK - OBSZAR MIEJSKI,Droga powiatowa,P,Jednojezdniowa dwukierunkowa,Odcinek prosty,Obszar zabudowany,"19,8319444444444","52,5786111111111",Jezdnia,Dobre warunki atmosferyczne,Światło dzienne,Najechanie na pieszego,1,0,1,Lekko,T,,,,,,,,,,,,,,,,,,
EWK-98464487K,2014,2014-10-15,11,POWIAT PŁOCK,PŁOCK - OBSZAR MIEJSKI,Droga powiatowa,P,Jednojezdniowa dwukierunkowa,Odcinek prosty,Obszar zabudowany,"19,8319444444444","52,5786111111111",Jezdnia,Dobre warunki atmosferyczne,Światło dzienne,Najechanie na pieszego,1,0,0,Nieokreślone (puste pole),T,,,,,,,,,,,,,,,,,,
EWK-98627454J,2014,2014-10-15,18,POWIAT OSTROŁĘCKI,GOWOROWO - OBSZAR WIEJSKI,Droga powiatowa,4403W,Jednojezdniowa dwukierunkowa,Odcinek prosty,Obszar zabudowany,"21,5672222222222","52,9533333333333",Jezdnia,Dobre warunki atmosferyczne,Noc - droga nieoświetlona,Najechanie na zwierzę,1,0,1,Lekko,N,,,,,,,,,,,,,,,,,,
EWK-98464505M,2014,2014-10-15,16,POWIAT PŁOCKI,RADZANOWO - OBSZAR WIEJSKI,Droga powiatowa,P2939W,Jednojezdniowa dwukierunkowa,Odcinek prosty,Obszar niezabudowany,"19,8547222222222","52,6144444444445",Jezdnia,Dobre warunki atmosferyczne,Światło dzienne,Najechanie na zwierzę,1,0,1,Lekko,N,,,,,,,,,,,,,,,,,,