IDKSIP,year,date,hour,district,district_commune,road_category,road_number,type_of_road,road_geometry,area,Longitude,Latitude,char_place_of_the_event,weather_conditions,lighting,type_of_accident,num_of_accidents,num_of_fatalities,num_of_injured,type_of_injury,is_offender_intoxicated,,,,,,,,,,,,,,,,,,
EWK-98476257H,2014,2014-10-15,15,POWIAT GOSTYNIŃSKI,GOSTYNIN - OBSZAR WIEJSKI,Droga krajowa,S60G,Jednojezdniowa dwukierunkowa,Odcinek prosty,Obszar zabudowany,"19,6266666666667","52,4427777777778","Skarpa, rów",Dobre warunki atmosferyczne,Światło dzienne,Wywrócenie się pojazdu,1,0,1,Ciężko,T,,,,,,,,,,,,,,,,,,
EWK-98478271D,2014,2014-10-15,11,POWIAT KOZIENICKI,KOZIENICE - OBSZAR MIEJSKI,Droga powiatowa,P1726W,Jednojezdniowa dwukierunkowa,"Zakręt, łuk",Obszar niezabudowany,"21,6077777777778","51,6747222222222","Skarpa, rów",Dobre warunki atmosferyczne,Światło dzienne,Wywrócenie się pojazdu,1,0,1,Ciężko,T,,,,,,,,,,,,,,,,,,
EWK-98629401X,2014,2014-10-15,8,POWIAT GARWOLIŃSKI,GÓRZNO - OBSZAR WIEJSKI,Droga powiatowa,31330W,Jednojezdniowa dwukierunkowa,Odcinek prosty,Obszar zabudowany,"21,8211111111111","51,9794444444444",Jezdnia,Dobre warunki atmosferyczne,Światło dzienne,Zderzenie pojazdów czołowe,1,0,1,Lekko,N,,,,,,,,,,,,,,,,,,
EWK-98629401X,2014,2014-10-15,8,POWIAT GARWOLIŃSKI,GÓRZNO - OBSZAR WIEJSKI,Droga powiatowa,31330W,Jednojezdniowa dwukierunkowa,Odcinek prosty,Obszar zabudowany,"21,8211111111111","51,9794444444444",Jezdnia,Dobre warunki atmosferyczne,Światło dzienne,Zderzenie pojazdów czołowe,1,0,0,Nieokreślone (puste pole),N,,,,,,,,,,,,,,,,,,
EWK-98629400F,2014,2014-10-15,8,POWIAT GARWOLIŃSKI,PILAWA - OBSZAR WIEJSKI,Droga krajowa,17,Jednojezdniowa dwukierunkowa,Odcinek prosty,Obszar zabudowany,"21,625","52,0063888888889",Jezdnia,Dobre warunki atmosferyczne,Światło dzienne,Zderzenie pojazdów tylne,1,0,1,Lekko,N,,,,,,,,,,,,,,,,,,
EWK-98629400F,2014,2014-10-15,8,POWIAT GARWOLIŃSKI,PILAWA - OBSZAR WIEJSKI,Droga krajowa,17,Jednojezdniowa dwukierunkowa,Odcinek prosty,Obszar zabudowany,"21,625","52,0063888888889",Jezdnia,Dobre warunki atmosferyczne,Światło dzienne,Zderzenie pojazdów tylne,1,0,0,Nieokreślone (puste pole),N,,,,,,,,,,,,,,,,,,
EWK-98477246L,2014,2014-10-16,10,POWIAT RADOMSKI,PRZYTYK - OBSZAR WIEJSKI,Droga powiatowa,34364W,Jednojezdniowa dwukierunkowa,Odcinek prosty,Obszar niezabudowany,"20,8727777777778","51,455",Jezdnia,Dobre warunki atmosferyczne,Światło dzienne,Inne,1,0,1,Ciężko,N,,,,,,,,,,,,,,,,,,
EWK-98477246L,2014,2014-10-16,10,POWIAT RADOMSKI,PRZYTYK - OBSZAR WIEJSKI,Droga powiatowa,34364W,Jednojezdniowa dwukierunkowa,Odcinek prosty,Obszar niezabudowany,"20,8727777777778","51,455",Jezdnia,Dobre warunki atmosferyczne,Światło dzienne,Inne,1,0,0,Nieokreślone (puste pole),N,,,,,,,,,,,,,,,,,,
EWK-98461867M,2014,2014-10-16,8,POWIAT PRZASNYSKI,PRZASNYSZ - OBSZAR MIEJSKI,Droga gminna,GMINNA,Jednojezdniowa dwukierunkowa,,Obszar zabudowany,"20,9380555555556","53,0891666666667",Jezdnia,Dobre warunki atmosferyczne,Światło dzienne,Najechanie na pieszego,1,0,1,Lekko,N,,,,,,,,,,,,,,,,,,
EWK-98461867M,2014,2014-10-16,8,POWIAT PRZASNYSKI,PRZASNYSZ - OBSZAR MIEJSKI,Droga gminna,GMINNA,Jednojezdniowa dwukierunkowa,,Obszar zabudowany,"20,9380555555556","53,0891666666667",Jezdnia,Dobre warunki atmosferyczne,Światło dzienne,Najechanie na pieszego,1,0,0,Nieokreślone (puste pole),N,,,,,,,,,,,,,,,,,,
EWK-98476332M,2014,2014-10-16,14,POWIAT ZWOLEŃSKI,TCZÓW - OBSZAR WIEJSKI,Droga gminna,GMINNA,Jednojezdniowa dwukierunkowa,Odcinek prosty,Obszar zabudowany,"21,4702777777778","51,3188888888889",Jezdnia,Dobre warunki atmosferyczne,Światło dzienne,Najechanie na pieszego,1,0,1,Lekko,N,,,,,,,,,,,,,,,,,,
EWK-98476332M,2014,2014-10-16,14,POWIAT ZWOLEŃSKI,TCZÓW - OBSZAR WIEJSKI,Droga gminna,GMINNA,Jednojezdniowa dwukierunkowa,Odcinek prosty,Obszar zabudowany,"21,4702777777778","51,3188888888889",Jezdnia,Dobre warunki atmosferyczne,Światło dzienne,Najechanie na pieszego,1,0,0,Nieokreślone (puste pole),N,,,,,,,,,,,,,,,,,,
EWK-98477289K,2014,2014-10-16,6,POWIAT RADOM,RADOM - OBSZAR MIEJSKI,Droga krajowa,9,Jednojezdniowa dwukierunkowa,,Obszar zabudowany,"21,3483333333333","51,4894444444444",Droga dla rowerzystów,Dobre warunki atmosferyczne,"Zmrok, świt",Zderzenie pojazdów boczne,1,0,1,Lekko,N,,,,,,,,,,,,,,,,,,
EWK-98477289K,2014,2014-10-16,6,POWIAT RADOM,RADOM - OBSZAR MIEJSKI,Droga krajowa,9,Jednojezdniowa dwukierunkowa,,Obszar zabudowany,"21,3483333333333","51,4894444444444",Droga dla rowerzystów,Dobre warunki atmosferyczne,"Zmrok, świt",Zderzenie pojazdów boczne,1,0,0,Nieokreślone (puste pole),N,,,,,,,,,,,,,,,,,,
EWK-98474270M,2014,2014-10-16,15,POWIAT PRZYSUSKI,WIENIAWA - OBSZAR WIEJSKI,Droga gminna,GMINNA,Jednojezdniowa dwukierunkowa,"Zakręt, łuk",Obszar zabudowany,"20,8783333333333","51,3705555555556",Jezdnia,Dobre warunki atmosferyczne,Światło dzienne,Zderzenie pojazdów boczne,1,0,1,Lekko,T,,,,,,,,,,,,,,,,,,
EWK-98474270M,2014,2014-10-16,15,POWIAT PRZYSUSKI,WIENIAWA - OBSZAR WIEJSKI,Droga gminna,GMINNA,Jednojezdniowa dwukierunkowa,"Zakręt, łuk",Obszar zabudowany,"20,8783333333333","51,3705555555556",Jezdnia,Dobre warunki atmosferyczne,Światło dzienne,Zderzenie pojazdów boczne,1,0,0,Nieokreślone (puste pole),T,,,,,,,,,,,,,,,,,,
EWK-98509329J,2014,2014-10-16,18,POWIAT WYSZKOWSKI,WYSZKÓW - OBSZAR WIEJSKI,Droga krajowa,S8W,Ekspresowa,Odcinek prosty,Obszar niezabudowany,"21,5383333333333","52,5741666666667",Jezdnia,Dobre warunki atmosferyczne,Noc - droga nieoświetlona,Zderzenie pojazdów tylne,1,0,1,Ciężko,N,,,,,,,,,,,,,,,,,,
EWK-98509329J,2014,2014-10-16,18,POWIAT WYSZKOWSKI,WYSZKÓW - OBSZAR WIEJSKI,Droga krajowa,S8W,Ekspresowa,Odcinek prosty,Obszar niezabudowany,"21,5383333333333","52,5741666666667",Jezdnia,Dobre warunki atmosferyczne,Noc - droga nieoświetlona,Zderzenie pojazdów tylne,1,0,0,Nieokreślone (puste pole),N,,,,,,,,,,,,,,,,,,
EWK-98476371W,2014,2014-10-16,18,POWIAT RADOMSKI,IŁŻA - OBSZAR WIEJSKI,Droga powiatowa,P3550W,Jednojezdniowa dwukierunkowa,Odcinek prosty,Obszar zabudowany,"21,2930555555556","51,1455555555556",Jezdnia,Opady deszczu,Noc - droga nieoświetlona,Najechanie na pieszego,1,0,1,Ciężko,N,,,,,,,,,,,,,,,,,,
EWK-98476371W,2014,2014-10-16,18,POWIAT RADOMSKI,IŁŻA - OBSZAR WIEJSKI,Droga powiatowa,P3550W,Jednojezdniowa dwukierunkowa,Odcinek prosty,Obszar zabudowany,"21,2930555555556","51,1455555555556",Jezdnia,Opady deszczu,Noc - droga nieoświetlona,Najechanie na pieszego,1,0,0,Nieokreślone (puste pole),N,,,,,,,,,,,,,,,,,,
EWK-98478255J,2014,2014-10-16,18,POWIAT RADOM,RADOM - OBSZAR MIEJSKI,Droga wojewódzka,740,Jednojezdniowa dwukierunkowa,Odcinek prosty,Obszar zabudowany,"21,1869444444444","51,4863888888889",Jezdnia,Opady deszczu,Noc - droga oświetlona,Najechanie na pieszego,1,0,1,Lekko,N,,,,,,,,,,,,,,,,,,
EWK-98478255J,2014,2014-10-16,18,POWIAT RADOM,RADOM - OBSZAR MIEJSKI,Droga wojewódzka,740,Jednojezdniowa dwukierunkowa,Odcinek prosty,Obszar zabudowany,"21,1869444444444","51,4863888888889",Jezdnia,Opady deszczu,Noc - droga oświetlona,Najechanie na pieszego,1,0,0,Nieokreślone (puste pole),N,,,,,,,,,,,,,,,,,,
EWK-98477260F,2014,2014-10-16,18,POWIAT RADOM,RADOM - OBSZAR MIEJSKI,Droga krajowa,7,Jednojezdniowa dwukierunkowa,Odcinek prosty,Obszar zabudowany,"21,2061111111111","51,4725",Przejście dla pieszych,Opady deszczu,Noc - droga oświetlona,Najechanie na pieszego,1,0,1,Ciężko,N,,,,,,,,,,,,,,,,,,
EWK-98477260F,2014,2014-10-16,18,POWIAT RADOM,RADOM - OBSZAR MIEJSKI,Droga krajowa,7,Jednojezdniowa dwukierunkowa,Odcinek prosty,Obszar zabudowany,"21,2061111111111","51,4725",Przejście dla pieszych,Opady deszczu,Noc - droga oświetlona,Najechanie na pieszego,1,0,0,Nieokreślone (puste pole),N,,,,,,,,,,,,,,,,,,
EWK-98477277G,2014,2014-10-16,20,POWIAT RADOM,RADOM - OBSZAR MIEJSKI,Droga powiatowa,P5301W,Jednojezdniowa dwukierunkowa,Odcinek prosty,Obszar zabudowany,"21,2355555555556","51,4963888888889",Przejście dla pieszych,Opady deszczu,Noc - droga oświetlona,Najechanie na pieszego,1,0,1,Lekko,N,,,,,,,,,,,,,,,,,,
EWK-98477277G,2014,2014-10-16,20,POWIAT RADOM,RADOM - OBSZAR MIEJSKI,Droga powiatowa,P5301W,Jednojezdniowa dwukierunkowa,Odcinek prosty,Obszar zabudowany,"21,2355555555556","51,4963888888889",Przejście dla pieszych,Opady deszczu,Noc - droga oświetlona,Najechanie na pieszego,1,0,0,Nieokreślone (puste pole),N,,,,,,,,,,,,,,,,,,
EWK-98465160T,2014,2014-10-16,9,POWIAT SIERPECKI,GOZDOWO - OBSZAR WIEJSKI,Droga powiatowa,P3735W,Jednojezdniowa dwukierunkowa,Odcinek prosty,Obszar zabudowany,"19,6780555555556","52,8158333333333",Jezdnia,Pochmurno,Światło dzienne,Inne,1,0,1,Ciężko,N,,,,,,,,,,,,,,,,,,
EWK-98465160T,2014,2014-10-16,9,POWIAT SIERPECKI,GOZDOWO - OBSZAR WIEJSKI,Droga powiatowa,P3735W,Jednojezdniowa dwukierunkowa,Odcinek prosty,Obszar zabudowany,"19,6780555555556","52,8158333333333",Jezdnia,Pochmurno,Światło dzienne,Inne,1,0,1,Lekko,N,,,,,,,,,,,,,,,,,,
EWK-98465160T,2014,2014-10-16,9,POWIAT SIERPECKI,GOZDOWO - OBSZAR WIEJSKI,Droga powiatowa,P3735W,Jednojezdniowa dwukierunkowa,Odcinek prosty,Obszar zabudowany,"19,6780555555556","52,8158333333333",Jezdnia,Pochmurno,Światło dzienne,Inne,1,0,0,Nieokreślone (puste pole),N,,,,,,,,,,,,,,,,,,
EWK-98474294K,2014,2014-10-16,19,POWIAT WĘGROWSKI,ŁOCHÓW - OBSZAR MIEJSKI,Droga powiatowa,P,Jednojezdniowa dwukierunkowa,Odcinek prosty,Obszar zabudowany,"21,7944444444444","52,5461111111111",Jezdnia,Pochmurno,Noc - droga oświetlona,Najechanie na pieszego,1,0,1,Lekko,T,,,,,,,,,,,,,,,,,,
EWK-98474294K,2014,2014-10-16,19,POWIAT WĘGROWSKI,ŁOCHÓW - OBSZAR MIEJSKI,Droga powiatowa,P,Jednojezdniowa dwukierunkowa,Odcinek prosty,Obszar zabudowany,"21,7944444444444","52,5461111111111",Jezdnia,Pochmurno,Noc - droga oświetlona,Najechanie na pieszego,1,0,0,Nieokreślone (puste pole),T,,,,,,,,,,,,,,,,,,
EWK-98478261K,2014,2014-10-16,19,POWIAT RADOM,RADOM - OBSZAR MIEJSKI,Droga powiatowa,P5306W,Jednojezdniowa dwukierunkowa,Odcinek prosty,Obszar zabudowany,"21,2936111111111","51,4797222222222",Jezdnia,Pochmurno,Noc - droga oświetlona,Najechanie na pieszego,1,0,1,Lekko,N,,,,,,,,,,,,,,,,,,
EWK-98478261K,2014,2014-10-16,19,POWIAT RADOM,RADOM - OBSZAR MIEJSKI,Droga powiatowa,P5306W,Jednojezdniowa dwukierunkowa,Odcinek prosty,Obszar zabudowany,"21,2936111111111","51,4797222222222",Jezdnia,Pochmurno,Noc - droga oświetlona,Najechanie na pieszego,1,0,0,Nieokreślone (puste pole),N,,,,,,,,,,,,,,,,,,
EWK-98477269X,2014,2014-10-16,18,POWIAT RADOMSKI,GÓZD - OBSZAR WIEJSKI,Droga krajowa,12,Jednojezdniowa dwukierunkowa,Odcinek prosty,Obszar niezabudowany,"21,4833333333333","51,5186111111111",Jezdnia,Pochmurno,Noc - droga nieoświetlona,"Najechanie na słup, znak",1,0,1,Ciężko,N,,,,,,,,,,,,,,,,,,
EWK-98477269X,2014,2014-10-16,18,POWIAT RADOMSKI,GÓZD - OBSZAR WIEJSKI,Droga krajowa,12,Jednojezdniowa dwukierunkowa,Odcinek prosty,Obszar niezabudowany,"21,4833333333333","51,5186111111111",Jezdnia,Pochmurno,Noc - droga nieoświetlona,"Najechanie na słup, znak",1,0,0,Nieokreślone (puste pole),N,,,,,,,,,,,,,,,,,,
EWK-98464918F,2014,2014-10-16,12,POWIAT SOCHACZEWSKI,SOCHACZEW - OBSZAR WIEJSKI,Droga powiatowa,3815W,Jednojezdniowa dwukierunkowa,Odcinek prosty,Obszar zabudowany,"20,2816666666667","52,3244444444445",Jezdnia,Pochmurno,Światło dzienne,Zderzenie pojazdów boczne,1,0,1,Lekko,N,,,,,,,,,,,,,,,,,,
EWK-98464918F,2014,2014-10-16,12,POWIAT SOCHACZEWSKI,SOCHACZEW - OBSZAR WIEJSKI,Droga powiatowa,3815W,Jednojezdniowa dwukierunkowa,Odcinek prosty,Obszar zabudowany,"20,2816666666667","52,3244444444445",Jezdnia,Pochmurno,Światło dzienne,Zderzenie pojazdów boczne,1,0,0,Nieokreślone (puste pole),N,,,,,,,,,,,,,,,,,,
EWK-98613644G,2014,2014-10-17,13,POWIAT BIAŁOBRZESKI,STARA BŁOTNICA - OBSZAR WIEJSKI,Droga krajowa,S7,Ekspresowa,Odcinek prosty,Obszar niezabudowany,"21,0608333333333","51,5988888888889",Jezdnia,Dobre warunki atmosferyczne,Światło dzienne,Najechanie na barierę ochronną,1,0,1,Lekko,N,,,,,,,,,,,,,,,,,,
EWK-98483703A,2014,2014-10-17,23,POWIAT OSTROWSKI,WĄSEWO - OBSZAR WIEJSKI,Droga krajowa,60,Jednojezdniowa dwukierunkowa,Odcinek prosty,Obszar niezabudowany,"21,7225","52,8944444444444","Skarpa, rów",Dobre warunki atmosferyczne,Noc - droga nieoświetlona,Wywrócenie się pojazdu,1,1,0,Nieokreślone (puste pole),N,,,,,,,,,,,,,,,,,,
EWK-98483397U,2014,2014-10-17,19,POWIAT PRZASNYSKI,KRZYNOWŁOGA MAŁA - OBSZAR WIEJSKI,Droga gminna,GMINNA,Jednojezdniowa dwukierunkowa,Odcinek prosty,Obszar niezabudowany,"20,9969444444444","53,1427777777778",Jezdnia,Dobre warunki atmosferyczne,Noc - droga oświetlona,Wywrócenie się pojazdu,1,0,1,Lekko,T,,,,,,,,,,,,,,,,,,
EWK-98483397U,2014,2014-10-17,19,POWIAT PRZASNYSKI,KRZYNOWŁOGA MAŁA - OBSZAR WIEJSKI,Droga gminna,GMINNA,Jednojezdniowa dwukierunkowa,Odcinek prosty,Obszar niezabudowany,"20,9969444444444","53,1427777777778",Jezdnia,Dobre warunki atmosferyczne,Noc - droga oświetlona,Wywrócenie się pojazdu,1,1,0,Nieokreślone (puste pole),T,,,,,,,,,,,,,,,,,,
EWK-98624673A,2014,2014-10-17,19,POWIAT OSTROŁĘKA,OSTROŁĘKA - OBSZAR MIEJSKI,Droga powiatowa,4403W,Jednojezdniowa dwukierunkowa,Odcinek prosty,Obszar zabudowany,"21,6794444444444","53,0947222222222",Jezdnia,Dobre warunki atmosferyczne,Noc - droga oświetlona,Zderzenie pojazdów czołowe,1,0,1,Lekko,T,,,,,,,,,,,,,,,,,,
EWK-98624673A,2014,2014-10-17,19,POWIAT OSTROŁĘKA,OSTROŁĘKA - OBSZAR MIEJSKI,Droga powiatowa,4403W,Jednojezdniowa dwukierunkowa,Odcinek prosty,Obszar zabudowany,"21,6794444444444","53,0947222222222",Jezdnia,Dobre warunki atmosferyczne,Noc - droga oświetlona,Zderzenie pojazdów czołowe,1,0,0,Nieokreślone (puste pole),T,,,,,,,,,,,,,,,,,,
EWK-98481981Q,2014,2014-10-17,14,POWIAT KOZIENICKI,GŁOWACZÓW - OBSZAR WIEJSKI,Droga krajowa,48,Jednojezdniowa dwukierunkowa,,Obszar zabudowany,"21,3272222222222","51,6811111111111",Jezdnia,Dobre warunki atmosferyczne,Światło dzienne,Zderzenie pojazdów czołowe,1,0,1,Lekko,N,,,,,,,,,,,,,,,,,,
EWK-98481981Q,2014,2014-10-17,14,POWIAT KOZIENICKI,GŁOWACZÓW - OBSZAR WIEJSKI,Droga krajowa,48,Jednojezdniowa dwukierunkowa,,Obszar zabudowany,"21,3272222222222","51,6811111111111",Jezdnia,Dobre warunki atmosferyczne,Światło dzienne,Zderzenie pojazdów czołowe,1,0,0,Nieokreślone (puste pole),N,,,,,,,,,,,,,,,,,,
EWK-98507254G,2014,2014-10-17,8,POWIAT RADOM,RADOM - OBSZAR MIEJSKI,Droga powiatowa,P5321W,Dwie jezdnie jednokierunkowe,Odcinek prosty,Obszar zabudowany,"21,2355555555556","51,4811111111111",Jezdnia,Pochmurno,Światło dzienne,Najechanie na pieszego,1,0,1,Lekko,N,,,,,,,,,,,,,,,,,,
EWK-98507254G,2014,2014-10-17,8,POWIAT RADOM,RADOM - OBSZAR MIEJSKI,Droga powiatowa,P5321W,Dwie jezdnie jednokierunkowe,Odcinek prosty,Obszar zabudowany,"21,2355555555556","51,4811111111111",Jezdnia,Pochmurno,Światło dzienne,Najechanie na pieszego,1,0,0,Nieokreślone (puste pole),N,,,,,,,,,,,,,,,,,,
EWK-98629402Y,2014,2014-10-17,11,POWIAT GARWOLIŃSKI,GARWOLIN - OBSZAR MIEJSKI,Nieokreślone (puste pole),,Jednojezdniowa dwukierunkowa,,Obszar zabudowany,"21,6166666666667","52,0177777777778",Jezdnia,Pochmurno,Światło dzienne,Zderzenie pojazdów boczne,1,0,1,Lekko,N,,,,,,,,,,,,,,,,,,
EWK-98629402Y,2014,2014-10-17,11,POWIAT GARWOLIŃSKI,GARWOLIN - OBSZAR MIEJSKI,Nieokreślone (puste pole),,Jednojezdniowa dwukierunkowa,,Obszar zabudowany,"21,6166666666667","52,0177777777778",Jezdnia,Pochmurno,Światło dzienne,Zderzenie pojazdów boczne,1,0,0,Nieokreślone (puste pole),N,,,,,,,,,,,,,,,,,,
EWK-98613062N,2014,2014-10-18,19,POWIAT SIEDLECKI,SKÓRZEC - OBSZAR WIEJSKI,Droga wojewódzka,803,Jednojezdniowa dwukierunkowa,Odcinek prosty,Obszar zabudowany,"22,3675","52,1905555555556",Jezdnia,Dobre warunki atmosferyczne,Noc - droga oświetlona,Najechanie na pieszego,1,0,1,Ciężko,N,,,,,,,,,,,,,,,,,,
EWK-98613062N,2014,2014-10-18,19,POWIAT SIEDLECKI,SKÓRZEC - OBSZAR WIEJSKI,Droga wojewódzka,803,Jednojezdniowa dwukierunkowa,Odcinek prosty,Obszar zabudowany,"22,3675","52,1905555555556",Jezdnia,Dobre warunki atmosferyczne,Noc - droga oświetlona,Najechanie na pieszego,1,0,0,Nieokreślone (puste pole),N,,,,,,,,,,,,,,,,,,
EWK-98481696C,2014,2014-10-18,18,POWIAT RADOMSKI,JEDLIŃSK - OBSZAR WIEJSKI,Droga powiatowa,34414W,Jednojezdniowa dwukierunkowa,,Obszar zabudowany,"21,2425","51,6747222222222",Jezdnia,Dobre warunki atmosferyczne,Noc - droga oświetlona,Zderzenie pojazdów boczne,1,0,3,Lekko,N,,,,,,,,,,,,,,,,,,
EWK-98481696C,2014,2014-10-18,18,POWIAT RADOMSKI,JEDLIŃSK - OBSZAR WIEJSKI,Droga powiatowa,34414W,Jednojezdniowa dwukierunkowa,,Obszar zabudowany,"21,2425","51,6747222222222",Jezdnia,Dobre warunki atmosferyczne,Noc - droga oświetlona,Zderzenie pojazdów boczne,1,0,0,Nieokreślone (puste pole),N,,,,,,,,,,,,,,,,,,
EWK-98483382H,2014,2014-10-18,5,POWIAT GRÓJECKI,BŁĘDÓW - OBSZAR WIEJSKI,Droga wojewódzka,725,Jednojezdniowa dwukierunkowa,"Zakręt, łuk",Obszar niezabudowany,"20,8483333333333","51,8925",Jezdnia,"Mgła, dym","Zmrok, świt",Inne,1,0,1,Lekko,N,,,,,,,,,,,,,,,,,,
EWK-98483382H,2014,2014-10-18,5,POWIAT GRÓJECKI,BŁĘDÓW - OBSZAR WIEJSKI,Droga wojewódzka,725,Jednojezdniowa dwukierunkowa,"Zakręt, łuk",Obszar niezabudowany,"20,8483333333333","51,8925",Jezdnia,"Mgła, dym","Zmrok, świt",Inne,1,0,0,Nieokreślone (puste pole),N,,,,,,,,,,,,,,,,,,
EWK-98481804N,2014,2014-10-18,4,POWIAT RADOMSKI,JASTRZĘBIA - OBSZAR WIEJSKI,Droga powiatowa,34507W,Jednojezdniowa dwukierunkowa,Odcinek prosty,Obszar niezabudowany,"21,2822222222222","51,5566666666667",Jezdnia,Pochmurno,Noc - droga oświetlona,Inne,1,0,2,Lekko,T,,,,,,,,,,,,,,,,,,
EWK-98481804N,2014,2014-10-18,4,POWIAT RADOMSKI,JASTRZĘBIA - OBSZAR WIEJSKI,Droga powiatowa,34507W,Jednojezdniowa dwukierunkowa,Odcinek prosty,Obszar niezabudowany,"21,2822222222222","51,5566666666667",Jezdnia,Pochmurno,Noc - droga oświetlona,Inne,1,0,0,Nieokreślone (puste pole),T,,,,,,,,,,,,,,,,,,
EWK-98571233N,2014,2014-10-18,21,POWIAT CIECHANOWSKI,GLINOJECK - OBSZAR WIEJSKI,Droga krajowa,7,Jednojezdniowa dwukierunkowa,"Zakręt, łuk",Obszar niezabudowany,"20,2988888888889","52,9416666666667",Jezdnia,Pochmurno,Noc - droga nieoświetlona,Najechanie na pieszego,1,1,0,Nieokreślone (puste pole),N,,,,,,,,,,,,,,,,,,
EWK-98483575X,2014,2014-10-18,0,POWIAT WYSZKOWSKI,WYSZKÓW - OBSZAR WIEJSKI,Nieokreślone (puste pole),G,Jednojezdniowa dwukierunkowa,,Obszar zabudowany,"21,5461111111111","52,5905555555556",Przejazd kolejowy strzeżony,Pochmurno,Noc - droga oświetlona,Zderzenie pojazdów boczne,1,0,1,Ciężko,N,,,,,,,,,,,,,,,,,,
EWK-98483575X,2014,2014-10-18,0,POWIAT WYSZKOWSKI,WYSZKÓW - OBSZAR WIEJSKI,Nieokreślone (puste pole),G,Jednojezdniowa dwukierunkowa,,Obszar zabudowany,"21,5461111111111","52,5905555555556",Przejazd kolejowy strzeżony,Pochmurno,Noc - droga oświetlona,Zderzenie pojazdów boczne,1,0,1,Lekko,N,,,,,,,,,,,,,,,,,,
EWK-98483575X,2014,2014-10-18,0,POWIAT WYSZKOWSKI,WYSZKÓW - OBSZAR WIEJSKI,Nieokreślone (puste pole),G,Jednojezdniowa dwukierunkowa,,Obszar zabudowany,"21,5461111111111","52,5905555555556",Przejazd kolejowy strzeżony,Pochmurno,Noc - droga oświetlona,Zderzenie pojazdów boczne,1,0,0,Nieokreślone (puste pole),N,,,,,,,,,,,,,,,,,,
EWK-98483390F,2014,2014-10-18,16,POWIAT GRÓJECKI,GRÓJEC - OBSZAR WIEJSKI,Droga wojewódzka,722,Jednojezdniowa dwukierunkowa,"Zakręt, łuk",Obszar niezabudowany,"21,0116666666667","51,9886111111111",Jezdnia,Pochmurno,Światło dzienne,Zderzenie pojazdów czołowe,1,0,1,Ciężko,N,,,,,,,,,,,,,,,,,,
EWK-98483390F,2014,2014-10-18,16,POWIAT GRÓJECKI,GRÓJEC - OBSZAR WIEJSKI,Droga wojewódzka,722,Jednojezdniowa dwukierunkowa,"Zakręt, łuk",Obszar niezabudowany,"21,0116666666667","51,9886111111111",Jezdnia,Pochmurno,Światło dzienne,Zderzenie pojazdów czołowe,1,0,0,Nieokreślone (puste pole),N,,,,,,,,,,,,,,,,,,
EWK-98483400Y,2014,2014-10-19,14,POWIAT GRÓJECKI,NOWE MIASTO NAD PILICĄ - OBSZAR WIEJSKI,Droga gminna,GMINNA,Jednojezdniowa dwukierunkowa,Odcinek prosty,Obszar niezabudowany,"20,57","51,7044444444444",Jezdnia,Dobre warunki atmosferyczne,Światło dzienne,Najechanie na drzewo,1,0,1,Lekko,T,,,,,,,,,,,,,,,,,,
EWK-98483400Y,2014,2014-10-19,14,POWIAT GRÓJECKI,NOWE MIASTO NAD PILICĄ - OBSZAR WIEJSKI,Droga gminna,GMINNA,Jednojezdniowa dwukierunkowa,Odcinek prosty,Obszar niezabudowany,"20,57","51,7044444444444",Jezdnia,Dobre warunki atmosferyczne,Światło dzienne,Najechanie na drzewo,1,0,0,Nieokreślone (puste pole),T,,,,,,,,,,,,,,,,,,
EWK-98481720K,2014,2014-10-19,12,POWIAT RADOM,RADOM - OBSZAR MIEJSKI,Droga krajowa,12,Dwie jezdnie jednokierunkowe,,Obszar zabudowany,"21,2727777777778","51,3888888888889",Jezdnia,Dobre warunki atmosferyczne,Światło dzienne,Najechanie na pieszego,1,0,1,Lekko,T,,,,,,,,,,,,,,,,,,
EWK-98481720K,2014,2014-10-19,12,POWIAT RADOM,RADOM - OBSZAR MIEJSKI,Droga krajowa,12,Dwie jezdnie jednokierunkowe,,Obszar zabudowany,"21,2727777777778","51,3888888888889",Jezdnia,Dobre warunki atmosferyczne,Światło dzienne,Najechanie na pieszego,1,0,0,Nieokreślone (puste pole),T,,,,,,,,,,,,,,,,,,
EWK-98630909Y,2014,2014-10-19,18,POWIAT GARWOLIŃSKI,SOBOLEW - OBSZAR WIEJSKI,Droga krajowa,17,Jednojezdniowa dwukierunkowa,,Obszar zabudowany,"21,7597222222222","51,9166666666667",Jezdnia,Dobre warunki atmosferyczne,Noc - droga nieoświetlona,Zderzenie pojazdów boczne,1,0,1,Lekko,N,,,,,,,,,,,,,,,,,,
EWK-98630909Y,2014,2014-10-19,18,POWIAT GARWOLIŃSKI,SOBOLEW - OBSZAR WIEJSKI,Droga krajowa,17,Jednojezdniowa dwukierunkowa,,Obszar zabudowany,"21,7597222222222","51,9166666666667",Jezdnia,Dobre warunki atmosferyczne,Noc - droga nieoświetlona,Zderzenie pojazdów boczne,1,0,0,Nieokreślone (puste pole),N,,,,,,,,,,,,,,,,,,