IDKSIP,year,date,hour,district,district_commune,road_category,road_number,type_of_road,road_geometry,area,Longitude,Latitude,char_place_of_the_event,weather_conditions,lighting,type_of_accident,num_of_accidents,num_of_fatalities,num_of_injured,type_of_injury,is_offender_intoxicated,,,,,,,,,,,,,,,,,,
EWK-98620072F,2014,2014-10-26,22,POWIAT OSTROWSKI,OSTRÓW MAZOWIECKA - OBSZAR WIEJSKI,Droga krajowa,8,Jednojezdniowa dwukierunkowa,Odcinek prosty,Obszar niezabudowany,"21,6952777777778","52,7844444444444",Jezdnia,"Mgła, dym",Noc - droga nieoświetlona,Zderzenie pojazdów czołowe,1,0,1,Ciężko,N,,,,,,,,,,,,,,,,,,
EWK-98620072F,2014,2014-10-26,22,POWIAT OSTROWSKI,OSTRÓW MAZOWIECKA - OBSZAR WIEJSKI,Droga krajowa,8,Jednojezdniowa dwukierunkowa,Odcinek prosty,Obszar niezabudowany,"21,6952777777778","52,7844444444444",Jezdnia,"Mgła, dym",Noc - droga nieoświetlona,Zderzenie pojazdów czołowe,1,3,0,Nieokreślone (puste pole),N,,,,,,,,,,,,,,,,,,
EWK-98622592C,2014,2014-10-27,21,POWIAT MŁAWSKI,STRZEGOWO - OBSZAR WIEJSKI,Droga krajowa,7,Jednojezdniowa dwukierunkowa,Odcinek prosty,Obszar niezabudowany,"20,3755555555556","52,9733333333333",Jezdnia,Dobre warunki atmosferyczne,Noc - droga nieoświetlona,Zderzenie pojazdów czołowe,1,0,1,Ciężko,N,,,,,,,,,,,,,,,,,,
EWK-98622592C,2014,2014-10-27,21,POWIAT MŁAWSKI,STRZEGOWO - OBSZAR WIEJSKI,Droga krajowa,7,Jednojezdniowa dwukierunkowa,Odcinek prosty,Obszar niezabudowany,"20,3755555555556","52,9733333333333",Jezdnia,Dobre warunki atmosferyczne,Noc - droga nieoświetlona,Zderzenie pojazdów czołowe,1,0,0,Nieokreślone (puste pole),N,,,,,,,,,,,,,,,,,,
EWK-98622262G,2014,2014-10-27,0,POWIAT GRÓJECKI,BŁĘDÓW - OBSZAR WIEJSKI,Droga powiatowa,P,Jednojezdniowa dwukierunkowa,Odcinek prosty,Obszar niezabudowany,"20,6377777777778","51,7897222222222",Jezdnia,"Mgła, dym",Noc - droga nieoświetlona,Najechanie na pieszego,1,1,0,Nieokreślone (puste pole),N,,,,,,,,,,,,,,,,,,
EWK-98623216Y,2014,2014-10-27,18,POWIAT LIPSKI,LIPSKO - OBSZAR WIEJSKI,Droga krajowa,79,Jednojezdniowa dwukierunkowa,"Zakręt, łuk",Obszar niezabudowany,"21,6722222222222","51,2555555555556",Jezdnia,"Mgła, dym",Noc - droga nieoświetlona,Najechanie na pieszego,1,0,1,Ciężko,N,,,,,,,,,,,,,,,,,,
EWK-98623216Y,2014,2014-10-27,18,POWIAT LIPSKI,LIPSKO - OBSZAR WIEJSKI,Droga krajowa,79,Jednojezdniowa dwukierunkowa,"Zakręt, łuk",Obszar niezabudowany,"21,6722222222222","51,2555555555556",Jezdnia,"Mgła, dym",Noc - droga nieoświetlona,Najechanie na pieszego,1,0,0,Nieokreślone (puste pole),N,,,,,,,,,,,,,,,,,,
EWK-98630910T,2014,2014-10-27,13,POWIAT GARWOLIŃSKI,SOBOLEW - OBSZAR WIEJSKI,Droga wojewódzka,807,Jednojezdniowa dwukierunkowa,"Zakręt, łuk",Obszar niezabudowany,"21,7916666666667","51,8102777777778",Jezdnia,Oślepiające słońce,Światło dzienne,Zderzenie pojazdów tylne,1,0,1,Lekko,N,,,,,,,,,,,,,,,,,,
EWK-98630910T,2014,2014-10-27,13,POWIAT GARWOLIŃSKI,SOBOLEW - OBSZAR WIEJSKI,Droga wojewódzka,807,Jednojezdniowa dwukierunkowa,"Zakręt, łuk",Obszar niezabudowany,"21,7916666666667","51,8102777777778",Jezdnia,Oślepiające słońce,Światło dzienne,Zderzenie pojazdów tylne,1,0,0,Nieokreślone (puste pole),N,,,,,,,,,,,,,,,,,,
EWK-98624023A,2014,2014-10-28,15,POWIAT PŁOCK,PŁOCK - OBSZAR MIEJSKI,Droga powiatowa,P,Jednojezdniowa dwukierunkowa,,Obszar zabudowany,"19,7966666666667","52,5725",Przejście dla pieszych,Dobre warunki atmosferyczne,Światło dzienne,Najechanie na pieszego,1,0,1,Lekko,N,,,,,,,,,,,,,,,,,,
EWK-98624023A,2014,2014-10-28,15,POWIAT PŁOCK,PŁOCK - OBSZAR MIEJSKI,Droga powiatowa,P,Jednojezdniowa dwukierunkowa,,Obszar zabudowany,"19,7966666666667","52,5725",Przejście dla pieszych,Dobre warunki atmosferyczne,Światło dzienne,Najechanie na pieszego,1,0,0,Nieokreślone (puste pole),N,,,,,,,,,,,,,,,,,,
EWK-98622185A,2014,2014-10-28,15,POWIAT GOSTYNIŃSKI,GOSTYNIN - OBSZAR MIEJSKI,Droga gminna,G140192W,Jednojezdniowa dwukierunkowa,,Obszar zabudowany,"19,5819444444444","52,4352777777778",Jezdnia,Dobre warunki atmosferyczne,Światło dzienne,Zderzenie pojazdów boczne,1,0,1,Ciężko,N,,,,,,,,,,,,,,,,,,
EWK-98622185A,2014,2014-10-28,15,POWIAT GOSTYNIŃSKI,GOSTYNIN - OBSZAR MIEJSKI,Droga gminna,G140192W,Jednojezdniowa dwukierunkowa,,Obszar zabudowany,"19,5819444444444","52,4352777777778",Jezdnia,Dobre warunki atmosferyczne,Światło dzienne,Zderzenie pojazdów boczne,1,0,0,Nieokreślone (puste pole),N,,,,,,,,,,,,,,,,,,
EWK-98622251U,2014,2014-10-28,14,POWIAT PRZASNYSKI,PRZASNYSZ - OBSZAR MIEJSKI,Droga wojewódzka,544,Jednojezdniowa dwukierunkowa,,Obszar zabudowany,"20,9738888888889","53,0555555555556",Przejście dla pieszych,Dobre warunki atmosferyczne,Światło dzienne,Zderzenie pojazdów boczne,1,0,1,Ciężko,N,,,,,,,,,,,,,,,,,,
EWK-98622251U,2014,2014-10-28,14,POWIAT PRZASNYSKI,PRZASNYSZ - OBSZAR MIEJSKI,Droga wojewódzka,544,Jednojezdniowa dwukierunkowa,,Obszar zabudowany,"20,9738888888889","53,0555555555556",Przejście dla pieszych,Dobre warunki atmosferyczne,Światło dzienne,Zderzenie pojazdów boczne,1,0,0,Nieokreślone (puste pole),N,,,,,,,,,,,,,,,,,,
EWK-98625569P,2014,2014-10-28,13,POWIAT OSTROŁĘKA,OSTROŁĘKA - OBSZAR MIEJSKI,Droga powiatowa,P5101W,Jednojezdniowa dwukierunkowa,Odcinek prosty,Obszar zabudowany,"21,6638888888889","53,1833333333333",Przejście dla pieszych,Dobre warunki atmosferyczne,Światło dzienne,Zderzenie pojazdów boczne,1,0,1,Lekko,N,,,,,,,,,,,,,,,,,,
EWK-98625569P,2014,2014-10-28,13,POWIAT OSTROŁĘKA,OSTROŁĘKA - OBSZAR MIEJSKI,Droga powiatowa,P5101W,Jednojezdniowa dwukierunkowa,Odcinek prosty,Obszar zabudowany,"21,6638888888889","53,1833333333333",Przejście dla pieszych,Dobre warunki atmosferyczne,Światło dzienne,Zderzenie pojazdów boczne,1,0,0,Nieokreślone (puste pole),N,,,,,,,,,,,,,,,,,,
EWK-98624007T,2014,2014-10-28,13,POWIAT PŁOCKI,RADZANOWO - OBSZAR WIEJSKI,Droga wojewódzka,567,Jednojezdniowa dwukierunkowa,Odcinek prosty,Obszar zabudowany,"19,8647222222222","52,6519444444444",Jezdnia,Dobre warunki atmosferyczne,Światło dzienne,Zderzenie pojazdów czołowe,1,0,1,Lekko,N,,,,,,,,,,,,,,,,,,
EWK-98624007T,2014,2014-10-28,13,POWIAT PŁOCKI,RADZANOWO - OBSZAR WIEJSKI,Droga wojewódzka,567,Jednojezdniowa dwukierunkowa,Odcinek prosty,Obszar zabudowany,"19,8647222222222","52,6519444444444",Jezdnia,Dobre warunki atmosferyczne,Światło dzienne,Zderzenie pojazdów czołowe,1,0,0,Nieokreślone (puste pole),N,,,,,,,,,,,,,,,,,,
EWK-98623108P,2014,2014-10-28,17,POWIAT BIAŁOBRZESKI,STROMIEC - OBSZAR WIEJSKI,Droga powiatowa,P1131W,Jednojezdniowa dwukierunkowa,Odcinek prosty,Obszar niezabudowany,"21,2644444444444","51,7833333333333",Jezdnia,Dobre warunki atmosferyczne,Noc - droga nieoświetlona,Zderzenie pojazdów tylne,1,0,1,Lekko,N,,,,,,,,,,,,,,,,,,
EWK-98623108P,2014,2014-10-28,17,POWIAT BIAŁOBRZESKI,STROMIEC - OBSZAR WIEJSKI,Droga powiatowa,P1131W,Jednojezdniowa dwukierunkowa,Odcinek prosty,Obszar niezabudowany,"21,2644444444444","51,7833333333333",Jezdnia,Dobre warunki atmosferyczne,Noc - droga nieoświetlona,Zderzenie pojazdów tylne,1,0,0,Nieokreślone (puste pole),N,,,,,,,,,,,,,,,,,,
EWK-98622177F,2014,2014-10-28,13,POWIAT GOSTYNIŃSKI,GOSTYNIN - OBSZAR WIEJSKI,Droga gminna,G140209W,Jednojezdniowa dwukierunkowa,Odcinek prosty,Obszar niezabudowany,"19,5541666666667","52,5747222222222",Jezdnia,Dobre warunki atmosferyczne,Światło dzienne,Zderzenie pojazdów tylne,1,0,1,Lekko,N,,,,,,,,,,,,,,,,,,
EWK-98622177F,2014,2014-10-28,13,POWIAT GOSTYNIŃSKI,GOSTYNIN - OBSZAR WIEJSKI,Droga gminna,G140209W,Jednojezdniowa dwukierunkowa,Odcinek prosty,Obszar niezabudowany,"19,5541666666667","52,5747222222222",Jezdnia,Dobre warunki atmosferyczne,Światło dzienne,Zderzenie pojazdów tylne,1,0,0,Nieokreślone (puste pole),N,,,,,,,,,,,,,,,,,,
EWK-98625478G,2014,2014-10-28,8,POWIAT PŁOCKI,STAROŹREBY - OBSZAR WIEJSKI,Droga krajowa,10,Jednojezdniowa dwukierunkowa,Odcinek prosty,Obszar niezabudowany,"20,0966666666667","52,7022222222222","Skarpa, rów",Oślepiające słońce,Światło dzienne,Wywrócenie się pojazdu,1,0,1,Lekko,N,,,,,,,,,,,,,,,,,,
EWK-98627011J,2014,2014-10-28,8,POWIAT GRÓJECKI,WARKA - OBSZAR WIEJSKI,Droga gminna,GMINNA,Jednojezdniowa dwukierunkowa,Odcinek prosty,Obszar zabudowany,"21,2877777777778","51,8761111111111",Jezdnia,Oślepiające słońce,Światło dzienne,Zderzenie pojazdów czołowe,1,0,1,Lekko,N,,,,,,,,,,,,,,,,,,
EWK-98627011J,2014,2014-10-28,8,POWIAT GRÓJECKI,WARKA - OBSZAR WIEJSKI,Droga gminna,GMINNA,Jednojezdniowa dwukierunkowa,Odcinek prosty,Obszar zabudowany,"21,2877777777778","51,8761111111111",Jezdnia,Oślepiające słońce,Światło dzienne,Zderzenie pojazdów czołowe,1,0,0,Nieokreślone (puste pole),N,,,,,,,,,,,,,,,,,,
EWK-98623141T,2014,2014-10-28,9,POWIAT BIAŁOBRZESKI,BIAŁOBRZEGI - OBSZAR WIEJSKI,Droga krajowa,S7,Ekspresowa,Odcinek prosty,Obszar niezabudowany,"21,0230555555556","51,6891666666667",Jezdnia,Oślepiające słońce,Światło dzienne,Zderzenie pojazdów tylne,1,0,1,Lekko,N,,,,,,,,,,,,,,,,,,
EWK-98623141T,2014,2014-10-28,9,POWIAT BIAŁOBRZESKI,BIAŁOBRZEGI - OBSZAR WIEJSKI,Droga krajowa,S7,Ekspresowa,Odcinek prosty,Obszar niezabudowany,"21,0230555555556","51,6891666666667",Jezdnia,Oślepiające słońce,Światło dzienne,Zderzenie pojazdów tylne,1,0,0,Nieokreślone (puste pole),N,,,,,,,,,,,,,,,,,,
EWK-98625904H,2014,2014-10-29,15,POWIAT PŁOCKI,BRUDZEŃ DUŻY - OBSZAR WIEJSKI,Droga powiatowa,P2903W,Jednojezdniowa dwukierunkowa,,Obszar niezabudowany,"19,5905555555556","52,7483333333333",Pobocze,Dobre warunki atmosferyczne,Światło dzienne,Najechanie na pieszego,1,0,1,Lekko,N,,,,,,,,,,,,,,,,,,
EWK-98625904H,2014,2014-10-29,15,POWIAT PŁOCKI,BRUDZEŃ DUŻY - OBSZAR WIEJSKI,Droga powiatowa,P2903W,Jednojezdniowa dwukierunkowa,,Obszar niezabudowany,"19,5905555555556","52,7483333333333",Pobocze,Dobre warunki atmosferyczne,Światło dzienne,Najechanie na pieszego,1,0,0,Nieokreślone (puste pole),N,,,,,,,,,,,,,,,,,,
EWK-98627119X,2014,2014-10-29,9,POWIAT PŁOŃSKI,PŁOŃSK - OBSZAR MIEJSKI,Droga gminna,G300715W,Jednojezdniowa dwukierunkowa,,Obszar zabudowany,"20,425","52,7494444444444",Przejazd kolejowy niestrzeżony,Dobre warunki atmosferyczne,Światło dzienne,Zderzenie pojazdów boczne,1,0,1,Ciężko,N,,,,,,,,,,,,,,,,,,
EWK-98627119X,2014,2014-10-29,9,POWIAT PŁOŃSKI,PŁOŃSK - OBSZAR MIEJSKI,Droga gminna,G300715W,Jednojezdniowa dwukierunkowa,,Obszar zabudowany,"20,425","52,7494444444444",Przejazd kolejowy niestrzeżony,Dobre warunki atmosferyczne,Światło dzienne,Zderzenie pojazdów boczne,1,0,0,Nieokreślone (puste pole),N,,,,,,,,,,,,,,,,,,
EWK-98625062D,2014,2014-10-29,6,POWIAT PŁOCK,PŁOCK - OBSZAR MIEJSKI,Droga powiatowa,P,Jednojezdniowa dwukierunkowa,Odcinek prosty,Obszar zabudowany,"19,7622222222222","52,5455555555556","Most, wiadukt, łącznica, tunel",Dobre warunki atmosferyczne,Światło dzienne,Zderzenie pojazdów czołowe,1,1,0,Nieokreślone (puste pole),N,,,,,,,,,,,,,,,,,,
EWK-98627223A,2014,2014-10-29,23,POWIAT KOZIENICKI,GŁOWACZÓW - OBSZAR WIEJSKI,Droga krajowa,48,Jednojezdniowa dwukierunkowa,Odcinek prosty,Obszar niezabudowany,"21,4472222222222","51,6038888888889",Jezdnia,Dobre warunki atmosferyczne,Noc - droga nieoświetlona,Zderzenie pojazdów tylne,1,0,5,Lekko,N,,,,,,,,,,,,,,,,,,
EWK-98627223A,2014,2014-10-29,23,POWIAT KOZIENICKI,GŁOWACZÓW - OBSZAR WIEJSKI,Droga krajowa,48,Jednojezdniowa dwukierunkowa,Odcinek prosty,Obszar niezabudowany,"21,4472222222222","51,6038888888889",Jezdnia,Dobre warunki atmosferyczne,Noc - droga nieoświetlona,Zderzenie pojazdów tylne,1,0,0,Nieokreślone (puste pole),N,,,,,,,,,,,,,,,,,,
EWK-98624797P,2014,2014-10-29,11,POWIAT RADOM,RADOM - OBSZAR MIEJSKI,Droga powiatowa,P3564W,Jednojezdniowa dwukierunkowa,Odcinek prosty,Obszar zabudowany,"21,1044444444444","51,3713888888889",Jezdnia,Dobre warunki atmosferyczne,Światło dzienne,Zderzenie pojazdów tylne,1,0,1,Lekko,T,,,,,,,,,,,,,,,,,,
EWK-98624797P,2014,2014-10-29,11,POWIAT RADOM,RADOM - OBSZAR MIEJSKI,Droga powiatowa,P3564W,Jednojezdniowa dwukierunkowa,Odcinek prosty,Obszar zabudowany,"21,1044444444444","51,3713888888889",Jezdnia,Dobre warunki atmosferyczne,Światło dzienne,Zderzenie pojazdów tylne,1,0,0,Nieokreślone (puste pole),T,,,,,,,,,,,,,,,,,,
EWK-98624815T,2014,2014-10-29,11,POWIAT RADOMSKI,SKARYSZEW - OBSZAR WIEJSKI,Droga powiatowa,34446W,Jednojezdniowa dwukierunkowa,Odcinek prosty,Obszar niezabudowany,"21,2094444444444","51,4338888888889",Jezdnia,Oślepiające słońce,Światło dzienne,Najechanie na drzewo,1,0,1,Lekko,N,,,,,,,,,,,,,,,,,,
EWK-98626906G,2014,2014-10-30,5,POWIAT ŁOSICKI,SARNAKI - OBSZAR WIEJSKI,Droga powiatowa,02109W,Jednojezdniowa dwukierunkowa,"Zakręt, łuk",Obszar niezabudowany,"23,1038888888889","52,4538888888889",Pobocze,Dobre warunki atmosferyczne,Noc - droga nieoświetlona,Najechanie na drzewo,1,1,0,Nieokreślone (puste pole),N,,,,,,,,,,,,,,,,,,
EWK-98630425K,2014,2014-10-30,10,POWIAT BIAŁOBRZESKI,BIAŁOBRZEGI - OBSZAR MIEJSKI,Droga powiatowa,P1121W,Jednojezdniowa dwukierunkowa,Odcinek prosty,Obszar zabudowany,"20,9647222222222","51,7969444444444",Jezdnia,Dobre warunki atmosferyczne,Światło dzienne,Najechanie na pieszego,1,0,1,Lekko,N,,,,,,,,,,,,,,,,,,
EWK-98630425K,2014,2014-10-30,10,POWIAT BIAŁOBRZESKI,BIAŁOBRZEGI - OBSZAR MIEJSKI,Droga powiatowa,P1121W,Jednojezdniowa dwukierunkowa,Odcinek prosty,Obszar zabudowany,"20,9647222222222","51,7969444444444",Jezdnia,Dobre warunki atmosferyczne,Światło dzienne,Najechanie na pieszego,1,0,0,Nieokreślone (puste pole),N,,,,,,,,,,,,,,,,,,
EWK-98627182Q,2014,2014-10-30,16,POWIAT RADOM,RADOM - OBSZAR MIEJSKI,Droga powiatowa,P5301W,Dwie jezdnie jednokierunkowe,Odcinek prosty,Obszar zabudowany,"21,2552777777778","51,5297222222222",Przejście dla pieszych,Dobre warunki atmosferyczne,Światło dzienne,Najechanie na pieszego,1,0,1,Lekko,N,,,,,,,,,,,,,,,,,,
EWK-98627182Q,2014,2014-10-30,16,POWIAT RADOM,RADOM - OBSZAR MIEJSKI,Droga powiatowa,P5301W,Dwie jezdnie jednokierunkowe,Odcinek prosty,Obszar zabudowany,"21,2552777777778","51,5297222222222",Przejście dla pieszych,Dobre warunki atmosferyczne,Światło dzienne,Najechanie na pieszego,1,0,0,Nieokreślone (puste pole),N,,,,,,,,,,,,,,,,,,
EWK-98630344W,2014,2014-10-30,20,POWIAT ŻYRARDOWSKI,MSZCZONÓW - OBSZAR WIEJSKI,Droga krajowa,50,Jednojezdniowa dwukierunkowa,,Obszar niezabudowany,"20,6227777777778","52,1091666666667",Jezdnia,Dobre warunki atmosferyczne,Noc - droga nieoświetlona,Zderzenie pojazdów boczne,1,0,1,Lekko,N,,,,,,,,,,,,,,,,,,
EWK-98630344W,2014,2014-10-30,20,POWIAT ŻYRARDOWSKI,MSZCZONÓW - OBSZAR WIEJSKI,Droga krajowa,50,Jednojezdniowa dwukierunkowa,,Obszar niezabudowany,"20,6227777777778","52,1091666666667",Jezdnia,Dobre warunki atmosferyczne,Noc - droga nieoświetlona,Zderzenie pojazdów boczne,1,0,0,Nieokreślone (puste pole),N,,,,,,,,,,,,,,,,,,
EWK-98627217M,2014,2014-10-30,16,POWIAT RADOMSKI,GÓZD - OBSZAR WIEJSKI,Droga krajowa,12,Jednojezdniowa dwukierunkowa,Odcinek prosty,Obszar niezabudowany,"21,4708333333333","51,5197222222222",Jezdnia,Dobre warunki atmosferyczne,"Zmrok, świt",Zderzenie pojazdów boczne,1,0,1,Lekko,T,,,,,,,,,,,,,,,,,,
EWK-98627217M,2014,2014-10-30,16,POWIAT RADOMSKI,GÓZD - OBSZAR WIEJSKI,Droga krajowa,12,Jednojezdniowa dwukierunkowa,Odcinek prosty,Obszar niezabudowany,"21,4708333333333","51,5197222222222",Jezdnia,Dobre warunki atmosferyczne,"Zmrok, świt",Zderzenie pojazdów boczne,1,0,0,Nieokreślone (puste pole),T,,,,,,,,,,,,,,,,,,
EWK-98628336F,2014,2014-10-31,13,POWIAT PŁOCKI,ŁĄCK - OBSZAR WIEJSKI,Droga powiatowa,P1452W,Jednojezdniowa dwukierunkowa,Odcinek prosty,Obszar niezabudowany,"19,7055555555556","52,5341666666667",Jezdnia,Dobre warunki atmosferyczne,Światło dzienne,Inne,1,0,1,Ciężko,N,,,,,,,,,,,,,,,,,,
EWK-98629218C,2014,2014-10-31,20,POWIAT PŁOŃSKI,JONIEC - OBSZAR WIEJSKI,Droga gminna,G301234W,Jednojezdniowa dwukierunkowa,Odcinek prosty,Obszar niezabudowany,"20,5172222222222","52,6666666666667",Jezdnia,Dobre warunki atmosferyczne,Noc - droga nieoświetlona,Najechanie na pieszego,1,1,0,Nieokreślone (puste pole),N,,,,,,,,,,,,,,,,,,
EWK-98628348A,2014,2014-10-31,16,POWIAT PŁOCK,PŁOCK - OBSZAR MIEJSKI,Droga gminna,GMINNA,Jednojezdniowa dwukierunkowa,,Obszar zabudowany,"19,7569444444444","52,6952777777778",Przejście dla pieszych,Dobre warunki atmosferyczne,Noc - droga nieoświetlona,Najechanie na pieszego,1,0,1,Lekko,N,,,,,,,,,,,,,,,,,,
EWK-98628348A,2014,2014-10-31,16,POWIAT PŁOCK,PŁOCK - OBSZAR MIEJSKI,Droga gminna,GMINNA,Jednojezdniowa dwukierunkowa,,Obszar zabudowany,"19,7569444444444","52,6952777777778",Przejście dla pieszych,Dobre warunki atmosferyczne,Noc - droga nieoświetlona,Najechanie na pieszego,1,0,0,Nieokreślone (puste pole),N,,,,,,,,,,,,,,,,,,
EWK-98628372Q,2014,2014-10-31,20,POWIAT PŁOCK,PŁOCK - OBSZAR MIEJSKI,Droga powiatowa,P,Jednojezdniowa dwukierunkowa,Odcinek prosty,Obszar zabudowany,"19,8172222222222","52,5822222222222","Chodnik, droga dla pieszych",Dobre warunki atmosferyczne,Noc - droga oświetlona,Najechanie na pieszego,1,0,1,Lekko,N,,,,,,,,,,,,,,,,,,
EWK-98628372Q,2014,2014-10-31,20,POWIAT PŁOCK,PŁOCK - OBSZAR MIEJSKI,Droga powiatowa,P,Jednojezdniowa dwukierunkowa,Odcinek prosty,Obszar zabudowany,"19,8172222222222","52,5822222222222","Chodnik, droga dla pieszych",Dobre warunki atmosferyczne,Noc - droga oświetlona,Najechanie na pieszego,1,0,0,Nieokreślone (puste pole),N,,,,,,,,,,,,,,,,,,
EWK-98628350W,2014,2014-10-31,14,POWIAT RADOM,RADOM - OBSZAR MIEJSKI,Droga powiatowa,P3528W,Jednojezdniowa dwukierunkowa,,Obszar zabudowany,"21,3163888888889","51,5333333333333",Jezdnia,Dobre warunki atmosferyczne,Noc - droga oświetlona,Zderzenie pojazdów boczne,1,0,1,Lekko,N,,,,,,,,,,,,,,,,,,
EWK-98628350W,2014,2014-10-31,14,POWIAT RADOM,RADOM - OBSZAR MIEJSKI,Droga powiatowa,P3528W,Jednojezdniowa dwukierunkowa,,Obszar zabudowany,"21,3163888888889","51,5333333333333",Jezdnia,Dobre warunki atmosferyczne,Noc - droga oświetlona,Zderzenie pojazdów boczne,1,0,0,Nieokreślone (puste pole),N,,,,,,,,,,,,,,,,,,
EWK-98627456X,2014,2014-10-31,12,POWIAT OSTROŁĘCKI,LELIS - OBSZAR WIEJSKI,Droga krajowa,53,Jednojezdniowa dwukierunkowa,Odcinek prosty,Obszar niezabudowany,"21,5552777777778","53,2372222222222",Jezdnia,Dobre warunki atmosferyczne,Światło dzienne,Zderzenie pojazdów czołowe,1,0,2,Ciężko,N,,,,,,,,,,,,,,,,,,
EWK-98628334H,2014,2014-10-31,16,POWIAT RADOMSKI,ZAKRZEW - OBSZAR WIEJSKI,Droga powiatowa,34405W,Jednojezdniowa dwukierunkowa,Odcinek prosty,Obszar niezabudowany,"21,1672222222222","51,4505555555556",Jezdnia,Pochmurno,Noc - droga oświetlona,Najechanie na pieszego,1,0,1,Lekko,N,,,,,,,,,,,,,,,,,,
EWK-98628334H,2014,2014-10-31,16,POWIAT RADOMSKI,ZAKRZEW - OBSZAR WIEJSKI,Droga powiatowa,34405W,Jednojezdniowa dwukierunkowa,Odcinek prosty,Obszar niezabudowany,"21,1672222222222","51,4505555555556",Jezdnia,Pochmurno,Noc - droga oświetlona,Najechanie na pieszego,1,0,0,Nieokreślone (puste pole),N,,,,,,,,,,,,,,,,,,
EWK-98628680X,2014,2014-10-31,23,POWIAT KOZIENICKI,GNIEWOSZÓW - OBSZAR WIEJSKI,Droga wojewódzka,738,Jednojezdniowa dwukierunkowa,Odcinek prosty,Obszar niezabudowany,"21,8047222222222","51,5894444444445",Jezdnia,"Pochmurno; Mgła, dym",Noc - droga nieoświetlona,Najechanie na pieszego,1,1,0,Nieokreślone (puste pole),T,,,,,,,,,,,,,,,,,,
EWK-98630074R,2014,2014-11-01,18,POWIAT GRÓJECKI,CHYNÓW - OBSZAR WIEJSKI,Droga krajowa,50,Jednojezdniowa dwukierunkowa,Odcinek prosty,Obszar niezabudowany,"21,1747222222222","51,9986111111111",Przejście dla pieszych,Dobre warunki atmosferyczne,Noc - droga nieoświetlona,Najechanie na pieszego,1,0,1,Ciężko,N,,,,,,,,,,,,,,,,,,
EWK-98630074R,2014,2014-11-01,18,POWIAT GRÓJECKI,CHYNÓW - OBSZAR WIEJSKI,Droga krajowa,50,Jednojezdniowa dwukierunkowa,Odcinek prosty,Obszar niezabudowany,"21,1747222222222","51,9986111111111",Przejście dla pieszych,Dobre warunki atmosferyczne,Noc - droga nieoświetlona,Najechanie na pieszego,1,0,0,Nieokreślone (puste pole),N,,,,,,,,,,,,,,,,,,
EWK-98629103K,2014,2014-11-01,7,POWIAT GOSTYNIŃSKI,SZCZAWIN KOŚCIELNY - OBSZAR WIEJSKI,Droga gminna,G140505W,Jednojezdniowa dwukierunkowa,"Zakręt, łuk",Obszar niezabudowany,"19,7572222222222","52,4413888888889",Jezdnia,"Mgła, dym","Zmrok, świt",Wywrócenie się pojazdu,1,0,1,Ciężko,T,,,,,,,,,,,,,,,,,,
EWK-98630708U,2014,2014-11-02,12,POWIAT WYSZKOWSKI,WYSZKÓW - OBSZAR WIEJSKI,Droga powiatowa,P4419W,Jednojezdniowa dwukierunkowa,Odcinek prosty,Obszar zabudowany,"21,4916666666667","52,6236111111111","Skarpa, rów",Dobre warunki atmosferyczne,Światło dzienne,Inne,1,1,0,Nieokreślone (puste pole),T,,,,,,,,,,,,,,,,,,
EWK-98628390U,2014,2014-11-02,17,POWIAT RADOMSKI,PIONKI - OBSZAR MIEJSKI,Nieokreślone (puste pole),,Jednojezdniowa dwukierunkowa,,Obszar zabudowany,"21,5933333333333","51,5297222222222",Jezdnia,Dobre warunki atmosferyczne,Noc - droga oświetlona,Zderzenie pojazdów boczne,1,0,1,Lekko,N,,,,,,,,,,,,,,,,,,
EWK-98628390U,2014,2014-11-02,17,POWIAT RADOMSKI,PIONKI - OBSZAR MIEJSKI,Nieokreślone (puste pole),,Jednojezdniowa dwukierunkowa,,Obszar zabudowany,"21,5933333333333","51,5297222222222",Jezdnia,Dobre warunki atmosferyczne,Noc - droga oświetlona,Zderzenie pojazdów boczne,1,0,0,Nieokreślone (puste pole),N,,,,,,,,,,,,,,,,,,
EWK-98630832P,2014,2014-11-02,15,POWIAT SIERPECKI,SIERPC - OBSZAR WIEJSKI,Droga wojewódzka,541,Jednojezdniowa dwukierunkowa,Odcinek prosty,Obszar niezabudowany,"19,7661111111111","52,9130555555556",Jezdnia,Dobre warunki atmosferyczne,Światło dzienne,Zderzenie pojazdów tylne,1,0,1,Ciężko,N,,,,,,,,,,,,,,,,,,