IDKSIP,year,date,hour,district,district_commune,road_category,road_number,type_of_road,road_geometry,area,Longitude,Latitude,char_place_of_the_event,weather_conditions,lighting,type_of_accident,num_of_accidents,num_of_fatalities,num_of_injured,type_of_injury,is_offender_intoxicated,,,,,,,,,,,,,,,,,,
EWK-98630832P,2014,2014-11-02,15,POWIAT SIERPECKI,SIERPC - OBSZAR WIEJSKI,Droga wojewódzka,541,Jednojezdniowa dwukierunkowa,Odcinek prosty,Obszar niezabudowany,"19,7661111111111","52,9130555555556",Jezdnia,Dobre warunki atmosferyczne,Światło dzienne,Zderzenie pojazdów tylne,1,0,0,Nieokreślone (puste pole),N,,,,,,,,,,,,,,,,,,
EWK-98632354Q,2014,2014-11-02,12,POWIAT PŁOCKI,RADZANOWO - OBSZAR WIEJSKI,Droga powiatowa,5203W,Jednojezdniowa dwukierunkowa,,Obszar niezabudowany,"19,8272222222222","52,6963888888889",Jezdnia,Oślepiające słońce,Światło dzienne,Zderzenie pojazdów czołowe,1,0,2,Lekko,N,,,,,,,,,,,,,,,,,,
EWK-98632354Q,2014,2014-11-02,12,POWIAT PŁOCKI,RADZANOWO - OBSZAR WIEJSKI,Droga powiatowa,5203W,Jednojezdniowa dwukierunkowa,,Obszar niezabudowany,"19,8272222222222","52,6963888888889",Jezdnia,Oślepiające słońce,Światło dzienne,Zderzenie pojazdów czołowe,1,0,0,Nieokreślone (puste pole),N,,,,,,,,,,,,,,,,,,
EWK-98634247M,2014,2014-11-03,16,POWIAT KOZIENICKI,MAGNUSZEW - OBSZAR WIEJSKI,Droga wojewódzka,W736,Jednojezdniowa dwukierunkowa,Odcinek prosty,Obszar niezabudowany,"21,385","51,8469444444444",Pobocze,Dobre warunki atmosferyczne,Światło dzienne,Najechanie na drzewo,1,0,1,Ciężko,N,,,,,,,,,,,,,,,,,,
EWK-98628306H,2014,2014-11-03,3,POWIAT SOCHACZEWSKI,SOCHACZEW - OBSZAR WIEJSKI,Droga krajowa,92,Jednojezdniowa dwukierunkowa,Odcinek prosty,Obszar niezabudowany,"20,4602777777778","52,2691666666667",Jezdnia,Dobre warunki atmosferyczne,Noc - droga nieoświetlona,Najechanie na pieszego,1,0,1,Ciężko,N,,,,,,,,,,,,,,,,,,
EWK-98628306H,2014,2014-11-03,3,POWIAT SOCHACZEWSKI,SOCHACZEW - OBSZAR WIEJSKI,Droga krajowa,92,Jednojezdniowa dwukierunkowa,Odcinek prosty,Obszar niezabudowany,"20,4602777777778","52,2691666666667",Jezdnia,Dobre warunki atmosferyczne,Noc - droga nieoświetlona,Najechanie na pieszego,1,0,0,Nieokreślone (puste pole),N,,,,,,,,,,,,,,,,,,
EWK-98633045L,2014,2014-11-03,17,POWIAT PŁOŃSKI,JONIEC - OBSZAR WIEJSKI,Droga powiatowa,P3051W,Jednojezdniowa dwukierunkowa,Odcinek prosty,Obszar niezabudowany,"20,6102777777778","52,7136111111111",Jezdnia,Dobre warunki atmosferyczne,Noc - droga nieoświetlona,Najechanie na pieszego,1,0,1,Ciężko,N,,,,,,,,,,,,,,,,,,
EWK-98633045L,2014,2014-11-03,17,POWIAT PŁOŃSKI,JONIEC - OBSZAR WIEJSKI,Droga powiatowa,P3051W,Jednojezdniowa dwukierunkowa,Odcinek prosty,Obszar niezabudowany,"20,6102777777778","52,7136111111111",Jezdnia,Dobre warunki atmosferyczne,Noc - droga nieoświetlona,Najechanie na pieszego,1,0,0,Nieokreślone (puste pole),N,,,,,,,,,,,,,,,,,,
EWK-98634236F,2014,2014-11-03,10,POWIAT KOZIENICKI,SIECIECHÓW - OBSZAR WIEJSKI,Droga krajowa,48,Jednojezdniowa dwukierunkowa,Odcinek prosty,Obszar zabudowany,"21,8652777777778","51,5594444444444",Jezdnia,Dobre warunki atmosferyczne,Światło dzienne,Zderzenie pojazdów czołowe,1,0,1,Lekko,N,,,,,,,,,,,,,,,,,,
EWK-98634236F,2014,2014-11-03,10,POWIAT KOZIENICKI,SIECIECHÓW - OBSZAR WIEJSKI,Droga krajowa,48,Jednojezdniowa dwukierunkowa,Odcinek prosty,Obszar zabudowany,"21,8652777777778","51,5594444444444",Jezdnia,Dobre warunki atmosferyczne,Światło dzienne,Zderzenie pojazdów czołowe,1,0,0,Nieokreślone (puste pole),N,,,,,,,,,,,,,,,,,,
EWK-98633657Y,2014,2014-11-03,6,POWIAT RADOMSKI,JEDLIŃSK - OBSZAR WIEJSKI,Droga gminna,GMINNA,Dwie jezdnie jednokierunkowe,Odcinek prosty,Obszar niezabudowany,"21,2441666666667","51,5805555555556",Jezdnia,Dobre warunki atmosferyczne,Światło dzienne,Zderzenie pojazdów tylne,1,0,1,Lekko,N,,,,,,,,,,,,,,,,,,
EWK-98633657Y,2014,2014-11-03,6,POWIAT RADOMSKI,JEDLIŃSK - OBSZAR WIEJSKI,Droga gminna,GMINNA,Dwie jezdnie jednokierunkowe,Odcinek prosty,Obszar niezabudowany,"21,2441666666667","51,5805555555556",Jezdnia,Dobre warunki atmosferyczne,Światło dzienne,Zderzenie pojazdów tylne,1,0,0,Nieokreślone (puste pole),N,,,,,,,,,,,,,,,,,,
EWK-98633666K,2014,2014-11-03,17,POWIAT RADOMSKI,WIERZBICA - OBSZAR WIEJSKI,Nieokreślone (puste pole),,Jednojezdniowa dwukierunkowa,Odcinek prosty,Obszar niezabudowany,"21,1616666666667","51,3502777777778",Jezdnia,Pochmurno,Noc - droga nieoświetlona,Zderzenie pojazdów tylne,1,0,1,Ciężko,T,,,,,,,,,,,,,,,,,,
EWK-98633666K,2014,2014-11-03,17,POWIAT RADOMSKI,WIERZBICA - OBSZAR WIEJSKI,Nieokreślone (puste pole),,Jednojezdniowa dwukierunkowa,Odcinek prosty,Obszar niezabudowany,"21,1616666666667","51,3502777777778",Jezdnia,Pochmurno,Noc - droga nieoświetlona,Zderzenie pojazdów tylne,1,0,0,Nieokreślone (puste pole),T,,,,,,,,,,,,,,,,,,
EWK-98632875U,2014,2014-11-04,14,POWIAT RADOMSKI,JEDLNIA-LETNISKO - OBSZAR WIEJSKI,Droga powiatowa,P3524W,Jednojezdniowa dwukierunkowa,Odcinek prosty,Obszar zabudowany,"21,42","51,5094444444444",Jezdnia,Dobre warunki atmosferyczne,Noc - droga oświetlona,Najechanie na pieszego,1,1,0,Nieokreślone (puste pole),N,,,,,,,,,,,,,,,,,,
EWK-98634250R,2014,2014-11-04,12,POWIAT KOZIENICKI,KOZIENICE - OBSZAR MIEJSKI,Droga krajowa,48,Jednojezdniowa dwukierunkowa,Odcinek prosty,Obszar zabudowany,"21,6530555555556","51,6933333333333","Chodnik, droga dla pieszych",Dobre warunki atmosferyczne,Światło dzienne,Zderzenie pojazdów boczne,1,0,1,Lekko,N,,,,,,,,,,,,,,,,,,
EWK-98634250R,2014,2014-11-04,12,POWIAT KOZIENICKI,KOZIENICE - OBSZAR MIEJSKI,Droga krajowa,48,Jednojezdniowa dwukierunkowa,Odcinek prosty,Obszar zabudowany,"21,6530555555556","51,6933333333333","Chodnik, droga dla pieszych",Dobre warunki atmosferyczne,Światło dzienne,Zderzenie pojazdów boczne,1,0,0,Nieokreślone (puste pole),N,,,,,,,,,,,,,,,,,,
EWK-98632001G,2014,2014-11-04,11,POWIAT MŁAWSKI,STRZEGOWO - OBSZAR WIEJSKI,Droga powiatowa,P2352W,Jednojezdniowa dwukierunkowa,"Zakręt, łuk",Obszar zabudowany,"20,4536111111111","53,07",Jezdnia,Dobre warunki atmosferyczne,Światło dzienne,Zderzenie pojazdów boczne,1,0,1,Lekko,N,,,,,,,,,,,,,,,,,,
EWK-98632001G,2014,2014-11-04,11,POWIAT MŁAWSKI,STRZEGOWO - OBSZAR WIEJSKI,Droga powiatowa,P2352W,Jednojezdniowa dwukierunkowa,"Zakręt, łuk",Obszar zabudowany,"20,4536111111111","53,07",Jezdnia,Dobre warunki atmosferyczne,Światło dzienne,Zderzenie pojazdów boczne,1,0,0,Nieokreślone (puste pole),N,,,,,,,,,,,,,,,,,,
EWK-98632526F,2014,2014-11-04,8,POWIAT ŻUROMIŃSKI,ŻUROMIN - OBSZAR WIEJSKI,Droga wojewódzka,563,Jednojezdniowa dwukierunkowa,Odcinek prosty,Obszar niezabudowany,"20,0258333333333","53,1138888888889",Jezdnia,Dobre warunki atmosferyczne,Światło dzienne,Zderzenie pojazdów boczne,1,0,1,Lekko,N,,,,,,,,,,,,,,,,,,
EWK-98632526F,2014,2014-11-04,8,POWIAT ŻUROMIŃSKI,ŻUROMIN - OBSZAR WIEJSKI,Droga wojewódzka,563,Jednojezdniowa dwukierunkowa,Odcinek prosty,Obszar niezabudowany,"20,0258333333333","53,1138888888889",Jezdnia,Dobre warunki atmosferyczne,Światło dzienne,Zderzenie pojazdów boczne,1,0,0,Nieokreślone (puste pole),N,,,,,,,,,,,,,,,,,,
EWK-98632917H,2014,2014-11-04,7,POWIAT RADOM,RADOM - OBSZAR MIEJSKI,Droga powiatowa,P5325W,Jednojezdniowa dwukierunkowa,,Obszar zabudowany,"21,2605555555556","51,5055555555556",Jezdnia,Dobre warunki atmosferyczne,Światło dzienne,Zderzenie pojazdów boczne,1,0,1,Lekko,N,,,,,,,,,,,,,,,,,,
EWK-98632917H,2014,2014-11-04,7,POWIAT RADOM,RADOM - OBSZAR MIEJSKI,Droga powiatowa,P5325W,Jednojezdniowa dwukierunkowa,,Obszar zabudowany,"21,2605555555556","51,5055555555556",Jezdnia,Dobre warunki atmosferyczne,Światło dzienne,Zderzenie pojazdów boczne,1,0,0,Nieokreślone (puste pole),N,,,,,,,,,,,,,,,,,,
EWK-98632419F,2014,2014-11-05,18,POWIAT RADOMSKI,JEDLIŃSK - OBSZAR WIEJSKI,Droga krajowa,7,Dwie jezdnie jednokierunkowe,,Obszar niezabudowany,"21,1441666666667","51,5202777777778",Jezdnia,Dobre warunki atmosferyczne,Noc - droga nieoświetlona,Najechanie na pieszego,1,1,0,Nieokreślone (puste pole),N,,,,,,,,,,,,,,,,,,
EWK-98632398D,2014,2014-11-05,15,POWIAT PŁOCK,PŁOCK - OBSZAR MIEJSKI,Droga gminna,GMINNA,Jednojezdniowa dwukierunkowa,,Obszar zabudowany,"19,8722222222222","52,6127777777778",Jezdnia,Dobre warunki atmosferyczne,Światło dzienne,Najechanie na pieszego,1,0,1,Lekko,N,,,,,,,,,,,,,,,,,,
EWK-98632398D,2014,2014-11-05,15,POWIAT PŁOCK,PŁOCK - OBSZAR MIEJSKI,Droga gminna,GMINNA,Jednojezdniowa dwukierunkowa,,Obszar zabudowany,"19,8722222222222","52,6127777777778",Jezdnia,Dobre warunki atmosferyczne,Światło dzienne,Najechanie na pieszego,1,0,0,Nieokreślone (puste pole),N,,,,,,,,,,,,,,,,,,
EWK-98634074E,2014,2014-11-05,11,POWIAT ŁOSICKI,PLATERÓW - OBSZAR WIEJSKI,Droga powiatowa,02106W,Jednojezdniowa dwukierunkowa,,Obszar zabudowany,"22,8394444444444","52,3169444444445",Jezdnia,Dobre warunki atmosferyczne,Światło dzienne,Zderzenie pojazdów boczne,1,0,1,Ciężko,N,,,,,,,,,,,,,,,,,,
EWK-98634074E,2014,2014-11-05,11,POWIAT ŁOSICKI,PLATERÓW - OBSZAR WIEJSKI,Droga powiatowa,02106W,Jednojezdniowa dwukierunkowa,,Obszar zabudowany,"22,8394444444444","52,3169444444445",Jezdnia,Dobre warunki atmosferyczne,Światło dzienne,Zderzenie pojazdów boczne,1,0,0,Nieokreślone (puste pole),N,,,,,,,,,,,,,,,,,,
EWK-98641043A,2014,2014-11-05,13,POWIAT SOKOŁOWSKI,KOSÓW LACKI - OBSZAR WIEJSKI,Droga powiatowa,36126W,Jednojezdniowa dwukierunkowa,,Obszar niezabudowany,"22,2516666666667","52,6544444444444",Jezdnia,Dobre warunki atmosferyczne,Światło dzienne,Zderzenie pojazdów boczne,1,0,1,Lekko,N,,,,,,,,,,,,,,,,,,
EWK-98641043A,2014,2014-11-05,13,POWIAT SOKOŁOWSKI,KOSÓW LACKI - OBSZAR WIEJSKI,Droga powiatowa,36126W,Jednojezdniowa dwukierunkowa,,Obszar niezabudowany,"22,2516666666667","52,6544444444444",Jezdnia,Dobre warunki atmosferyczne,Światło dzienne,Zderzenie pojazdów boczne,1,0,0,Nieokreślone (puste pole),N,,,,,,,,,,,,,,,,,,
EWK-98632373Q,2014,2014-11-05,14,POWIAT PŁOCK,PŁOCK - OBSZAR MIEJSKI,Droga gminna,GMINNA,Jednojezdniowa dwukierunkowa,"Zakręt, łuk",Obszar zabudowany,"19,7836111111111","52,55","Wjazd, wyjazd z posesji, pola",Dobre warunki atmosferyczne,Światło dzienne,Zderzenie pojazdów boczne,1,0,2,Lekko,N,,,,,,,,,,,,,,,,,,
EWK-98632373Q,2014,2014-11-05,14,POWIAT PŁOCK,PŁOCK - OBSZAR MIEJSKI,Droga gminna,GMINNA,Jednojezdniowa dwukierunkowa,"Zakręt, łuk",Obszar zabudowany,"19,7836111111111","52,55","Wjazd, wyjazd z posesji, pola",Dobre warunki atmosferyczne,Światło dzienne,Zderzenie pojazdów boczne,1,0,0,Nieokreślone (puste pole),N,,,,,,,,,,,,,,,,,,
EWK-98638859N,2014,2014-11-05,21,POWIAT PŁOCKI,DROBIN - OBSZAR WIEJSKI,Droga gminna,GMINNA,Jednojezdniowa dwukierunkowa,Odcinek prosty,Obszar niezabudowany,"19,9888888888889","52,8155555555556",Jezdnia,Dobre warunki atmosferyczne,Noc - droga nieoświetlona,Zderzenie pojazdów tylne,1,0,1,Ciężko,N,,,,,,,,,,,,,,,,,,
EWK-98638859N,2014,2014-11-05,21,POWIAT PŁOCKI,DROBIN - OBSZAR WIEJSKI,Droga gminna,GMINNA,Jednojezdniowa dwukierunkowa,Odcinek prosty,Obszar niezabudowany,"19,9888888888889","52,8155555555556",Jezdnia,Dobre warunki atmosferyczne,Noc - droga nieoświetlona,Zderzenie pojazdów tylne,1,0,0,Nieokreślone (puste pole),N,,,,,,,,,,,,,,,,,,
EWK-98635071K,2014,2014-11-06,17,POWIAT PŁOŃSKI,PŁOŃSK - OBSZAR WIEJSKI,Droga powiatowa,P3040W,Jednojezdniowa dwukierunkowa,"Zakręt, łuk",Obszar niezabudowany,"20,4580555555556","52,6961111111111",Jezdnia,Dobre warunki atmosferyczne,"Zmrok, świt",Najechanie na drzewo,1,2,0,Nieokreślone (puste pole),N,,,,,,,,,,,,,,,,,,
EWK-98635810E,2014,2014-11-06,9,POWIAT WĘGROWSKI,ŁOCHÓW - OBSZAR WIEJSKI,Droga krajowa,50,Jednojezdniowa dwukierunkowa,Odcinek prosty,Obszar niezabudowany,"21,7422222222222","52,6636111111111",Jezdnia,Dobre warunki atmosferyczne,Światło dzienne,Najechanie na drzewo,1,1,0,Nieokreślone (puste pole),N,,,,,,,,,,,,,,,,,,
EWK-98635724G,2014,2014-11-06,16,POWIAT SOCHACZEWSKI,SOCHACZEW - OBSZAR MIEJSKI,Droga gminna,GMINNA,Jednojezdniowa dwukierunkowa,,Obszar zabudowany,"20,3183333333333","52,3266666666667",Przejście dla pieszych,Dobre warunki atmosferyczne,"Zmrok, świt",Najechanie na pieszego,1,0,1,Lekko,N,,,,,,,,,,,,,,,,,,
EWK-98635724G,2014,2014-11-06,16,POWIAT SOCHACZEWSKI,SOCHACZEW - OBSZAR MIEJSKI,Droga gminna,GMINNA,Jednojezdniowa dwukierunkowa,,Obszar zabudowany,"20,3183333333333","52,3266666666667",Przejście dla pieszych,Dobre warunki atmosferyczne,"Zmrok, świt",Najechanie na pieszego,1,0,0,Nieokreślone (puste pole),N,,,,,,,,,,,,,,,,,,
EWK-98636192A,2014,2014-11-06,15,POWIAT PRZASNYSKI,PRZASNYSZ - OBSZAR WIEJSKI,Droga krajowa,57,Jednojezdniowa dwukierunkowa,Odcinek prosty,Obszar niezabudowany,"21,0680555555556","52,9913888888889",Jezdnia,Dobre warunki atmosferyczne,Światło dzienne,Wywrócenie się pojazdu,1,0,1,Lekko,N,,,,,,,,,,,,,,,,,,
EWK-98635188F,2014,2014-11-06,7,POWIAT RADOM,RADOM - OBSZAR MIEJSKI,Droga powiatowa,P5301W,Jednojezdniowa dwukierunkowa,,Obszar zabudowany,"21,2941666666667","51,5355555555556",Jezdnia,Dobre warunki atmosferyczne,Światło dzienne,Zderzenie pojazdów boczne,1,0,1,Lekko,N,,,,,,,,,,,,,,,,,,
EWK-98635188F,2014,2014-11-06,7,POWIAT RADOM,RADOM - OBSZAR MIEJSKI,Droga powiatowa,P5301W,Jednojezdniowa dwukierunkowa,,Obszar zabudowany,"21,2941666666667","51,5355555555556",Jezdnia,Dobre warunki atmosferyczne,Światło dzienne,Zderzenie pojazdów boczne,1,0,0,Nieokreślone (puste pole),N,,,,,,,,,,,,,,,,,,
EWK-98635729T,2014,2014-11-06,17,POWIAT SOCHACZEWSKI,SOCHACZEW - OBSZAR WIEJSKI,Droga krajowa,92,Jednojezdniowa dwukierunkowa,Odcinek prosty,Obszar niezabudowany,"20,3936111111111","52,2930555555556",Jezdnia,Dobre warunki atmosferyczne,Noc - droga nieoświetlona,Zderzenie pojazdów tylne,1,0,2,Lekko,N,,,,,,,,,,,,,,,,,,
EWK-98636894D,2014,2014-11-06,1,POWIAT OSTROWSKI,WĄSEWO - OBSZAR WIEJSKI,Droga krajowa,60,Jednojezdniowa dwukierunkowa,Odcinek prosty,Obszar niezabudowany,"21,7888888888889","52,8583333333333",Jezdnia,Dobre warunki atmosferyczne,Noc - droga nieoświetlona,Zderzenie pojazdów tylne,1,0,1,Ciężko,N,,,,,,,,,,,,,,,,,,
EWK-98636894D,2014,2014-11-06,1,POWIAT OSTROWSKI,WĄSEWO - OBSZAR WIEJSKI,Droga krajowa,60,Jednojezdniowa dwukierunkowa,Odcinek prosty,Obszar niezabudowany,"21,7888888888889","52,8583333333333",Jezdnia,Dobre warunki atmosferyczne,Noc - droga nieoświetlona,Zderzenie pojazdów tylne,1,0,0,Nieokreślone (puste pole),N,,,,,,,,,,,,,,,,,,
EWK-98635214D,2014,2014-11-06,10,POWIAT RADOM,RADOM - OBSZAR MIEJSKI,Droga krajowa,12,Dwie jezdnie jednokierunkowe,Odcinek prosty,Obszar zabudowany,"21,1375","51,45",Jezdnia,Dobre warunki atmosferyczne,Światło dzienne,Zderzenie pojazdów tylne,1,0,1,Lekko,N,,,,,,,,,,,,,,,,,,
EWK-98635214D,2014,2014-11-06,10,POWIAT RADOM,RADOM - OBSZAR MIEJSKI,Droga krajowa,12,Dwie jezdnie jednokierunkowe,Odcinek prosty,Obszar zabudowany,"21,1375","51,45",Jezdnia,Dobre warunki atmosferyczne,Światło dzienne,Zderzenie pojazdów tylne,1,0,0,Nieokreślone (puste pole),N,,,,,,,,,,,,,,,,,,
EWK-98642089K,2014,2014-11-06,11,POWIAT ŻYRARDOWSKI,MSZCZONÓW - OBSZAR WIEJSKI,Droga krajowa,50,Jednojezdniowa dwukierunkowa,"Zakręt, łuk",Obszar niezabudowany,"20,7180555555556","52,0061111111111",Jezdnia,Dobre warunki atmosferyczne,Światło dzienne,Zderzenie pojazdów tylne,1,0,1,Lekko,N,,,,,,,,,,,,,,,,,,
EWK-98642089K,2014,2014-11-06,11,POWIAT ŻYRARDOWSKI,MSZCZONÓW - OBSZAR WIEJSKI,Droga krajowa,50,Jednojezdniowa dwukierunkowa,"Zakręt, łuk",Obszar niezabudowany,"20,7180555555556","52,0061111111111",Jezdnia,Dobre warunki atmosferyczne,Światło dzienne,Zderzenie pojazdów tylne,1,0,0,Nieokreślone (puste pole),N,,,,,,,,,,,,,,,,,,
EWK-98635957D,2014,2014-11-06,14,POWIAT WYSZKOWSKI,ZABRODZIE - OBSZAR WIEJSKI,Droga powiatowa,P1811W,Jednojezdniowa dwukierunkowa,,Obszar zabudowany,"21,5172222222222","52,5977777777778",Jezdnia,Pochmurno,Światło dzienne,Najechanie na drzewo,1,0,1,Lekko,N,,,,,,,,,,,,,,,,,,
EWK-98650569A,2014,2014-11-06,14,POWIAT BIAŁOBRZESKI,PROMNA - OBSZAR WIEJSKI,Droga wojewódzka,731,Jednojezdniowa dwukierunkowa,,Obszar zabudowany,"21,0344444444444","51,7472222222222",Jezdnia,Pochmurno,Światło dzienne,Zderzenie pojazdów boczne,1,0,1,Ciężko,N,,,,,,,,,,,,,,,,,,
EWK-98650569A,2014,2014-11-06,14,POWIAT BIAŁOBRZESKI,PROMNA - OBSZAR WIEJSKI,Droga wojewódzka,731,Jednojezdniowa dwukierunkowa,,Obszar zabudowany,"21,0344444444444","51,7472222222222",Jezdnia,Pochmurno,Światło dzienne,Zderzenie pojazdów boczne,1,0,1,Lekko,N,,,,,,,,,,,,,,,,,,
EWK-98650569A,2014,2014-11-06,14,POWIAT BIAŁOBRZESKI,PROMNA - OBSZAR WIEJSKI,Droga wojewódzka,731,Jednojezdniowa dwukierunkowa,,Obszar zabudowany,"21,0344444444444","51,7472222222222",Jezdnia,Pochmurno,Światło dzienne,Zderzenie pojazdów boczne,1,0,0,Nieokreślone (puste pole),N,,,,,,,,,,,,,,,,,,
EWK-98643969N,2014,2014-11-07,21,POWIAT GRÓJECKI,GRÓJEC - OBSZAR WIEJSKI,Droga wojewódzka,730,Jednojezdniowa dwukierunkowa,"Zakręt, łuk",Obszar niezabudowany,"20,9505555555556","51,9172222222222",Jezdnia,Dobre warunki atmosferyczne,Noc - droga oświetlona,Inne,1,0,1,Lekko,N,,,,,,,,,,,,,,,,,,
EWK-98643969N,2014,2014-11-07,21,POWIAT GRÓJECKI,GRÓJEC - OBSZAR WIEJSKI,Droga wojewódzka,730,Jednojezdniowa dwukierunkowa,"Zakręt, łuk",Obszar niezabudowany,"20,9505555555556","51,9172222222222",Jezdnia,Dobre warunki atmosferyczne,Noc - droga oświetlona,Inne,1,0,0,Nieokreślone (puste pole),N,,,,,,,,,,,,,,,,,,
EWK-98638892X,2014,2014-11-07,16,POWIAT PŁOCKI,SŁUBICE - OBSZAR WIEJSKI,Droga wojewódzka,575,Jednojezdniowa dwukierunkowa,Odcinek prosty,Obszar zabudowany,"19,9702777777778","52,3922222222222",Jezdnia,Dobre warunki atmosferyczne,"Zmrok, świt",Najechanie na pieszego,1,0,1,Ciężko,N,,,,,,,,,,,,,,,,,,
EWK-98638892X,2014,2014-11-07,16,POWIAT PŁOCKI,SŁUBICE - OBSZAR WIEJSKI,Droga wojewódzka,575,Jednojezdniowa dwukierunkowa,Odcinek prosty,Obszar zabudowany,"19,9702777777778","52,3922222222222",Jezdnia,Dobre warunki atmosferyczne,"Zmrok, świt",Najechanie na pieszego,1,0,0,Nieokreślone (puste pole),N,,,,,,,,,,,,,,,,,,
EWK-98638322Q,2014,2014-11-07,16,POWIAT ŁOSICKI,SARNAKI - OBSZAR WIEJSKI,Droga krajowa,19,Jednojezdniowa dwukierunkowa,Odcinek prosty,Obszar niezabudowany,"22,9766666666667","52,4455555555556",Jezdnia,Dobre warunki atmosferyczne,"Zmrok, świt",Zderzenie pojazdów tylne,1,0,2,Ciężko,N,,,,,,,,,,,,,,,,,,
EWK-98638322Q,2014,2014-11-07,16,POWIAT ŁOSICKI,SARNAKI - OBSZAR WIEJSKI,Droga krajowa,19,Jednojezdniowa dwukierunkowa,Odcinek prosty,Obszar niezabudowany,"22,9766666666667","52,4455555555556",Jezdnia,Dobre warunki atmosferyczne,"Zmrok, świt",Zderzenie pojazdów tylne,1,0,0,Nieokreślone (puste pole),N,,,,,,,,,,,,,,,,,,
EWK-98636418P,2014,2014-11-07,19,POWIAT RADOM,RADOM - OBSZAR MIEJSKI,Droga gminna,G530185W,Dwie jezdnie jednokierunkowe,,Obszar zabudowany,"21,1936111111111","51,4677777777778",Przejście dla pieszych,Opady deszczu,Noc - droga oświetlona,Najechanie na pieszego,1,0,2,Lekko,N,,,,,,,,,,,,,,,,,,
EWK-98636418P,2014,2014-11-07,19,POWIAT RADOM,RADOM - OBSZAR MIEJSKI,Droga gminna,G530185W,Dwie jezdnie jednokierunkowe,,Obszar zabudowany,"21,1936111111111","51,4677777777778",Przejście dla pieszych,Opady deszczu,Noc - droga oświetlona,Najechanie na pieszego,1,0,0,Nieokreślone (puste pole),N,,,,,,,,,,,,,,,,,,
EWK-98636439K,2014,2014-11-07,18,POWIAT RADOM,RADOM - OBSZAR MIEJSKI,Droga powiatowa,P5339W,Jednojezdniowa dwukierunkowa,,Obszar zabudowany,"21,1630555555556","51,4916666666667",Przejście dla pieszych,Opady deszczu,Noc - droga oświetlona,Najechanie na pieszego,1,0,1,Ciężko,N,,,,,,,,,,,,,,,,,,
EWK-98636439K,2014,2014-11-07,18,POWIAT RADOM,RADOM - OBSZAR MIEJSKI,Droga powiatowa,P5339W,Jednojezdniowa dwukierunkowa,,Obszar zabudowany,"21,1630555555556","51,4916666666667",Przejście dla pieszych,Opady deszczu,Noc - droga oświetlona,Najechanie na pieszego,1,0,0,Nieokreślone (puste pole),N,,,,,,,,,,,,,,,,,,
EWK-98641040C,2014,2014-11-07,18,POWIAT SOKOŁOWSKI,SOKOŁÓW PODLASKI - OBSZAR MIEJSKI,Droga powiatowa,P3954W,Jednojezdniowa dwukierunkowa,Odcinek prosty,Obszar zabudowany,"22,3191666666667","52,4213888888889",Przejście dla pieszych,Opady deszczu,Noc - droga oświetlona,Najechanie na pieszego,1,0,1,Lekko,N,,,,,,,,,,,,,,,,,,
EWK-98641040C,2014,2014-11-07,18,POWIAT SOKOŁOWSKI,SOKOŁÓW PODLASKI - OBSZAR MIEJSKI,Droga powiatowa,P3954W,Jednojezdniowa dwukierunkowa,Odcinek prosty,Obszar zabudowany,"22,3191666666667","52,4213888888889",Przejście dla pieszych,Opady deszczu,Noc - droga oświetlona,Najechanie na pieszego,1,0,0,Nieokreślone (puste pole),N,,,,,,,,,,,,,,,,,,
EWK-98642348W,2014,2014-11-07,8,POWIAT OSTROŁĘKA,OSTROŁĘKA - OBSZAR MIEJSKI,Droga krajowa,61,Dwie jezdnie jednokierunkowe,Odcinek prosty,Obszar zabudowany,"21,6455555555556","53,1275",Przejście dla pieszych,Opady deszczu,Światło dzienne,Najechanie na pieszego,1,0,1,Lekko,N,,,,,,,,,,,,,,,,,,
EWK-98642348W,2014,2014-11-07,8,POWIAT OSTROŁĘKA,OSTROŁĘKA - OBSZAR MIEJSKI,Droga krajowa,61,Dwie jezdnie jednokierunkowe,Odcinek prosty,Obszar zabudowany,"21,6455555555556","53,1275",Przejście dla pieszych,Opady deszczu,Światło dzienne,Najechanie na pieszego,1,0,0,Nieokreślone (puste pole),N,,,,,,,,,,,,,,,,,,
EWK-98642115J,2014,2014-11-07,5,POWIAT ŻYRARDOWSKI,ŻYRARDÓW - OBSZAR MIEJSKI,Droga gminna,GMINNA,Jednojezdniowa dwukierunkowa,,Obszar zabudowany,"20,5208333333333","52,1877777777778",Jezdnia,Opady deszczu,Noc - droga oświetlona,Zderzenie pojazdów boczne,1,0,1,Lekko,N,,,,,,,,,,,,,,,,,,
EWK-98642115J,2014,2014-11-07,5,POWIAT ŻYRARDOWSKI,ŻYRARDÓW - OBSZAR MIEJSKI,Droga gminna,GMINNA,Jednojezdniowa dwukierunkowa,,Obszar zabudowany,"20,5208333333333","52,1877777777778",Jezdnia,Opady deszczu,Noc - droga oświetlona,Zderzenie pojazdów boczne,1,0,0,Nieokreślone (puste pole),N,,,,,,,,,,,,,,,,,,