IDKSIP,year,date,hour,district,district_commune,road_category,road_number,type_of_road,road_geometry,area,Longitude,Latitude,char_place_of_the_event,weather_conditions,lighting,type_of_accident,num_of_accidents,num_of_fatalities,num_of_injured,type_of_injury,is_offender_intoxicated,,,,,,,,,,,,,,,,,,
EWK-98636171Q,2014,2014-11-07,22,POWIAT RADOMSKI,SKARYSZEW - OBSZAR MIEJSKI,Droga krajowa,9,Jednojezdniowa dwukierunkowa,Odcinek prosty,Obszar niezabudowany,"21,3663888888889","51,3105555555556",Jezdnia,Opady deszczu,Noc - droga nieoświetlona,Zderzenie pojazdów czołowe,1,3,0,Nieokreślone (puste pole),N,,,,,,,,,,,,,,,,,,
EWK-98638141M,2014,2014-11-07,20,POWIAT ŁOSICKI,STARA KORNICA - OBSZAR WIEJSKI,Droga powiatowa,02120W,Jednojezdniowa dwukierunkowa,Odcinek prosty,Obszar zabudowany,"23,0627777777778","52,2775",Jezdnia,Opady deszczu,Noc - droga oświetlona,Zderzenie pojazdów czołowe,1,1,0,Nieokreślone (puste pole),N,,,,,,,,,,,,,,,,,,
EWK-98638486C,2014,2014-11-07,16,POWIAT GRÓJECKI,WARKA - OBSZAR WIEJSKI,Droga wojewódzka,730,Jednojezdniowa dwukierunkowa,Odcinek prosty,Obszar niezabudowany,"21,1961111111111","51,9375",Jezdnia,Opady deszczu,"Zmrok, świt",Zderzenie pojazdów czołowe,1,0,4,Ciężko,N,,,,,,,,,,,,,,,,,,
EWK-98638398P,2014,2014-11-07,8,POWIAT GRÓJECKI,BELSK DUŻY - OBSZAR WIEJSKI,Droga wojewódzka,725,Jednojezdniowa dwukierunkowa,"Zakręt, łuk",Obszar zabudowany,"20,8302777777778","51,8872222222222",Jezdnia,Pochmurno,Światło dzienne,Zderzenie pojazdów boczne,1,0,3,Lekko,N,,,,,,,,,,,,,,,,,,
EWK-98638398P,2014,2014-11-07,8,POWIAT GRÓJECKI,BELSK DUŻY - OBSZAR WIEJSKI,Droga wojewódzka,725,Jednojezdniowa dwukierunkowa,"Zakręt, łuk",Obszar zabudowany,"20,8302777777778","51,8872222222222",Jezdnia,Pochmurno,Światło dzienne,Zderzenie pojazdów boczne,1,0,0,Nieokreślone (puste pole),N,,,,,,,,,,,,,,,,,,
EWK-98636471N,2014,2014-11-07,7,POWIAT RADOM,RADOM - OBSZAR MIEJSKI,Droga gminna,G530282W,Jednojezdniowa dwukierunkowa,,Obszar zabudowany,"21,2163888888889","51,4758333333333",Jezdnia,Pochmurno,Światło dzienne,Zderzenie pojazdów czołowe,1,0,1,Ciężko,N,,,,,,,,,,,,,,,,,,
EWK-98636471N,2014,2014-11-07,7,POWIAT RADOM,RADOM - OBSZAR MIEJSKI,Droga gminna,G530282W,Jednojezdniowa dwukierunkowa,,Obszar zabudowany,"21,2163888888889","51,4758333333333",Jezdnia,Pochmurno,Światło dzienne,Zderzenie pojazdów czołowe,1,0,0,Nieokreślone (puste pole),N,,,,,,,,,,,,,,,,,,
EWK-98638464U,2014,2014-11-08,20,POWIAT GRÓJECKI,WARKA - OBSZAR WIEJSKI,Droga wojewódzka,731,Jednojezdniowa dwukierunkowa,Odcinek prosty,Obszar niezabudowany,"21,2633333333333","51,9008333333333",Jezdnia,Opady deszczu,Noc - droga nieoświetlona,Inne,1,0,1,Lekko,N,,,,,,,,,,,,,,,,,,
EWK-98638464U,2014,2014-11-08,20,POWIAT GRÓJECKI,WARKA - OBSZAR WIEJSKI,Droga wojewódzka,731,Jednojezdniowa dwukierunkowa,Odcinek prosty,Obszar niezabudowany,"21,2633333333333","51,9008333333333",Jezdnia,Opady deszczu,Noc - droga nieoświetlona,Inne,1,0,0,Nieokreślone (puste pole),N,,,,,,,,,,,,,,,,,,
EWK-98638487W,2014,2014-11-08,19,POWIAT OSTROWSKI,MAŁKINIA GÓRNA - OBSZAR WIEJSKI,Droga wojewódzka,694,Jednojezdniowa dwukierunkowa,Odcinek prosty,Obszar zabudowany,"22,1502777777778","52,7594444444444",Jezdnia,Opady deszczu,Noc - droga oświetlona,Najechanie na pieszego,1,1,0,Nieokreślone (puste pole),T,,,,,,,,,,,,,,,,,,
EWK-98638508Q,2014,2014-11-08,18,POWIAT GRÓJECKI,WARKA - OBSZAR WIEJSKI,Droga wojewódzka,731,Jednojezdniowa dwukierunkowa,Odcinek prosty,Obszar niezabudowany,"21,2877777777778","51,8811111111111",Przejście dla pieszych,Opady deszczu,"Zmrok, świt",Najechanie na pieszego,1,0,1,Ciężko,N,,,,,,,,,,,,,,,,,,
EWK-98638508Q,2014,2014-11-08,18,POWIAT GRÓJECKI,WARKA - OBSZAR WIEJSKI,Droga wojewódzka,731,Jednojezdniowa dwukierunkowa,Odcinek prosty,Obszar niezabudowany,"21,2877777777778","51,8811111111111",Przejście dla pieszych,Opady deszczu,"Zmrok, świt",Najechanie na pieszego,1,0,1,Lekko,N,,,,,,,,,,,,,,,,,,
EWK-98638508Q,2014,2014-11-08,18,POWIAT GRÓJECKI,WARKA - OBSZAR WIEJSKI,Droga wojewódzka,731,Jednojezdniowa dwukierunkowa,Odcinek prosty,Obszar niezabudowany,"21,2877777777778","51,8811111111111",Przejście dla pieszych,Opady deszczu,"Zmrok, świt",Najechanie na pieszego,1,0,0,Nieokreślone (puste pole),N,,,,,,,,,,,,,,,,,,
EWK-98638943W,2014,2014-11-08,9,POWIAT SZYDŁOWIECKI,JASTRZĄB - OBSZAR WIEJSKI,Droga wojewódzka,727,Jednojezdniowa dwukierunkowa,Odcinek prosty,Obszar zabudowany,"20,9466666666667","51,335",Jezdnia,Opady deszczu,Światło dzienne,Zderzenie pojazdów czołowe,1,0,1,Lekko,N,,,,,,,,,,,,,,,,,,
EWK-98638943W,2014,2014-11-08,9,POWIAT SZYDŁOWIECKI,JASTRZĄB - OBSZAR WIEJSKI,Droga wojewódzka,727,Jednojezdniowa dwukierunkowa,Odcinek prosty,Obszar zabudowany,"20,9466666666667","51,335",Jezdnia,Opady deszczu,Światło dzienne,Zderzenie pojazdów czołowe,1,0,0,Nieokreślone (puste pole),N,,,,,,,,,,,,,,,,,,
EWK-98636451G,2014,2014-11-08,7,POWIAT RADOMSKI,JEDLIŃSK - OBSZAR WIEJSKI,Droga krajowa,7,Dwie jezdnie jednokierunkowe,Odcinek prosty,Obszar zabudowany,"21,17","51,5225",Jezdnia,Opady deszczu,Światło dzienne,Zderzenie pojazdów tylne,1,0,2,Ciężko,N,,,,,,,,,,,,,,,,,,
EWK-98636451G,2014,2014-11-08,7,POWIAT RADOMSKI,JEDLIŃSK - OBSZAR WIEJSKI,Droga krajowa,7,Dwie jezdnie jednokierunkowe,Odcinek prosty,Obszar zabudowany,"21,17","51,5225",Jezdnia,Opady deszczu,Światło dzienne,Zderzenie pojazdów tylne,1,0,2,Lekko,N,,,,,,,,,,,,,,,,,,
EWK-98636079D,2014,2014-11-08,14,POWIAT GOSTYNIŃSKI,GOSTYNIN - OBSZAR WIEJSKI,Autostrada,A1,Autostrada,Odcinek prosty,Obszar niezabudowany,"19,3811111111111","52,4811111111111",Jezdnia,Pochmurno,Światło dzienne,Inne,1,0,1,Lekko,N,,,,,,,,,,,,,,,,,,
EWK-98636079D,2014,2014-11-08,14,POWIAT GOSTYNIŃSKI,GOSTYNIN - OBSZAR WIEJSKI,Autostrada,A1,Autostrada,Odcinek prosty,Obszar niezabudowany,"19,3811111111111","52,4811111111111",Jezdnia,Pochmurno,Światło dzienne,Inne,1,0,0,Nieokreślone (puste pole),N,,,,,,,,,,,,,,,,,,
EWK-98638915F,2014,2014-11-08,9,POWIAT PŁOCKI,BRUDZEŃ DUŻY - OBSZAR WIEJSKI,Droga wojewódzka,562,Jednojezdniowa dwukierunkowa,,Obszar zabudowany,"19,5388888888889","52,7519444444445",Jezdnia,Pochmurno,Światło dzienne,Zderzenie pojazdów boczne,1,0,4,Lekko,N,,,,,,,,,,,,,,,,,,
EWK-98638915F,2014,2014-11-08,9,POWIAT PŁOCKI,BRUDZEŃ DUŻY - OBSZAR WIEJSKI,Droga wojewódzka,562,Jednojezdniowa dwukierunkowa,,Obszar zabudowany,"19,5388888888889","52,7519444444445",Jezdnia,Pochmurno,Światło dzienne,Zderzenie pojazdów boczne,1,0,0,Nieokreślone (puste pole),N,,,,,,,,,,,,,,,,,,
EWK-98638907Q,2014,2014-11-09,17,POWIAT PŁOŃSKI,RACIĄŻ - OBSZAR WIEJSKI,Droga krajowa,K60P,Jednojezdniowa dwukierunkowa,"Zakręt, łuk",Obszar niezabudowany,"20,2711111111111","52,8502777777778",Jezdnia,Dobre warunki atmosferyczne,Noc - droga nieoświetlona,Najechanie na pieszego,1,1,0,Nieokreślone (puste pole),N,,,,,,,,,,,,,,,,,,
EWK-98638937W,2014,2014-11-09,17,POWIAT PŁOCK,PŁOCK - OBSZAR MIEJSKI,Droga wojewódzka,559,Dwie jezdnie jednokierunkowe,,Obszar zabudowany,"19,685","52,6275",Przejście dla pieszych,Dobre warunki atmosferyczne,"Zmrok, świt",Najechanie na pieszego,1,0,1,Ciężko,N,,,,,,,,,,,,,,,,,,
EWK-98638937W,2014,2014-11-09,17,POWIAT PŁOCK,PŁOCK - OBSZAR MIEJSKI,Droga wojewódzka,559,Dwie jezdnie jednokierunkowe,,Obszar zabudowany,"19,685","52,6275",Przejście dla pieszych,Dobre warunki atmosferyczne,"Zmrok, świt",Najechanie na pieszego,1,0,0,Nieokreślone (puste pole),N,,,,,,,,,,,,,,,,,,
EWK-98639547E,2014,2014-11-09,4,POWIAT ŻUROMIŃSKI,LUTOCIN - OBSZAR WIEJSKI,Droga gminna,GMINNA,Jednojezdniowa dwukierunkowa,"Zakręt, łuk",Obszar zabudowany,"19,7488888888889","53,0333333333333",Jezdnia,"Mgła, dym",Noc - droga nieoświetlona,Najechanie na drzewo,1,0,1,Lekko,N,,,,,,,,,,,,,,,,,,
EWK-98639547E,2014,2014-11-09,4,POWIAT ŻUROMIŃSKI,LUTOCIN - OBSZAR WIEJSKI,Droga gminna,GMINNA,Jednojezdniowa dwukierunkowa,"Zakręt, łuk",Obszar zabudowany,"19,7488888888889","53,0333333333333",Jezdnia,"Mgła, dym",Noc - droga nieoświetlona,Najechanie na drzewo,1,0,0,Nieokreślone (puste pole),N,,,,,,,,,,,,,,,,,,
EWK-98638527E,2014,2014-11-09,22,POWIAT GRÓJECKI,WARKA - OBSZAR WIEJSKI,Droga wojewódzka,731,Jednojezdniowa dwukierunkowa,Wzniesienie,Obszar niezabudowany,"21,0469444444444","51,8055555555556","Skarpa, rów",Opady deszczu,Noc - droga nieoświetlona,Inne,1,0,1,Ciężko,N,,,,,,,,,,,,,,,,,,
EWK-98638527E,2014,2014-11-09,22,POWIAT GRÓJECKI,WARKA - OBSZAR WIEJSKI,Droga wojewódzka,731,Jednojezdniowa dwukierunkowa,Wzniesienie,Obszar niezabudowany,"21,0469444444444","51,8055555555556","Skarpa, rów",Opady deszczu,Noc - droga nieoświetlona,Inne,1,0,0,Nieokreślone (puste pole),N,,,,,,,,,,,,,,,,,,
EWK-98638357W,2014,2014-11-09,6,POWIAT ZWOLEŃSKI,ZWOLEŃ - OBSZAR MIEJSKI,Droga krajowa,12,Jednojezdniowa dwukierunkowa,,Obszar zabudowany,"21,7111111111111","51,4375",Jezdnia,Opady deszczu,Światło dzienne,Zderzenie pojazdów boczne,1,0,1,Ciężko,N,,,,,,,,,,,,,,,,,,
EWK-98638357W,2014,2014-11-09,6,POWIAT ZWOLEŃSKI,ZWOLEŃ - OBSZAR MIEJSKI,Droga krajowa,12,Jednojezdniowa dwukierunkowa,,Obszar zabudowany,"21,7111111111111","51,4375",Jezdnia,Opady deszczu,Światło dzienne,Zderzenie pojazdów boczne,1,0,1,Lekko,N,,,,,,,,,,,,,,,,,,
EWK-98638357W,2014,2014-11-09,6,POWIAT ZWOLEŃSKI,ZWOLEŃ - OBSZAR MIEJSKI,Droga krajowa,12,Jednojezdniowa dwukierunkowa,,Obszar zabudowany,"21,7111111111111","51,4375",Jezdnia,Opady deszczu,Światło dzienne,Zderzenie pojazdów boczne,1,0,0,Nieokreślone (puste pole),N,,,,,,,,,,,,,,,,,,
EWK-98638086D,2014,2014-11-09,0,POWIAT WYSZKOWSKI,WYSZKÓW - OBSZAR MIEJSKI,Droga gminna,G440557W,Jednojezdniowa dwukierunkowa,Odcinek prosty,Obszar zabudowany,"21,5677777777778","52,7069444444444",Pobocze,Pochmurno,Noc - droga oświetlona,"Najechanie na słup, znak",1,0,3,Ciężko,T,,,,,,,,,,,,,,,,,,
EWK-98638086D,2014,2014-11-09,0,POWIAT WYSZKOWSKI,WYSZKÓW - OBSZAR MIEJSKI,Droga gminna,G440557W,Jednojezdniowa dwukierunkowa,Odcinek prosty,Obszar zabudowany,"21,5677777777778","52,7069444444444",Pobocze,Pochmurno,Noc - droga oświetlona,"Najechanie na słup, znak",1,0,2,Lekko,T,,,,,,,,,,,,,,,,,,
EWK-98665633R,2014,2014-11-09,17,POWIAT GARWOLIŃSKI,PARYSÓW - OBSZAR WIEJSKI,Droga wojewódzka,805,Jednojezdniowa dwukierunkowa,Odcinek prosty,Obszar niezabudowany,"21,8266666666667","52,1008333333333","Skarpa, rów",Pochmurno,Noc - droga nieoświetlona,Wywrócenie się pojazdu,1,0,1,Lekko,N,,,,,,,,,,,,,,,,,,
EWK-98665633R,2014,2014-11-09,17,POWIAT GARWOLIŃSKI,PARYSÓW - OBSZAR WIEJSKI,Droga wojewódzka,805,Jednojezdniowa dwukierunkowa,Odcinek prosty,Obszar niezabudowany,"21,8266666666667","52,1008333333333","Skarpa, rów",Pochmurno,Noc - droga nieoświetlona,Wywrócenie się pojazdu,1,0,0,Nieokreślone (puste pole),N,,,,,,,,,,,,,,,,,,
EWK-98638534M,2014,2014-11-09,14,POWIAT ŻUROMIŃSKI,ŻUROMIN - OBSZAR WIEJSKI,Droga powiatowa,P4627W,Jednojezdniowa dwukierunkowa,Odcinek prosty,Obszar niezabudowany,"20,0838888888889","53,1186111111111",Jezdnia,Pochmurno,Światło dzienne,Wywrócenie się pojazdu,1,0,1,Lekko,N,,,,,,,,,,,,,,,,,,
EWK-98638534M,2014,2014-11-09,14,POWIAT ŻUROMIŃSKI,ŻUROMIN - OBSZAR WIEJSKI,Droga powiatowa,P4627W,Jednojezdniowa dwukierunkowa,Odcinek prosty,Obszar niezabudowany,"20,0838888888889","53,1186111111111",Jezdnia,Pochmurno,Światło dzienne,Wywrócenie się pojazdu,1,0,0,Nieokreślone (puste pole),N,,,,,,,,,,,,,,,,,,
EWK-98640686W,2014,2014-11-09,9,POWIAT SIEDLECKI,SUCHOŻEBRY - OBSZAR WIEJSKI,Droga krajowa,63,Jednojezdniowa dwukierunkowa,Odcinek prosty,Obszar zabudowany,"22,3736111111111","52,3277777777778",Jezdnia,Pochmurno,Światło dzienne,Zderzenie pojazdów boczne,1,0,1,Ciężko,T,,,,,,,,,,,,,,,,,,
EWK-98640686W,2014,2014-11-09,9,POWIAT SIEDLECKI,SUCHOŻEBRY - OBSZAR WIEJSKI,Droga krajowa,63,Jednojezdniowa dwukierunkowa,Odcinek prosty,Obszar zabudowany,"22,3736111111111","52,3277777777778",Jezdnia,Pochmurno,Światło dzienne,Zderzenie pojazdów boczne,1,0,0,Nieokreślone (puste pole),T,,,,,,,,,,,,,,,,,,
EWK-98640337X,2014,2014-11-10,18,POWIAT GARWOLIŃSKI,MIASTKÓW KOŚCIELNY - OBSZAR WIEJSKI,Droga powiatowa,31330W,Jednojezdniowa dwukierunkowa,Odcinek prosty,Obszar zabudowany,"21,9036111111111","51,9877777777778",Jezdnia,Dobre warunki atmosferyczne,Noc - droga nieoświetlona,Zderzenie pojazdów tylne,1,0,1,Ciężko,N,,,,,,,,,,,,,,,,,,
EWK-98640337X,2014,2014-11-10,18,POWIAT GARWOLIŃSKI,MIASTKÓW KOŚCIELNY - OBSZAR WIEJSKI,Droga powiatowa,31330W,Jednojezdniowa dwukierunkowa,Odcinek prosty,Obszar zabudowany,"21,9036111111111","51,9877777777778",Jezdnia,Dobre warunki atmosferyczne,Noc - droga nieoświetlona,Zderzenie pojazdów tylne,1,0,2,Lekko,N,,,,,,,,,,,,,,,,,,
EWK-98640337X,2014,2014-11-10,18,POWIAT GARWOLIŃSKI,MIASTKÓW KOŚCIELNY - OBSZAR WIEJSKI,Droga powiatowa,31330W,Jednojezdniowa dwukierunkowa,Odcinek prosty,Obszar zabudowany,"21,9036111111111","51,9877777777778",Jezdnia,Dobre warunki atmosferyczne,Noc - droga nieoświetlona,Zderzenie pojazdów tylne,1,1,0,Nieokreślone (puste pole),N,,,,,,,,,,,,,,,,,,
EWK-98642341X,2014,2014-11-10,16,POWIAT KOZIENICKI,KOZIENICE - OBSZAR WIEJSKI,Droga krajowa,79,Jednojezdniowa dwukierunkowa,Odcinek prosty,Obszar niezabudowany,"21,5638888888889","51,7552777777778",Jezdnia,"Mgła, dym","Zmrok, świt",Najechanie na pieszego,1,0,1,Lekko,N,,,,,,,,,,,,,,,,,,
EWK-98642341X,2014,2014-11-10,16,POWIAT KOZIENICKI,KOZIENICE - OBSZAR WIEJSKI,Droga krajowa,79,Jednojezdniowa dwukierunkowa,Odcinek prosty,Obszar niezabudowany,"21,5638888888889","51,7552777777778",Jezdnia,"Mgła, dym","Zmrok, świt",Najechanie na pieszego,1,0,0,Nieokreślone (puste pole),N,,,,,,,,,,,,,,,,,,
EWK-98637990R,2014,2014-11-10,3,POWIAT PRZASNYSKI,CZERNICE BOROWE - OBSZAR WIEJSKI,Droga powiatowa,P1202W,Jednojezdniowa dwukierunkowa,"Zakręt, łuk",Obszar niezabudowany,"20,8280555555556","53,0702777777778","Skarpa, rów",Opady deszczu,Noc - droga nieoświetlona,Najechanie na drzewo,1,0,1,Lekko,N,,,,,,,,,,,,,,,,,,
EWK-98637990R,2014,2014-11-10,3,POWIAT PRZASNYSKI,CZERNICE BOROWE - OBSZAR WIEJSKI,Droga powiatowa,P1202W,Jednojezdniowa dwukierunkowa,"Zakręt, łuk",Obszar niezabudowany,"20,8280555555556","53,0702777777778","Skarpa, rów",Opady deszczu,Noc - droga nieoświetlona,Najechanie na drzewo,1,0,0,Nieokreślone (puste pole),N,,,,,,,,,,,,,,,,,,
EWK-98642873L,2014,2014-11-10,8,POWIAT PUŁTUSKI,WINNICA - OBSZAR WIEJSKI,Droga wojewódzka,571,Jednojezdniowa dwukierunkowa,Odcinek prosty,Obszar niezabudowany,"20,915","52,6344444444444",Jezdnia,Opady deszczu,Światło dzienne,Najechanie na drzewo,1,0,1,Lekko,N,,,,,,,,,,,,,,,,,,
EWK-98642873L,2014,2014-11-10,8,POWIAT PUŁTUSKI,WINNICA - OBSZAR WIEJSKI,Droga wojewódzka,571,Jednojezdniowa dwukierunkowa,Odcinek prosty,Obszar niezabudowany,"20,915","52,6344444444444",Jezdnia,Opady deszczu,Światło dzienne,Najechanie na drzewo,1,0,0,Nieokreślone (puste pole),N,,,,,,,,,,,,,,,,,,
EWK-98639587C,2014,2014-11-10,0,POWIAT OSTROWSKI,STARY LUBOTYŃ - OBSZAR WIEJSKI,Droga wojewódzka,677,Jednojezdniowa dwukierunkowa,"Zakręt, łuk",Obszar niezabudowany,"21,9963888888889","52,8958333333333",Pobocze,"Opady deszczu; Mgła, dym",Noc - droga nieoświetlona,Najechanie na drzewo,1,0,1,Ciężko,N,,,,,,,,,,,,,,,,,,
EWK-98639587C,2014,2014-11-10,0,POWIAT OSTROWSKI,STARY LUBOTYŃ - OBSZAR WIEJSKI,Droga wojewódzka,677,Jednojezdniowa dwukierunkowa,"Zakręt, łuk",Obszar niezabudowany,"21,9963888888889","52,8958333333333",Pobocze,"Opady deszczu; Mgła, dym",Noc - droga nieoświetlona,Najechanie na drzewo,1,0,0,Nieokreślone (puste pole),N,,,,,,,,,,,,,,,,,,
EWK-98640263T,2014,2014-11-11,19,POWIAT PRZASNYSKI,PRZASNYSZ - OBSZAR MIEJSKI,Droga krajowa,57,Jednojezdniowa dwukierunkowa,Odcinek prosty,Obszar niezabudowany,"20,9791666666667","53,0333333333333",Jezdnia,Dobre warunki atmosferyczne,"Zmrok, świt",Najechanie na pieszego,1,0,1,Ciężko,T,,,,,,,,,,,,,,,,,,
EWK-98640263T,2014,2014-11-11,19,POWIAT PRZASNYSKI,PRZASNYSZ - OBSZAR MIEJSKI,Droga krajowa,57,Jednojezdniowa dwukierunkowa,Odcinek prosty,Obszar niezabudowany,"20,9791666666667","53,0333333333333",Jezdnia,Dobre warunki atmosferyczne,"Zmrok, świt",Najechanie na pieszego,1,0,0,Nieokreślone (puste pole),T,,,,,,,,,,,,,,,,,,
EWK-98640183A,2014,2014-11-11,15,POWIAT RADOMSKI,KOWALA - OBSZAR WIEJSKI,Droga wojewódzka,733,Jednojezdniowa dwukierunkowa,Odcinek prosty,Obszar zabudowany,"21,2377777777778","51,3897222222222",Jezdnia,Dobre warunki atmosferyczne,Światło dzienne,Zderzenie pojazdów boczne,1,0,2,Ciężko,N,,,,,,,,,,,,,,,,,,
EWK-98640183A,2014,2014-11-11,15,POWIAT RADOMSKI,KOWALA - OBSZAR WIEJSKI,Droga wojewódzka,733,Jednojezdniowa dwukierunkowa,Odcinek prosty,Obszar zabudowany,"21,2377777777778","51,3897222222222",Jezdnia,Dobre warunki atmosferyczne,Światło dzienne,Zderzenie pojazdów boczne,1,0,1,Lekko,N,,,,,,,,,,,,,,,,,,
EWK-98642351H,2014,2014-11-11,17,POWIAT KOZIENICKI,GRABÓW NAD PILICĄ - OBSZAR WIEJSKI,Droga wojewódzka,730,Jednojezdniowa dwukierunkowa,Odcinek prosty,Obszar zabudowany,"21,2891666666667","51,8252777777778",Jezdnia,Pochmurno,Noc - droga oświetlona,Najechanie na pieszego,1,0,1,Ciężko,N,,,,,,,,,,,,,,,,,,
EWK-98642351H,2014,2014-11-11,17,POWIAT KOZIENICKI,GRABÓW NAD PILICĄ - OBSZAR WIEJSKI,Droga wojewódzka,730,Jednojezdniowa dwukierunkowa,Odcinek prosty,Obszar zabudowany,"21,2891666666667","51,8252777777778",Jezdnia,Pochmurno,Noc - droga oświetlona,Najechanie na pieszego,1,0,0,Nieokreślone (puste pole),N,,,,,,,,,,,,,,,,,,
EWK-98641642W,2014,2014-11-11,11,POWIAT PŁOCK,PŁOCK - OBSZAR MIEJSKI,Droga powiatowa,P,Dwie jezdnie jednokierunkowe,,Obszar zabudowany,"19,7666666666667","52,6627777777778",Jezdnia,Pochmurno,Światło dzienne,Zderzenie pojazdów tylne,1,0,1,Lekko,N,,,,,,,,,,,,,,,,,,
EWK-98641642W,2014,2014-11-11,11,POWIAT PŁOCK,PŁOCK - OBSZAR MIEJSKI,Droga powiatowa,P,Dwie jezdnie jednokierunkowe,,Obszar zabudowany,"19,7666666666667","52,6627777777778",Jezdnia,Pochmurno,Światło dzienne,Zderzenie pojazdów tylne,1,0,0,Nieokreślone (puste pole),N,,,,,,,,,,,,,,,,,,
EWK-98641961N,2014,2014-11-12,18,POWIAT ŻUROMIŃSKI,LUBOWIDZ - OBSZAR WIEJSKI,Droga powiatowa,P4607W,Jednojezdniowa dwukierunkowa,"Zakręt, łuk",Obszar niezabudowany,"20,0313888888889","53,1830555555556",Jezdnia,Dobre warunki atmosferyczne,Noc - droga nieoświetlona,Najechanie na pieszego,1,1,0,Nieokreślone (puste pole),N,,,,,,,,,,,,,,,,,,
EWK-98644740Q,2014,2014-11-12,14,POWIAT PRZASNYSKI,PRZASNYSZ - OBSZAR MIEJSKI,Droga krajowa,57,Jednojezdniowa dwukierunkowa,Odcinek prosty,Obszar zabudowany,"21,0075","53,04",Przejście dla pieszych,Dobre warunki atmosferyczne,Światło dzienne,Najechanie na pieszego,1,0,1,Lekko,N,,,,,,,,,,,,,,,,,,
EWK-98644740Q,2014,2014-11-12,14,POWIAT PRZASNYSKI,PRZASNYSZ - OBSZAR MIEJSKI,Droga krajowa,57,Jednojezdniowa dwukierunkowa,Odcinek prosty,Obszar zabudowany,"21,0075","53,04",Przejście dla pieszych,Dobre warunki atmosferyczne,Światło dzienne,Najechanie na pieszego,1,0,0,Nieokreślone (puste pole),N,,,,,,,,,,,,,,,,,,
EWK-98642173M,2014,2014-11-12,16,POWIAT PRZYSUSKI,PRZYSUCHA - OBSZAR WIEJSKI,Droga krajowa,12,Jednojezdniowa dwukierunkowa,,Obszar zabudowany,"20,7180555555556","51,4427777777778",Jezdnia,Dobre warunki atmosferyczne,Noc - droga oświetlona,Zderzenie pojazdów boczne,1,0,1,Lekko,N,,,,,,,,,,,,,,,,,,
EWK-98642173M,2014,2014-11-12,16,POWIAT PRZYSUSKI,PRZYSUCHA - OBSZAR WIEJSKI,Droga krajowa,12,Jednojezdniowa dwukierunkowa,,Obszar zabudowany,"20,7180555555556","51,4427777777778",Jezdnia,Dobre warunki atmosferyczne,Noc - droga oświetlona,Zderzenie pojazdów boczne,1,0,0,Nieokreślone (puste pole),N,,,,,,,,,,,,,,,,,,
EWK-98642135E,2014,2014-11-12,14,POWIAT SZYDŁOWIECKI,SZYDŁOWIEC - OBSZAR MIEJSKI,Droga krajowa,7,Jednojezdniowa dwukierunkowa,Odcinek prosty,Obszar zabudowany,"21,0330555555556","51,3527777777778",Jezdnia,Dobre warunki atmosferyczne,Światło dzienne,Zderzenie pojazdów boczne,1,0,1,Lekko,N,,,,,,,,,,,,,,,,,,
EWK-98642135E,2014,2014-11-12,14,POWIAT SZYDŁOWIECKI,SZYDŁOWIEC - OBSZAR MIEJSKI,Droga krajowa,7,Jednojezdniowa dwukierunkowa,Odcinek prosty,Obszar zabudowany,"21,0330555555556","51,3527777777778",Jezdnia,Dobre warunki atmosferyczne,Światło dzienne,Zderzenie pojazdów boczne,1,0,0,Nieokreślone (puste pole),N,,,,,,,,,,,,,,,,,,
EWK-98642359Q,2014,2014-11-12,14,POWIAT OSTROŁĘCKI,ŁYSE - OBSZAR WIEJSKI,Droga powiatowa,2519W,Jednojezdniowa dwukierunkowa,Odcinek prosty,Obszar niezabudowany,"21,6236111111111","53,4741666666667",Jezdnia,Dobre warunki atmosferyczne,Światło dzienne,Zderzenie pojazdów boczne,1,0,1,Ciężko,N,,,,,,,,,,,,,,,,,,
EWK-98642359Q,2014,2014-11-12,14,POWIAT OSTROŁĘCKI,ŁYSE - OBSZAR WIEJSKI,Droga powiatowa,2519W,Jednojezdniowa dwukierunkowa,Odcinek prosty,Obszar niezabudowany,"21,6236111111111","53,4741666666667",Jezdnia,Dobre warunki atmosferyczne,Światło dzienne,Zderzenie pojazdów boczne,1,0,0,Nieokreślone (puste pole),N,,,,,,,,,,,,,,,,,,
EWK-98641999M,2014,2014-11-12,7,POWIAT RADOM,RADOM - OBSZAR MIEJSKI,Droga powiatowa,P5329W,Jednojezdniowa dwukierunkowa,,Obszar zabudowany,"21,2038888888889","51,4155555555556",Jezdnia,Pochmurno,Światło dzienne,Zderzenie pojazdów boczne,1,0,1,Lekko,N,,,,,,,,,,,,,,,,,,
EWK-98641999M,2014,2014-11-12,7,POWIAT RADOM,RADOM - OBSZAR MIEJSKI,Droga powiatowa,P5329W,Jednojezdniowa dwukierunkowa,,Obszar zabudowany,"21,2038888888889","51,4155555555556",Jezdnia,Pochmurno,Światło dzienne,Zderzenie pojazdów boczne,1,0,0,Nieokreślone (puste pole),N,,,,,,,,,,,,,,,,,,
EWK-98645022L,2014,2014-11-13,16,POWIAT RADOM,RADOM - OBSZAR MIEJSKI,Droga powiatowa,P3539W,Dwie jezdnie jednokierunkowe,,Obszar zabudowany,"21,2402777777778","51,5316666666667",Przejście dla pieszych,Dobre warunki atmosferyczne,Noc - droga oświetlona,Najechanie na pieszego,1,0,1,Lekko,N,,,,,,,,,,,,,,,,,,