IDKSIP,year,date,hour,district,district_commune,road_category,road_number,type_of_road,road_geometry,area,Longitude,Latitude,char_place_of_the_event,weather_conditions,lighting,type_of_accident,num_of_accidents,num_of_fatalities,num_of_injured,type_of_injury,is_offender_intoxicated,,,,,,,,,,,,,,,,,,
EWK-98667783A,2014,2014-11-20,6,POWIAT GARWOLIŃSKI,GARWOLIN - OBSZAR MIEJSKI,Droga krajowa,76,Jednojezdniowa dwukierunkowa,,Obszar niezabudowany,"21,6","52,0480555555556",Jezdnia,Opady deszczu,Noc - droga nieoświetlona,Zderzenie pojazdów boczne,1,0,0,Nieokreślone (puste pole),N,,,,,,,,,,,,,,,,,,
EWK-98660861C,2014,2014-11-20,18,POWIAT SIEDLCE,SIEDLCE - OBSZAR MIEJSKI,Droga wojewódzka,W628,Jednojezdniowa dwukierunkowa,Odcinek prosty,Obszar zabudowany,"22,3083333333333","52,2675",Jezdnia,Opady deszczu,Noc - droga nieoświetlona,Zderzenie pojazdów tylne,1,0,1,Ciężko,N,,,,,,,,,,,,,,,,,,
EWK-98660861C,2014,2014-11-20,18,POWIAT SIEDLCE,SIEDLCE - OBSZAR MIEJSKI,Droga wojewódzka,W628,Jednojezdniowa dwukierunkowa,Odcinek prosty,Obszar zabudowany,"22,3083333333333","52,2675",Jezdnia,Opady deszczu,Noc - droga nieoświetlona,Zderzenie pojazdów tylne,1,0,0,Nieokreślone (puste pole),N,,,,,,,,,,,,,,,,,,
EWK-98651156W,2014,2014-11-20,18,POWIAT RADOM,RADOM - OBSZAR MIEJSKI,Nieokreślone (puste pole),,Dwie jezdnie jednokierunkowe,Odcinek prosty,Obszar zabudowany,"21,1997222222222","51,53",Jezdnia,Pochmurno,Noc - droga oświetlona,Najechanie na pieszego,1,0,1,Lekko,N,,,,,,,,,,,,,,,,,,
EWK-98651156W,2014,2014-11-20,18,POWIAT RADOM,RADOM - OBSZAR MIEJSKI,Nieokreślone (puste pole),,Dwie jezdnie jednokierunkowe,Odcinek prosty,Obszar zabudowany,"21,1997222222222","51,53",Jezdnia,Pochmurno,Noc - droga oświetlona,Najechanie na pieszego,1,0,0,Nieokreślone (puste pole),N,,,,,,,,,,,,,,,,,,
EWK-98651166Q,2014,2014-11-20,16,POWIAT RADOMSKI,PIONKI - OBSZAR MIEJSKI,Droga gminna,GMINNA,Jednojezdniowa dwukierunkowa,Odcinek prosty,Obszar zabudowany,"21,5666666666667","51,5780555555556",Jezdnia,Pochmurno,Noc - droga oświetlona,Najechanie na pieszego,1,0,1,Ciężko,N,,,,,,,,,,,,,,,,,,
EWK-98651166Q,2014,2014-11-20,16,POWIAT RADOMSKI,PIONKI - OBSZAR MIEJSKI,Droga gminna,GMINNA,Jednojezdniowa dwukierunkowa,Odcinek prosty,Obszar zabudowany,"21,5666666666667","51,5780555555556",Jezdnia,Pochmurno,Noc - droga oświetlona,Najechanie na pieszego,1,0,0,Nieokreślone (puste pole),N,,,,,,,,,,,,,,,,,,
EWK-98651462P,2014,2014-11-20,18,POWIAT KOZIENICKI,KOZIENICE - OBSZAR MIEJSKI,Droga krajowa,79,Jednojezdniowa dwukierunkowa,,Obszar zabudowany,"21,6725","51,7122222222222",Przejście dla pieszych,Pochmurno,Noc - droga oświetlona,Najechanie na pieszego,1,0,1,Lekko,N,,,,,,,,,,,,,,,,,,
EWK-98651462P,2014,2014-11-20,18,POWIAT KOZIENICKI,KOZIENICE - OBSZAR MIEJSKI,Droga krajowa,79,Jednojezdniowa dwukierunkowa,,Obszar zabudowany,"21,6725","51,7122222222222",Przejście dla pieszych,Pochmurno,Noc - droga oświetlona,Najechanie na pieszego,1,0,0,Nieokreślone (puste pole),N,,,,,,,,,,,,,,,,,,
EWK-98668869E,2014,2014-11-20,17,POWIAT GARWOLIŃSKI,GARWOLIN - OBSZAR WIEJSKI,Droga krajowa,S17G,Ekspresowa,Odcinek prosty,Obszar niezabudowany,"21,6516666666667","51,9797222222222",Jezdnia,Pochmurno,Noc - droga nieoświetlona,Zderzenie pojazdów boczne,1,0,2,Lekko,N,,,,,,,,,,,,,,,,,,
EWK-98654254G,2014,2014-11-20,22,POWIAT OSTROŁĘKA,OSTROŁĘKA - OBSZAR MIEJSKI,Droga krajowa,61,Jednojezdniowa dwukierunkowa,Odcinek prosty,Obszar zabudowany,"21,6738888888889","53,1261111111111","Chodnik, droga dla pieszych",Pochmurno,Noc - droga oświetlona,Zderzenie pojazdów boczne,1,0,1,Lekko,N,,,,,,,,,,,,,,,,,,
EWK-98654254G,2014,2014-11-20,22,POWIAT OSTROŁĘKA,OSTROŁĘKA - OBSZAR MIEJSKI,Droga krajowa,61,Jednojezdniowa dwukierunkowa,Odcinek prosty,Obszar zabudowany,"21,6738888888889","53,1261111111111","Chodnik, droga dla pieszych",Pochmurno,Noc - droga oświetlona,Zderzenie pojazdów boczne,1,0,0,Nieokreślone (puste pole),N,,,,,,,,,,,,,,,,,,
EWK-98668908E,2014,2014-11-20,15,POWIAT GARWOLIŃSKI,GÓRZNO - OBSZAR WIEJSKI,Droga krajowa,17,Jednojezdniowa dwukierunkowa,,Obszar niezabudowany,"21,6994444444444","51,945",Jezdnia,Pochmurno,Światło dzienne,Zderzenie pojazdów boczne,1,0,2,Lekko,N,,,,,,,,,,,,,,,,,,
EWK-98668908E,2014,2014-11-20,15,POWIAT GARWOLIŃSKI,GÓRZNO - OBSZAR WIEJSKI,Droga krajowa,17,Jednojezdniowa dwukierunkowa,,Obszar niezabudowany,"21,6994444444444","51,945",Jezdnia,Pochmurno,Światło dzienne,Zderzenie pojazdów boczne,1,0,0,Nieokreślone (puste pole),N,,,,,,,,,,,,,,,,,,
EWK-98654140C,2014,2014-11-21,16,POWIAT PŁOCK,PŁOCK - OBSZAR MIEJSKI,Droga powiatowa,P,Jednokierunkowa,Odcinek prosty,Obszar zabudowany,"19,7180555555556","52,5855555555556","Chodnik, droga dla pieszych",Dobre warunki atmosferyczne,Światło dzienne,Zderzenie pojazdów boczne,1,0,1,Ciężko,N,,,,,,,,,,,,,,,,,,
EWK-98654140C,2014,2014-11-21,16,POWIAT PŁOCK,PŁOCK - OBSZAR MIEJSKI,Droga powiatowa,P,Jednokierunkowa,Odcinek prosty,Obszar zabudowany,"19,7180555555556","52,5855555555556","Chodnik, droga dla pieszych",Dobre warunki atmosferyczne,Światło dzienne,Zderzenie pojazdów boczne,1,0,0,Nieokreślone (puste pole),N,,,,,,,,,,,,,,,,,,
EWK-98656465Y,2014,2014-11-21,18,POWIAT PŁOŃSKI,PŁOŃSK - OBSZAR MIEJSKI,Droga powiatowa,P3021W,Dwie jezdnie jednokierunkowe,Odcinek prosty,Obszar zabudowany,"20,5077777777778","52,7727777777778",Przejście dla pieszych,Opady deszczu,Noc - droga oświetlona,Najechanie na pieszego,1,0,1,Lekko,N,,,,,,,,,,,,,,,,,,
EWK-98656465Y,2014,2014-11-21,18,POWIAT PŁOŃSKI,PŁOŃSK - OBSZAR MIEJSKI,Droga powiatowa,P3021W,Dwie jezdnie jednokierunkowe,Odcinek prosty,Obszar zabudowany,"20,5077777777778","52,7727777777778",Przejście dla pieszych,Opady deszczu,Noc - droga oświetlona,Najechanie na pieszego,1,0,0,Nieokreślone (puste pole),N,,,,,,,,,,,,,,,,,,
EWK-98657637Q,2014,2014-11-21,16,POWIAT SIEDLCE,SIEDLCE - OBSZAR MIEJSKI,Droga wojewódzka,W628,Jednojezdniowa dwukierunkowa,Odcinek prosty,Obszar zabudowany,"22,3863888888889","52,2702777777778",Przejście dla pieszych,Pochmurno,Noc - droga oświetlona,Najechanie na pieszego,1,0,1,Lekko,N,,,,,,,,,,,,,,,,,,
EWK-98657637Q,2014,2014-11-21,16,POWIAT SIEDLCE,SIEDLCE - OBSZAR MIEJSKI,Droga wojewódzka,W628,Jednojezdniowa dwukierunkowa,Odcinek prosty,Obszar zabudowany,"22,3863888888889","52,2702777777778",Przejście dla pieszych,Pochmurno,Noc - droga oświetlona,Najechanie na pieszego,1,0,0,Nieokreślone (puste pole),N,,,,,,,,,,,,,,,,,,
EWK-98655101F,2014,2014-11-21,16,POWIAT SIERPECKI,SIERPC - OBSZAR MIEJSKI,Nieokreślone (puste pole),,Jednojezdniowa dwukierunkowa,Odcinek prosty,Obszar zabudowany,"19,7483333333333","52,9075",Przejście dla pieszych,Pochmurno,"Zmrok, świt",Najechanie na pieszego,1,0,1,Lekko,N,,,,,,,,,,,,,,,,,,
EWK-98655101F,2014,2014-11-21,16,POWIAT SIERPECKI,SIERPC - OBSZAR MIEJSKI,Nieokreślone (puste pole),,Jednojezdniowa dwukierunkowa,Odcinek prosty,Obszar zabudowany,"19,7483333333333","52,9075",Przejście dla pieszych,Pochmurno,"Zmrok, świt",Najechanie na pieszego,1,0,0,Nieokreślone (puste pole),N,,,,,,,,,,,,,,,,,,
EWK-98658683H,2014,2014-11-22,18,POWIAT ŻYRARDOWSKI,WISKITKI - OBSZAR WIEJSKI,Droga powiatowa,P3834W,Jednojezdniowa dwukierunkowa,"Zakręt, łuk",Obszar zabudowany,"20,3388888888889","52,1036111111111",Jezdnia,Dobre warunki atmosferyczne,Noc - droga nieoświetlona,Najechanie na drzewo,1,0,1,Lekko,N,,,,,,,,,,,,,,,,,,
EWK-98658683H,2014,2014-11-22,18,POWIAT ŻYRARDOWSKI,WISKITKI - OBSZAR WIEJSKI,Droga powiatowa,P3834W,Jednojezdniowa dwukierunkowa,"Zakręt, łuk",Obszar zabudowany,"20,3388888888889","52,1036111111111",Jezdnia,Dobre warunki atmosferyczne,Noc - droga nieoświetlona,Najechanie na drzewo,1,0,0,Nieokreślone (puste pole),N,,,,,,,,,,,,,,,,,,
EWK-98668920G,2014,2014-11-22,17,POWIAT GARWOLIŃSKI,PILAWA - OBSZAR MIEJSKI,Droga wojewódzka,805,Jednojezdniowa dwukierunkowa,Odcinek prosty,Obszar zabudowany,"21,5861111111111","52,03","Chodnik, droga dla pieszych",Dobre warunki atmosferyczne,Noc - droga oświetlona,Najechanie na pieszego,1,0,1,Lekko,N,,,,,,,,,,,,,,,,,,
EWK-98668920G,2014,2014-11-22,17,POWIAT GARWOLIŃSKI,PILAWA - OBSZAR MIEJSKI,Droga wojewódzka,805,Jednojezdniowa dwukierunkowa,Odcinek prosty,Obszar zabudowany,"21,5861111111111","52,03","Chodnik, droga dla pieszych",Dobre warunki atmosferyczne,Noc - droga oświetlona,Najechanie na pieszego,1,0,0,Nieokreślone (puste pole),N,,,,,,,,,,,,,,,,,,
EWK-98656999T,2014,2014-11-22,8,POWIAT OSTROŁĘCKI,RZEKUŃ - OBSZAR WIEJSKI,Droga powiatowa,4403W,Jednojezdniowa dwukierunkowa,"Zakręt, łuk",Obszar niezabudowany,"21,6880555555556","53,0986111111111",Jezdnia,Dobre warunki atmosferyczne,Światło dzienne,Wywrócenie się pojazdu,1,0,1,Lekko,N,,,,,,,,,,,,,,,,,,
EWK-98655359L,2014,2014-11-22,22,POWIAT OSTROWSKI,WĄSEWO - OBSZAR WIEJSKI,Droga powiatowa,P,Jednojezdniowa dwukierunkowa,"Zakręt, łuk",Obszar zabudowany,"21,7222222222222","52,8538888888889",Jezdnia,Dobre warunki atmosferyczne,Noc - droga oświetlona,Zderzenie pojazdów czołowe,1,0,1,Lekko,T,,,,,,,,,,,,,,,,,,
EWK-98655359L,2014,2014-11-22,22,POWIAT OSTROWSKI,WĄSEWO - OBSZAR WIEJSKI,Droga powiatowa,P,Jednojezdniowa dwukierunkowa,"Zakręt, łuk",Obszar zabudowany,"21,7222222222222","52,8538888888889",Jezdnia,Dobre warunki atmosferyczne,Noc - droga oświetlona,Zderzenie pojazdów czołowe,1,0,0,Nieokreślone (puste pole),T,,,,,,,,,,,,,,,,,,
EWK-98655539H,2014,2014-11-22,3,POWIAT RADOM,RADOM - OBSZAR MIEJSKI,Droga krajowa,7,Jednojezdniowa dwukierunkowa,Odcinek prosty,Obszar zabudowany,"21,2072222222222","51,5369444444444",Jezdnia,Dobre warunki atmosferyczne,Noc - droga oświetlona,Zderzenie pojazdów czołowe,1,1,0,Nieokreślone (puste pole),N,,,,,,,,,,,,,,,,,,
EWK-98658674M,2014,2014-11-22,0,POWIAT ŻYRARDOWSKI,ŻYRARDÓW - OBSZAR MIEJSKI,Droga gminna,GMINNA,Jednojezdniowa dwukierunkowa,Odcinek prosty,Obszar zabudowany,"20,5036111111111","52,0722222222222",Jezdnia,Dobre warunki atmosferyczne,Noc - droga oświetlona,Zderzenie pojazdów tylne,1,0,1,Lekko,N,,,,,,,,,,,,,,,,,,
EWK-98658674M,2014,2014-11-22,0,POWIAT ŻYRARDOWSKI,ŻYRARDÓW - OBSZAR MIEJSKI,Droga gminna,GMINNA,Jednojezdniowa dwukierunkowa,Odcinek prosty,Obszar zabudowany,"20,5036111111111","52,0722222222222",Jezdnia,Dobre warunki atmosferyczne,Noc - droga oświetlona,Zderzenie pojazdów tylne,1,0,0,Nieokreślone (puste pole),N,,,,,,,,,,,,,,,,,,
EWK-98655213J,2014,2014-11-22,17,POWIAT SIERPECKI,ZAWIDZ - OBSZAR WIEJSKI,Nieokreślone (puste pole),,Jednojezdniowa dwukierunkowa,"Zakręt, łuk",Obszar zabudowany,"19,9258333333333","52,9394444444444",Jezdnia,Pochmurno,"Zmrok, świt",Najechanie na drzewo,1,0,1,Ciężko,T,,,,,,,,,,,,,,,,,,
EWK-98658506K,2014,2014-11-22,22,POWIAT SIEDLCE,SIEDLCE - OBSZAR MIEJSKI,Droga wojewódzka,W628,Jednojezdniowa dwukierunkowa,,Obszar zabudowany,"22,3891666666667","52,1825",Jezdnia,Pochmurno,Noc - droga oświetlona,Najechanie na pieszego,1,0,2,Lekko,N,,,,,,,,,,,,,,,,,,
EWK-98658506K,2014,2014-11-22,22,POWIAT SIEDLCE,SIEDLCE - OBSZAR MIEJSKI,Droga wojewódzka,W628,Jednojezdniowa dwukierunkowa,,Obszar zabudowany,"22,3891666666667","52,1825",Jezdnia,Pochmurno,Noc - droga oświetlona,Najechanie na pieszego,1,0,0,Nieokreślone (puste pole),N,,,,,,,,,,,,,,,,,,
EWK-98655186J,2014,2014-11-22,15,POWIAT SIERPECKI,MOCHOWO - OBSZAR WIEJSKI,Droga wojewódzka,541,Jednojezdniowa dwukierunkowa,Odcinek prosty,Obszar zabudowany,"19,6413888888889","52,9122222222222",Jezdnia,Pochmurno,"Zmrok, świt",Wywrócenie się pojazdu,1,0,1,Ciężko,T,,,,,,,,,,,,,,,,,,
EWK-98655609Q,2014,2014-11-22,11,POWIAT RADOM,RADOM - OBSZAR MIEJSKI,Droga powiatowa,P5302W,Jednojezdniowa dwukierunkowa,,Obszar zabudowany,"21,1911111111111","51,5133333333333",Jezdnia,Pochmurno,Światło dzienne,Zderzenie pojazdów boczne,1,0,3,Lekko,N,,,,,,,,,,,,,,,,,,
EWK-98655609Q,2014,2014-11-22,11,POWIAT RADOM,RADOM - OBSZAR MIEJSKI,Droga powiatowa,P5302W,Jednojezdniowa dwukierunkowa,,Obszar zabudowany,"21,1911111111111","51,5133333333333",Jezdnia,Pochmurno,Światło dzienne,Zderzenie pojazdów boczne,1,0,0,Nieokreślone (puste pole),N,,,,,,,,,,,,,,,,,,
EWK-98655201E,2014,2014-11-23,11,POWIAT WYSZKOWSKI,DŁUGOSIODŁO - OBSZAR WIEJSKI,Droga gminna,GMINNA,Jednojezdniowa dwukierunkowa,Odcinek prosty,Obszar zabudowany,"21,6894444444444","52,8602777777778",Jezdnia,Dobre warunki atmosferyczne,Światło dzienne,Najechanie na drzewo,1,0,1,Lekko,T,,,,,,,,,,,,,,,,,,
EWK-98655148D,2014,2014-11-23,14,POWIAT PŁOCK,PŁOCK - OBSZAR MIEJSKI,Droga krajowa,62,Dwie jezdnie jednokierunkowe,Odcinek prosty,Obszar zabudowany,"19,8738888888889","52,5791666666667","Wjazd, wyjazd z posesji, pola",Dobre warunki atmosferyczne,Światło dzienne,Zderzenie pojazdów boczne,1,0,1,Ciężko,N,,,,,,,,,,,,,,,,,,
EWK-98655148D,2014,2014-11-23,14,POWIAT PŁOCK,PŁOCK - OBSZAR MIEJSKI,Droga krajowa,62,Dwie jezdnie jednokierunkowe,Odcinek prosty,Obszar zabudowany,"19,8738888888889","52,5791666666667","Wjazd, wyjazd z posesji, pola",Dobre warunki atmosferyczne,Światło dzienne,Zderzenie pojazdów boczne,1,0,0,Nieokreślone (puste pole),N,,,,,,,,,,,,,,,,,,
EWK-98668931F,2014,2014-11-23,16,POWIAT GARWOLIŃSKI,SOBOLEW - OBSZAR WIEJSKI,Droga wojewódzka,807,Jednojezdniowa dwukierunkowa,Odcinek prosty,Obszar niezabudowany,"21,7","51,8011111111111",Jezdnia,Dobre warunki atmosferyczne,Noc - droga nieoświetlona,Zderzenie pojazdów czołowe,1,0,5,Lekko,N,,,,,,,,,,,,,,,,,,
EWK-98654151T,2014,2014-11-23,11,POWIAT PŁOCKI,DROBIN - OBSZAR WIEJSKI,Droga krajowa,10,Jednojezdniowa dwukierunkowa,Odcinek prosty,Obszar niezabudowany,"19,9861111111111","52,7625","Skarpa, rów",Oślepiające słońce,Światło dzienne,Wywrócenie się pojazdu,1,0,2,Ciężko,N,,,,,,,,,,,,,,,,,,
EWK-98654151T,2014,2014-11-23,11,POWIAT PŁOCKI,DROBIN - OBSZAR WIEJSKI,Droga krajowa,10,Jednojezdniowa dwukierunkowa,Odcinek prosty,Obszar niezabudowany,"19,9861111111111","52,7625","Skarpa, rów",Oślepiające słońce,Światło dzienne,Wywrócenie się pojazdu,1,0,2,Lekko,N,,,,,,,,,,,,,,,,,,
EWK-98656237X,2014,2014-11-23,0,POWIAT PRZYSUSKI,POTWORÓW - OBSZAR WIEJSKI,Droga wojewódzka,740,Jednojezdniowa dwukierunkowa,Odcinek prosty,Obszar zabudowany,"20,8777777777778","51,5275",Pas dzielący jezdnie,"Pochmurno; Mgła, dym",Noc - droga oświetlona,Wywrócenie się pojazdu,1,0,1,Ciężko,N,,,,,,,,,,,,,,,,,,
EWK-98656237X,2014,2014-11-23,0,POWIAT PRZYSUSKI,POTWORÓW - OBSZAR WIEJSKI,Droga wojewódzka,740,Jednojezdniowa dwukierunkowa,Odcinek prosty,Obszar zabudowany,"20,8777777777778","51,5275",Pas dzielący jezdnie,"Pochmurno; Mgła, dym",Noc - droga oświetlona,Wywrócenie się pojazdu,1,0,2,Lekko,N,,,,,,,,,,,,,,,,,,
EWK-98656446N,2014,2014-11-24,12,POWIAT PRZASNYSKI,PRZASNYSZ - OBSZAR WIEJSKI,Droga powiatowa,P3240W,Jednojezdniowa dwukierunkowa,,Obszar zabudowany,"21,0561111111111","53,1444444444445",Jezdnia,Dobre warunki atmosferyczne,Światło dzienne,Zderzenie pojazdów boczne,1,0,2,Ciężko,N,,,,,,,,,,,,,,,,,,
EWK-98656446N,2014,2014-11-24,12,POWIAT PRZASNYSKI,PRZASNYSZ - OBSZAR WIEJSKI,Droga powiatowa,P3240W,Jednojezdniowa dwukierunkowa,,Obszar zabudowany,"21,0561111111111","53,1444444444445",Jezdnia,Dobre warunki atmosferyczne,Światło dzienne,Zderzenie pojazdów boczne,1,1,0,Nieokreślone (puste pole),N,,,,,,,,,,,,,,,,,,
EWK-98657020F,2014,2014-11-24,18,POWIAT PŁOŃSKI,CZERWIŃSK NAD WISŁĄ - OBSZAR WIEJSKI,Droga krajowa,62,Jednojezdniowa dwukierunkowa,Odcinek prosty,Obszar zabudowany,"20,3452777777778","52,4275",Jezdnia,Pochmurno,Noc - droga oświetlona,Najechanie na pieszego,1,1,0,Nieokreślone (puste pole),N,,,,,,,,,,,,,,,,,,
EWK-98658437X,2014,2014-11-24,17,POWIAT SIEDLECKI,SKÓRZEC - OBSZAR WIEJSKI,Droga wojewódzka,803,Jednojezdniowa dwukierunkowa,Odcinek prosty,Obszar zabudowany,"22,1902777777778","52,1936111111111",Przejście dla pieszych,Pochmurno,Noc - droga oświetlona,Najechanie na pieszego,1,0,1,Lekko,N,,,,,,,,,,,,,,,,,,
EWK-98658437X,2014,2014-11-24,17,POWIAT SIEDLECKI,SKÓRZEC - OBSZAR WIEJSKI,Droga wojewódzka,803,Jednojezdniowa dwukierunkowa,Odcinek prosty,Obszar zabudowany,"22,1902777777778","52,1936111111111",Przejście dla pieszych,Pochmurno,Noc - droga oświetlona,Najechanie na pieszego,1,0,0,Nieokreślone (puste pole),N,,,,,,,,,,,,,,,,,,
EWK-98658283P,2014,2014-11-25,19,POWIAT PRZASNYSKI,KRASNE - OBSZAR WIEJSKI,Droga powiatowa,3238W,Jednojezdniowa dwukierunkowa,,Obszar niezabudowany,"21,0125","53,0091666666667",Jezdnia,"Mgła, dym",Noc - droga nieoświetlona,Inne,1,0,1,Lekko,N,,,,,,,,,,,,,,,,,,
EWK-98658283P,2014,2014-11-25,19,POWIAT PRZASNYSKI,KRASNE - OBSZAR WIEJSKI,Droga powiatowa,3238W,Jednojezdniowa dwukierunkowa,,Obszar niezabudowany,"21,0125","53,0091666666667",Jezdnia,"Mgła, dym",Noc - droga nieoświetlona,Inne,1,0,0,Nieokreślone (puste pole),N,,,,,,,,,,,,,,,,,,
EWK-98660802E,2014,2014-11-25,16,POWIAT PUŁTUSKI,PUŁTUSK - OBSZAR MIEJSKI,Droga powiatowa,P3403W,Jednojezdniowa dwukierunkowa,Odcinek prosty,Obszar zabudowany,"21,2002777777778","52,7261111111111",Przejście dla pieszych,"Mgła, dym","Zmrok, świt",Najechanie na pieszego,1,0,1,Lekko,N,,,,,,,,,,,,,,,,,,
EWK-98660802E,2014,2014-11-25,16,POWIAT PUŁTUSKI,PUŁTUSK - OBSZAR MIEJSKI,Droga powiatowa,P3403W,Jednojezdniowa dwukierunkowa,Odcinek prosty,Obszar zabudowany,"21,2002777777778","52,7261111111111",Przejście dla pieszych,"Mgła, dym","Zmrok, świt",Najechanie na pieszego,1,0,0,Nieokreślone (puste pole),N,,,,,,,,,,,,,,,,,,
EWK-98658277E,2014,2014-11-25,15,POWIAT PRZASNYSKI,PRZASNYSZ - OBSZAR MIEJSKI,Droga gminna,GMINNA,Jednojezdniowa dwukierunkowa,,Obszar zabudowany,"20,9913888888889","53,0513888888889",Jezdnia,"Mgła, dym",Światło dzienne,Zderzenie pojazdów boczne,1,0,1,Ciężko,N,,,,,,,,,,,,,,,,,,
EWK-98658277E,2014,2014-11-25,15,POWIAT PRZASNYSKI,PRZASNYSZ - OBSZAR MIEJSKI,Droga gminna,GMINNA,Jednojezdniowa dwukierunkowa,,Obszar zabudowany,"20,9913888888889","53,0513888888889",Jezdnia,"Mgła, dym",Światło dzienne,Zderzenie pojazdów boczne,1,0,0,Nieokreślone (puste pole),N,,,,,,,,,,,,,,,,,,
EWK-98665057F,2014,2014-11-25,9,POWIAT MAKOWSKI,KRASNOSIELC - OBSZAR WIEJSKI,Droga powiatowa,3234W,Jednojezdniowa dwukierunkowa,"Zakręt, łuk",Obszar zabudowany,"21,2766666666667","53,0836111111111","Skarpa, rów",Opady deszczu,Światło dzienne,Wywrócenie się pojazdu,1,0,1,Lekko,N,,,,,,,,,,,,,,,,,,
EWK-98658520K,2014,2014-11-25,10,POWIAT RADOMSKI,KOWALA - OBSZAR WIEJSKI,Droga wojewódzka,744,Jednojezdniowa dwukierunkowa,,Obszar zabudowany,"21,2369444444444","51,3755555555556",Jezdnia,Opady deszczu,Światło dzienne,Zderzenie pojazdów boczne,1,0,1,Lekko,N,,,,,,,,,,,,,,,,,,
EWK-98658520K,2014,2014-11-25,10,POWIAT RADOMSKI,KOWALA - OBSZAR WIEJSKI,Droga wojewódzka,744,Jednojezdniowa dwukierunkowa,,Obszar zabudowany,"21,2369444444444","51,3755555555556",Jezdnia,Opady deszczu,Światło dzienne,Zderzenie pojazdów boczne,1,0,0,Nieokreślone (puste pole),N,,,,,,,,,,,,,,,,,,
EWK-98657308A,2014,2014-11-25,16,POWIAT GRÓJECKI,MOGIELNICA - OBSZAR WIEJSKI,Droga wojewódzka,728,Jednojezdniowa dwukierunkowa,Odcinek prosty,Obszar niezabudowany,"20,8047222222222","51,7627777777778",Jezdnia,Opady deszczu,Noc - droga nieoświetlona,Zderzenie pojazdów tylne,1,0,1,Lekko,N,,,,,,,,,,,,,,,,,,
EWK-98657308A,2014,2014-11-25,16,POWIAT GRÓJECKI,MOGIELNICA - OBSZAR WIEJSKI,Droga wojewódzka,728,Jednojezdniowa dwukierunkowa,Odcinek prosty,Obszar niezabudowany,"20,8047222222222","51,7627777777778",Jezdnia,Opady deszczu,Noc - droga nieoświetlona,Zderzenie pojazdów tylne,1,0,0,Nieokreślone (puste pole),N,,,,,,,,,,,,,,,,,,
EWK-98660865X,2014,2014-11-25,16,POWIAT SIEDLECKI,PAPROTNIA - OBSZAR WIEJSKI,Droga powiatowa,3500E,Jednojezdniowa dwukierunkowa,Odcinek prosty,Obszar niezabudowany,"22,4952777777778","52,3963888888889",Jezdnia,"Opady śniegu, gradu","Zmrok, świt",Zderzenie pojazdów boczne,1,0,1,Ciężko,N,,,,,,,,,,,,,,,,,,
EWK-98660865X,2014,2014-11-25,16,POWIAT SIEDLECKI,PAPROTNIA - OBSZAR WIEJSKI,Droga powiatowa,3500E,Jednojezdniowa dwukierunkowa,Odcinek prosty,Obszar niezabudowany,"22,4952777777778","52,3963888888889",Jezdnia,"Opady śniegu, gradu","Zmrok, świt",Zderzenie pojazdów boczne,1,0,0,Nieokreślone (puste pole),N,,,,,,,,,,,,,,,,,,
EWK-98657188R,2014,2014-11-25,15,POWIAT GRÓJECKI,MOGIELNICA - OBSZAR WIEJSKI,Droga gminna,GMINNA,Jednojezdniowa dwukierunkowa,Odcinek prosty,Obszar niezabudowany,"20,8897222222222","51,7766666666667",Jezdnia,Pochmurno,"Zmrok, świt",Zderzenie pojazdów boczne,1,0,1,Lekko,T,,,,,,,,,,,,,,,,,,
EWK-98657188R,2014,2014-11-25,15,POWIAT GRÓJECKI,MOGIELNICA - OBSZAR WIEJSKI,Droga gminna,GMINNA,Jednojezdniowa dwukierunkowa,Odcinek prosty,Obszar niezabudowany,"20,8897222222222","51,7766666666667",Jezdnia,Pochmurno,"Zmrok, świt",Zderzenie pojazdów boczne,1,0,0,Nieokreślone (puste pole),T,,,,,,,,,,,,,,,,,,
EWK-98660640Y,2014,2014-11-25,20,POWIAT WYSZKOWSKI,ZABRODZIE - OBSZAR WIEJSKI,Droga krajowa,8,Ekspresowa,Odcinek prosty,Obszar niezabudowany,"21,4852777777778","52,5005555555556",Jezdnia,Pochmurno,Noc - droga nieoświetlona,Zderzenie pojazdów tylne,1,0,1,Lekko,N,,,,,,,,,,,,,,,,,,
EWK-98660640Y,2014,2014-11-25,20,POWIAT WYSZKOWSKI,ZABRODZIE - OBSZAR WIEJSKI,Droga krajowa,8,Ekspresowa,Odcinek prosty,Obszar niezabudowany,"21,4852777777778","52,5005555555556",Jezdnia,Pochmurno,Noc - droga nieoświetlona,Zderzenie pojazdów tylne,1,0,0,Nieokreślone (puste pole),N,,,,,,,,,,,,,,,,,,
EWK-98666058M,2014,2014-11-25,10,POWIAT OSTROŁĘCKI,BARANOWO - OBSZAR WIEJSKI,Droga powiatowa,2536W,Jednojezdniowa dwukierunkowa,,Obszar zabudowany,"21,4447222222222","53,2083333333333",Jezdnia,"Pochmurno; Mgła, dym",Światło dzienne,Zderzenie pojazdów boczne,1,0,1,Lekko,N,,,,,,,,,,,,,,,,,,