IDKSIP,year,date,hour,district,district_commune,road_category,road_number,type_of_road,road_geometry,area,Longitude,Latitude,char_place_of_the_event,weather_conditions,lighting,type_of_accident,num_of_accidents,num_of_fatalities,num_of_injured,type_of_injury,is_offender_intoxicated,,,,,,,,,,,,,,,,,,
EWK-98678340M,2014,2014-12-11,14,POWIAT PŁOCK,PŁOCK - OBSZAR MIEJSKI,Droga powiatowa,P,Jednokierunkowa,,Obszar zabudowany,"19,8316666666667","52,6291666666667",Jezdnia,Dobre warunki atmosferyczne,Światło dzienne,Zderzenie pojazdów boczne,1,0,5,Lekko,N,,,,,,,,,,,,,,,,,,
EWK-98678340M,2014,2014-12-11,14,POWIAT PŁOCK,PŁOCK - OBSZAR MIEJSKI,Droga powiatowa,P,Jednokierunkowa,,Obszar zabudowany,"19,8316666666667","52,6291666666667",Jezdnia,Dobre warunki atmosferyczne,Światło dzienne,Zderzenie pojazdów boczne,1,0,0,Nieokreślone (puste pole),N,,,,,,,,,,,,,,,,,,
EWK-98678405P,2014,2014-12-11,19,POWIAT OSTROWSKI,OSTRÓW MAZOWIECKA - OBSZAR WIEJSKI,Droga krajowa,8,Jednojezdniowa dwukierunkowa,Odcinek prosty,Obszar niezabudowany,"21,8213888888889","52,785",Jezdnia,Dobre warunki atmosferyczne,Noc - droga nieoświetlona,Zderzenie pojazdów czołowe,1,0,2,Ciężko,N,,,,,,,,,,,,,,,,,,
EWK-98678405P,2014,2014-12-11,19,POWIAT OSTROWSKI,OSTRÓW MAZOWIECKA - OBSZAR WIEJSKI,Droga krajowa,8,Jednojezdniowa dwukierunkowa,Odcinek prosty,Obszar niezabudowany,"21,8213888888889","52,785",Jezdnia,Dobre warunki atmosferyczne,Noc - droga nieoświetlona,Zderzenie pojazdów czołowe,1,0,1,Lekko,N,,,,,,,,,,,,,,,,,,
EWK-98678405P,2014,2014-12-11,19,POWIAT OSTROWSKI,OSTRÓW MAZOWIECKA - OBSZAR WIEJSKI,Droga krajowa,8,Jednojezdniowa dwukierunkowa,Odcinek prosty,Obszar niezabudowany,"21,8213888888889","52,785",Jezdnia,Dobre warunki atmosferyczne,Noc - droga nieoświetlona,Zderzenie pojazdów czołowe,1,1,0,Nieokreślone (puste pole),N,,,,,,,,,,,,,,,,,,
EWK-98678454W,2014,2014-12-11,20,POWIAT RADOM,RADOM - OBSZAR MIEJSKI,Droga powiatowa,P5339W,Dwie jezdnie jednokierunkowe,,Obszar zabudowany,"21,16","51,4563888888889",Jezdnia,Dobre warunki atmosferyczne,Noc - droga oświetlona,Zderzenie pojazdów tylne,1,0,1,Lekko,N,,,,,,,,,,,,,,,,,,
EWK-98678454W,2014,2014-12-11,20,POWIAT RADOM,RADOM - OBSZAR MIEJSKI,Droga powiatowa,P5339W,Dwie jezdnie jednokierunkowe,,Obszar zabudowany,"21,16","51,4563888888889",Jezdnia,Dobre warunki atmosferyczne,Noc - droga oświetlona,Zderzenie pojazdów tylne,1,0,0,Nieokreślone (puste pole),N,,,,,,,,,,,,,,,,,,
EWK-98679969R,2014,2014-12-11,17,POWIAT PŁOCK,PŁOCK - OBSZAR MIEJSKI,Droga krajowa,60,Jednojezdniowa dwukierunkowa,,Obszar niezabudowany,"19,7391666666667","52,5963888888889",Przejście dla pieszych,"Mgła, dym",Noc - droga oświetlona,Zderzenie pojazdów boczne,1,0,1,Lekko,N,,,,,,,,,,,,,,,,,,
EWK-98679969R,2014,2014-12-11,17,POWIAT PŁOCK,PŁOCK - OBSZAR MIEJSKI,Droga krajowa,60,Jednojezdniowa dwukierunkowa,,Obszar niezabudowany,"19,7391666666667","52,5963888888889",Przejście dla pieszych,"Mgła, dym",Noc - droga oświetlona,Zderzenie pojazdów boczne,1,0,0,Nieokreślone (puste pole),N,,,,,,,,,,,,,,,,,,
EWK-98693794F,2014,2014-12-11,17,POWIAT RADOM,RADOM - OBSZAR MIEJSKI,Droga powiatowa,P5309W,Jednojezdniowa dwukierunkowa,Odcinek prosty,Obszar zabudowany,"21,2530555555556","51,4433333333333",Przejście dla pieszych,Opady deszczu,Noc - droga oświetlona,Zderzenie pojazdów tylne,1,0,1,Ciężko,N,,,,,,,,,,,,,,,,,,
EWK-98693794F,2014,2014-12-11,17,POWIAT RADOM,RADOM - OBSZAR MIEJSKI,Droga powiatowa,P5309W,Jednojezdniowa dwukierunkowa,Odcinek prosty,Obszar zabudowany,"21,2530555555556","51,4433333333333",Przejście dla pieszych,Opady deszczu,Noc - droga oświetlona,Zderzenie pojazdów tylne,1,0,0,Nieokreślone (puste pole),N,,,,,,,,,,,,,,,,,,
EWK-98678391Y,2014,2014-12-11,6,POWIAT RADOMSKI,GÓZD - OBSZAR WIEJSKI,Droga krajowa,12,Jednojezdniowa dwukierunkowa,,Obszar zabudowany,"21,42","51,4788888888889",Jezdnia,Pochmurno,Noc - droga oświetlona,Najechanie na pieszego,1,1,0,Nieokreślone (puste pole),N,,,,,,,,,,,,,,,,,,
EWK-98678947N,2014,2014-12-11,6,POWIAT KOZIENICKI,KOZIENICE - OBSZAR WIEJSKI,Droga gminna,GMINNA,Jednojezdniowa dwukierunkowa,Odcinek prosty,Obszar niezabudowany,"21,5994444444444","51,7355555555556",Jezdnia,Pochmurno,Noc - droga nieoświetlona,Zderzenie pojazdów czołowe,1,0,1,Ciężko,N,,,,,,,,,,,,,,,,,,
EWK-98678947N,2014,2014-12-11,6,POWIAT KOZIENICKI,KOZIENICE - OBSZAR WIEJSKI,Droga gminna,GMINNA,Jednojezdniowa dwukierunkowa,Odcinek prosty,Obszar niezabudowany,"21,5994444444444","51,7355555555556",Jezdnia,Pochmurno,Noc - droga nieoświetlona,Zderzenie pojazdów czołowe,1,1,0,Nieokreślone (puste pole),N,,,,,,,,,,,,,,,,,,
EWK-98681444J,2014,2014-12-12,19,POWIAT OSTROWSKI,OSTRÓW MAZOWIECKA - OBSZAR WIEJSKI,Droga gminna,GMINNA,Jednojezdniowa dwukierunkowa,Odcinek prosty,Obszar niezabudowany,"22,0061111111111","52,7925",Pobocze,Dobre warunki atmosferyczne,Noc - droga nieoświetlona,Najechanie na drzewo,1,0,3,Ciężko,N,,,,,,,,,,,,,,,,,,
EWK-98681444J,2014,2014-12-12,19,POWIAT OSTROWSKI,OSTRÓW MAZOWIECKA - OBSZAR WIEJSKI,Droga gminna,GMINNA,Jednojezdniowa dwukierunkowa,Odcinek prosty,Obszar niezabudowany,"22,0061111111111","52,7925",Pobocze,Dobre warunki atmosferyczne,Noc - droga nieoświetlona,Najechanie na drzewo,1,1,0,Nieokreślone (puste pole),N,,,,,,,,,,,,,,,,,,
EWK-98682677U,2014,2014-12-12,22,POWIAT MŁAWSKI,MŁAWA - OBSZAR MIEJSKI,Droga wojewódzka,544,Jednojezdniowa dwukierunkowa,Odcinek prosty,Obszar zabudowany,"20,3858333333333","53,2177777777778",Jezdnia,Dobre warunki atmosferyczne,Noc - droga oświetlona,Najechanie na pieszego,1,0,2,Lekko,N,,,,,,,,,,,,,,,,,,
EWK-98682677U,2014,2014-12-12,22,POWIAT MŁAWSKI,MŁAWA - OBSZAR MIEJSKI,Droga wojewódzka,544,Jednojezdniowa dwukierunkowa,Odcinek prosty,Obszar zabudowany,"20,3858333333333","53,2177777777778",Jezdnia,Dobre warunki atmosferyczne,Noc - droga oświetlona,Najechanie na pieszego,1,0,0,Nieokreślone (puste pole),N,,,,,,,,,,,,,,,,,,
EWK-98682728U,2014,2014-12-12,8,POWIAT BIAŁOBRZESKI,BIAŁOBRZEGI - OBSZAR WIEJSKI,Droga krajowa,S7D,Ekspresowa,"Zakręt, łuk",Obszar niezabudowany,"20,9941666666667","51,7322222222222",Jezdnia,Dobre warunki atmosferyczne,Światło dzienne,Wywrócenie się pojazdu,1,0,1,Lekko,N,,,,,,,,,,,,,,,,,,
EWK-98680948R,2014,2014-12-12,16,POWIAT MŁAWSKI,MŁAWA - OBSZAR MIEJSKI,Droga krajowa,7,Jednojezdniowa dwukierunkowa,,Obszar zabudowany,"20,545","53,2319444444445",Jezdnia,Dobre warunki atmosferyczne,Noc - droga oświetlona,Zderzenie pojazdów boczne,1,0,1,Ciężko,N,,,,,,,,,,,,,,,,,,
EWK-98680948R,2014,2014-12-12,16,POWIAT MŁAWSKI,MŁAWA - OBSZAR MIEJSKI,Droga krajowa,7,Jednojezdniowa dwukierunkowa,,Obszar zabudowany,"20,545","53,2319444444445",Jezdnia,Dobre warunki atmosferyczne,Noc - droga oświetlona,Zderzenie pojazdów boczne,1,0,0,Nieokreślone (puste pole),N,,,,,,,,,,,,,,,,,,
EWK-98681362R,2014,2014-12-12,7,POWIAT RADOM,RADOM - OBSZAR MIEJSKI,Droga gminna,G530152W,Jednojezdniowa dwukierunkowa,Odcinek prosty,Obszar zabudowany,"21,1861111111111","51,4583333333333",Jezdnia,Dobre warunki atmosferyczne,Światło dzienne,Zderzenie pojazdów boczne,1,0,1,Lekko,N,,,,,,,,,,,,,,,,,,
EWK-98681362R,2014,2014-12-12,7,POWIAT RADOM,RADOM - OBSZAR MIEJSKI,Droga gminna,G530152W,Jednojezdniowa dwukierunkowa,Odcinek prosty,Obszar zabudowany,"21,1861111111111","51,4583333333333",Jezdnia,Dobre warunki atmosferyczne,Światło dzienne,Zderzenie pojazdów boczne,1,0,0,Nieokreślone (puste pole),N,,,,,,,,,,,,,,,,,,
EWK-98688092C,2014,2014-12-12,8,POWIAT BIAŁOBRZESKI,BIAŁOBRZEGI - OBSZAR WIEJSKI,Droga powiatowa,P1121W,Jednojezdniowa dwukierunkowa,Odcinek prosty,Obszar zabudowany,"20,975","51,7263888888889",Jezdnia,Dobre warunki atmosferyczne,Światło dzienne,Zderzenie pojazdów boczne,1,0,4,Lekko,N,,,,,,,,,,,,,,,,,,
EWK-98688092C,2014,2014-12-12,8,POWIAT BIAŁOBRZESKI,BIAŁOBRZEGI - OBSZAR WIEJSKI,Droga powiatowa,P1121W,Jednojezdniowa dwukierunkowa,Odcinek prosty,Obszar zabudowany,"20,975","51,7263888888889",Jezdnia,Dobre warunki atmosferyczne,Światło dzienne,Zderzenie pojazdów boczne,1,0,0,Nieokreślone (puste pole),N,,,,,,,,,,,,,,,,,,
EWK-98683982P,2014,2014-12-12,6,POWIAT SIEDLCE,SIEDLCE - OBSZAR MIEJSKI,Droga wojewódzka,W628,Jednojezdniowa dwukierunkowa,,Obszar zabudowany,"22,37","52,1813888888889",Jezdnia,Dobre warunki atmosferyczne,"Zmrok, świt",Zderzenie pojazdów czołowe,1,0,2,Lekko,N,,,,,,,,,,,,,,,,,,
EWK-98681441T,2014,2014-12-12,16,POWIAT RADOM,RADOM - OBSZAR MIEJSKI,Nieokreślone (puste pole),,Dwie jezdnie jednokierunkowe,,Obszar zabudowany,"21,1938888888889","51,5261111111111",Jezdnia,Dobre warunki atmosferyczne,"Zmrok, świt",Zderzenie pojazdów tylne,1,0,2,Lekko,N,,,,,,,,,,,,,,,,,,
EWK-98681441T,2014,2014-12-12,16,POWIAT RADOM,RADOM - OBSZAR MIEJSKI,Nieokreślone (puste pole),,Dwie jezdnie jednokierunkowe,,Obszar zabudowany,"21,1938888888889","51,5261111111111",Jezdnia,Dobre warunki atmosferyczne,"Zmrok, świt",Zderzenie pojazdów tylne,1,0,0,Nieokreślone (puste pole),N,,,,,,,,,,,,,,,,,,
EWK-98684387R,2014,2014-12-12,12,POWIAT SIEDLECKI,ZBUCZYN - OBSZAR WIEJSKI,Droga gminna,GMINNA,Jednojezdniowa dwukierunkowa,Odcinek prosty,Obszar zabudowany,"22,4186111111111","52,0766666666667",Jezdnia,Opady deszczu,Światło dzienne,Zderzenie pojazdów boczne,1,0,1,Lekko,N,,,,,,,,,,,,,,,,,,
EWK-98684387R,2014,2014-12-12,12,POWIAT SIEDLECKI,ZBUCZYN - OBSZAR WIEJSKI,Droga gminna,GMINNA,Jednojezdniowa dwukierunkowa,Odcinek prosty,Obszar zabudowany,"22,4186111111111","52,0766666666667",Jezdnia,Opady deszczu,Światło dzienne,Zderzenie pojazdów boczne,1,0,0,Nieokreślone (puste pole),N,,,,,,,,,,,,,,,,,,
EWK-98681357H,2014,2014-12-12,8,POWIAT PUŁTUSKI,ZATORY - OBSZAR WIEJSKI,Droga powiatowa,P3432W,Jednojezdniowa dwukierunkowa,"Zakręt, łuk",Obszar zabudowany,"21,2258333333333","52,7438888888889",Jezdnia,Pochmurno,Światło dzienne,Najechanie na drzewo,1,0,2,Ciężko,N,,,,,,,,,,,,,,,,,,
EWK-98681357H,2014,2014-12-12,8,POWIAT PUŁTUSKI,ZATORY - OBSZAR WIEJSKI,Droga powiatowa,P3432W,Jednojezdniowa dwukierunkowa,"Zakręt, łuk",Obszar zabudowany,"21,2258333333333","52,7438888888889",Jezdnia,Pochmurno,Światło dzienne,Najechanie na drzewo,1,1,0,Nieokreślone (puste pole),N,,,,,,,,,,,,,,,,,,
EWK-98681047H,2014,2014-12-12,20,POWIAT PŁOCK,PŁOCK - OBSZAR MIEJSKI,Droga powiatowa,P,Jednojezdniowa dwukierunkowa,,Obszar zabudowany,"19,7558333333333","52,5908333333333",Jezdnia,Pochmurno,Noc - droga oświetlona,Najechanie na pieszego,1,0,1,Ciężko,T,,,,,,,,,,,,,,,,,,
EWK-98681047H,2014,2014-12-12,20,POWIAT PŁOCK,PŁOCK - OBSZAR MIEJSKI,Droga powiatowa,P,Jednojezdniowa dwukierunkowa,,Obszar zabudowany,"19,7558333333333","52,5908333333333",Jezdnia,Pochmurno,Noc - droga oświetlona,Najechanie na pieszego,1,0,0,Nieokreślone (puste pole),T,,,,,,,,,,,,,,,,,,
EWK-98681610W,2014,2014-12-12,17,POWIAT ZWOLEŃSKI,PRZYŁĘK - OBSZAR WIEJSKI,Droga powiatowa,P4528W,Jednojezdniowa dwukierunkowa,Odcinek prosty,Obszar zabudowany,"21,8022222222222","51,4486111111111",Jezdnia,Pochmurno,Noc - droga oświetlona,Najechanie na pieszego,1,0,1,Ciężko,N,,,,,,,,,,,,,,,,,,
EWK-98681610W,2014,2014-12-12,17,POWIAT ZWOLEŃSKI,PRZYŁĘK - OBSZAR WIEJSKI,Droga powiatowa,P4528W,Jednojezdniowa dwukierunkowa,Odcinek prosty,Obszar zabudowany,"21,8022222222222","51,4486111111111",Jezdnia,Pochmurno,Noc - droga oświetlona,Najechanie na pieszego,1,0,0,Nieokreślone (puste pole),N,,,,,,,,,,,,,,,,,,
EWK-98683734U,2014,2014-12-12,17,POWIAT KOZIENICKI,KOZIENICE - OBSZAR MIEJSKI,Droga gminna,GMINNA,Jednojezdniowa dwukierunkowa,Odcinek prosty,Obszar zabudowany,"21,5430555555556","51,6472222222222",Przejście dla pieszych,Pochmurno,"Zmrok, świt",Najechanie na pieszego,1,0,1,Lekko,N,,,,,,,,,,,,,,,,,,
EWK-98683734U,2014,2014-12-12,17,POWIAT KOZIENICKI,KOZIENICE - OBSZAR MIEJSKI,Droga gminna,GMINNA,Jednojezdniowa dwukierunkowa,Odcinek prosty,Obszar zabudowany,"21,5430555555556","51,6472222222222",Przejście dla pieszych,Pochmurno,"Zmrok, świt",Najechanie na pieszego,1,0,0,Nieokreślone (puste pole),N,,,,,,,,,,,,,,,,,,
EWK-98682876F,2014,2014-12-12,6,POWIAT PRZYSUSKI,ODRZYWÓŁ - OBSZAR WIEJSKI,Droga powiatowa,34345W,Jednojezdniowa dwukierunkowa,Odcinek prosty,Obszar niezabudowany,"20,4472222222222","51,6547222222222",Pobocze,Pochmurno,Światło dzienne,Wywrócenie się pojazdu,1,0,1,Ciężko,N,,,,,,,,,,,,,,,,,,
EWK-98682876F,2014,2014-12-12,6,POWIAT PRZYSUSKI,ODRZYWÓŁ - OBSZAR WIEJSKI,Droga powiatowa,34345W,Jednojezdniowa dwukierunkowa,Odcinek prosty,Obszar niezabudowany,"20,4472222222222","51,6547222222222",Pobocze,Pochmurno,Światło dzienne,Wywrócenie się pojazdu,1,0,3,Lekko,N,,,,,,,,,,,,,,,,,,
EWK-98682876F,2014,2014-12-12,6,POWIAT PRZYSUSKI,ODRZYWÓŁ - OBSZAR WIEJSKI,Droga powiatowa,34345W,Jednojezdniowa dwukierunkowa,Odcinek prosty,Obszar niezabudowany,"20,4472222222222","51,6547222222222",Pobocze,Pochmurno,Światło dzienne,Wywrócenie się pojazdu,1,0,0,Nieokreślone (puste pole),N,,,,,,,,,,,,,,,,,,
EWK-98683323H,2014,2014-12-12,20,POWIAT WĘGROWSKI,WĘGRÓW - OBSZAR MIEJSKI,Nieokreślone (puste pole),,Jednojezdniowa dwukierunkowa,,Obszar zabudowany,"22,1591666666667","52,5208333333333",Jezdnia,Pochmurno,Noc - droga oświetlona,Zderzenie pojazdów boczne,1,0,1,Lekko,N,,,,,,,,,,,,,,,,,,
EWK-98683323H,2014,2014-12-12,20,POWIAT WĘGROWSKI,WĘGRÓW - OBSZAR MIEJSKI,Nieokreślone (puste pole),,Jednojezdniowa dwukierunkowa,,Obszar zabudowany,"22,1591666666667","52,5208333333333",Jezdnia,Pochmurno,Noc - droga oświetlona,Zderzenie pojazdów boczne,1,0,0,Nieokreślone (puste pole),N,,,,,,,,,,,,,,,,,,
EWK-98686224H,2014,2014-12-12,8,POWIAT WYSZKOWSKI,WYSZKÓW - OBSZAR MIEJSKI,Droga gminna,G440516W,Jednojezdniowa dwukierunkowa,Odcinek prosty,Obszar zabudowany,"21,4402777777778","52,7158333333333",Jezdnia,Pochmurno,Światło dzienne,Zderzenie pojazdów boczne,1,0,1,Ciężko,N,,,,,,,,,,,,,,,,,,
EWK-98686224H,2014,2014-12-12,8,POWIAT WYSZKOWSKI,WYSZKÓW - OBSZAR MIEJSKI,Droga gminna,G440516W,Jednojezdniowa dwukierunkowa,Odcinek prosty,Obszar zabudowany,"21,4402777777778","52,7158333333333",Jezdnia,Pochmurno,Światło dzienne,Zderzenie pojazdów boczne,1,0,0,Nieokreślone (puste pole),N,,,,,,,,,,,,,,,,,,
EWK-98681879Q,2014,2014-12-12,6,POWIAT OSTROWSKI,OSTRÓW MAZOWIECKA - OBSZAR WIEJSKI,Droga krajowa,8,Jednojezdniowa dwukierunkowa,Odcinek prosty,Obszar niezabudowany,"22,0116666666667","52,9480555555556",Jezdnia,Pochmurno,"Zmrok, świt",Zderzenie pojazdów czołowe,1,2,0,Nieokreślone (puste pole),N,,,,,,,,,,,,,,,,,,
EWK-98681336J,2014,2014-12-12,8,POWIAT RADOMSKI,JEDLNIA-LETNISKO - OBSZAR WIEJSKI,Droga gminna,GMINNA,Jednojezdniowa dwukierunkowa,Odcinek prosty,Obszar niezabudowany,"21,4052777777778","51,4533333333333",Jezdnia,Pochmurno,Światło dzienne,Zderzenie pojazdów czołowe,1,0,1,Lekko,N,,,,,,,,,,,,,,,,,,
EWK-98681336J,2014,2014-12-12,8,POWIAT RADOMSKI,JEDLNIA-LETNISKO - OBSZAR WIEJSKI,Droga gminna,GMINNA,Jednojezdniowa dwukierunkowa,Odcinek prosty,Obszar niezabudowany,"21,4052777777778","51,4533333333333",Jezdnia,Pochmurno,Światło dzienne,Zderzenie pojazdów czołowe,1,0,0,Nieokreślone (puste pole),N,,,,,,,,,,,,,,,,,,
EWK-98680838E,2014,2014-12-13,16,POWIAT SOCHACZEWSKI,IŁÓW - OBSZAR WIEJSKI,Droga gminna,GMINNA,Jednojezdniowa dwukierunkowa,Odcinek prosty,Obszar zabudowany,"20,1538888888889","52,4719444444444",Jezdnia,Dobre warunki atmosferyczne,Noc - droga nieoświetlona,Najechanie na drzewo,1,1,0,Nieokreślone (puste pole),N,,,,,,,,,,,,,,,,,,
EWK-98686276R,2014,2014-12-13,15,POWIAT OSTROŁĘKA,OSTROŁĘKA - OBSZAR MIEJSKI,Droga powiatowa,2569W,Jednojezdniowa dwukierunkowa,Odcinek prosty,Obszar zabudowany,"21,5897222222222","53,1611111111111",Jezdnia,Dobre warunki atmosferyczne,Noc - droga oświetlona,Najechanie na pieszego,1,0,1,Lekko,T,,,,,,,,,,,,,,,,,,
EWK-98686276R,2014,2014-12-13,15,POWIAT OSTROŁĘKA,OSTROŁĘKA - OBSZAR MIEJSKI,Droga powiatowa,2569W,Jednojezdniowa dwukierunkowa,Odcinek prosty,Obszar zabudowany,"21,5897222222222","53,1611111111111",Jezdnia,Dobre warunki atmosferyczne,Noc - droga oświetlona,Najechanie na pieszego,1,0,0,Nieokreślone (puste pole),T,,,,,,,,,,,,,,,,,,
EWK-98683568G,2014,2014-12-13,17,POWIAT ŻUROMIŃSKI,KUCZBORK-OSADA - OBSZAR WIEJSKI,Droga powiatowa,P4602W,Jednojezdniowa dwukierunkowa,Odcinek prosty,Obszar zabudowany,"20,1019444444444","53,1441666666667",Pobocze,Dobre warunki atmosferyczne,Noc - droga oświetlona,Zderzenie pojazdów tylne,1,0,1,Ciężko,N,,,,,,,,,,,,,,,,,,
EWK-98683568G,2014,2014-12-13,17,POWIAT ŻUROMIŃSKI,KUCZBORK-OSADA - OBSZAR WIEJSKI,Droga powiatowa,P4602W,Jednojezdniowa dwukierunkowa,Odcinek prosty,Obszar zabudowany,"20,1019444444444","53,1441666666667",Pobocze,Dobre warunki atmosferyczne,Noc - droga oświetlona,Zderzenie pojazdów tylne,1,0,0,Nieokreślone (puste pole),N,,,,,,,,,,,,,,,,,,
EWK-98682369H,2014,2014-12-13,22,POWIAT RADOM,RADOM - OBSZAR MIEJSKI,Droga gminna,G530023W,Jednojezdniowa dwukierunkowa,Odcinek prosty,Obszar zabudowany,"21,2352777777778","51,4283333333333",Przejście dla pieszych,Opady deszczu,Noc - droga oświetlona,Najechanie na pieszego,1,0,1,Lekko,N,,,,,,,,,,,,,,,,,,
EWK-98682369H,2014,2014-12-13,22,POWIAT RADOM,RADOM - OBSZAR MIEJSKI,Droga gminna,G530023W,Jednojezdniowa dwukierunkowa,Odcinek prosty,Obszar zabudowany,"21,2352777777778","51,4283333333333",Przejście dla pieszych,Opady deszczu,Noc - droga oświetlona,Najechanie na pieszego,1,0,0,Nieokreślone (puste pole),N,,,,,,,,,,,,,,,,,,
EWK-98681391Y,2014,2014-12-13,17,POWIAT GOSTYNIŃSKI,GOSTYNIN - OBSZAR WIEJSKI,Droga krajowa,S60G,Jednojezdniowa dwukierunkowa,,Obszar niezabudowany,"19,5208333333333","52,4383333333333",Jezdnia,Pochmurno,Noc - droga oświetlona,Zderzenie pojazdów boczne,1,0,1,Ciężko,N,,,,,,,,,,,,,,,,,,
EWK-98681391Y,2014,2014-12-13,17,POWIAT GOSTYNIŃSKI,GOSTYNIN - OBSZAR WIEJSKI,Droga krajowa,S60G,Jednojezdniowa dwukierunkowa,,Obszar niezabudowany,"19,5208333333333","52,4383333333333",Jezdnia,Pochmurno,Noc - droga oświetlona,Zderzenie pojazdów boczne,1,0,0,Nieokreślone (puste pole),N,,,,,,,,,,,,,,,,,,
EWK-98684595L,2014,2014-12-13,11,POWIAT PŁOCK,PŁOCK - OBSZAR MIEJSKI,Droga gminna,GMINNA,Jednokierunkowa,Odcinek prosty,Obszar zabudowany,"19,8877777777778","52,5691666666667",Droga dla rowerzystów,Pochmurno,Światło dzienne,Zderzenie pojazdów boczne,1,0,1,Lekko,N,,,,,,,,,,,,,,,,,,
EWK-98684595L,2014,2014-12-13,11,POWIAT PŁOCK,PŁOCK - OBSZAR MIEJSKI,Droga gminna,GMINNA,Jednokierunkowa,Odcinek prosty,Obszar zabudowany,"19,8877777777778","52,5691666666667",Droga dla rowerzystów,Pochmurno,Światło dzienne,Zderzenie pojazdów boczne,1,0,0,Nieokreślone (puste pole),N,,,,,,,,,,,,,,,,,,
EWK-98682516E,2014,2014-12-13,14,POWIAT WĘGROWSKI,WĘGRÓW - OBSZAR MIEJSKI,Nieokreślone (puste pole),,Jednojezdniowa dwukierunkowa,,Obszar zabudowany,"22,0327777777778","52,4972222222222",Jezdnia,Pochmurno,Światło dzienne,Zderzenie pojazdów boczne,1,0,1,Lekko,N,,,,,,,,,,,,,,,,,,
EWK-98682516E,2014,2014-12-13,14,POWIAT WĘGROWSKI,WĘGRÓW - OBSZAR MIEJSKI,Nieokreślone (puste pole),,Jednojezdniowa dwukierunkowa,,Obszar zabudowany,"22,0327777777778","52,4972222222222",Jezdnia,Pochmurno,Światło dzienne,Zderzenie pojazdów boczne,1,0,0,Nieokreślone (puste pole),N,,,,,,,,,,,,,,,,,,
EWK-98684616K,2014,2014-12-13,13,N,POWIAT SOKOŁOWSKI, Spadek,62,Droga krajowa,Odcinek prosty,Obszar zabudowany,"22,3891666666667","52,4741666666667",Jezdnia,Pochmurno,Światło dzienne,Zderzenie pojazdów boczne,1,0,1,Lekko,Jednojezdniowa dwukierunkowa,,,,,,,,,,,,,,,,,,SOKOŁÓW PODLASKI - OBSZAR MIEJSKI
EWK-98684616K,2014,2014-12-13,13,N,POWIAT SOKOŁOWSKI, Spadek,62,Droga krajowa,Odcinek prosty,Obszar zabudowany,"22,3891666666667","52,4741666666667",Jezdnia,Pochmurno,Światło dzienne,Zderzenie pojazdów boczne,1,0,0,Nieokreślone (puste pole),Jednojezdniowa dwukierunkowa,,,,,,,,,,,,,,,,,,SOKOŁÓW PODLASKI - OBSZAR MIEJSKI
EWK-98684353E,2014,2014-12-14,10,POWIAT SIEDLCE,SIEDLCE - OBSZAR MIEJSKI,Droga wojewódzka,W628,Jednojezdniowa dwukierunkowa,Odcinek prosty,Obszar zabudowany,"22,3294444444444","52,2416666666667",Jezdnia,Opady deszczu,Światło dzienne,Zderzenie pojazdów boczne,1,0,1,Ciężko,N,,,,,,,,,,,,,,,,,,
EWK-98684353E,2014,2014-12-14,10,POWIAT SIEDLCE,SIEDLCE - OBSZAR MIEJSKI,Droga wojewódzka,W628,Jednojezdniowa dwukierunkowa,Odcinek prosty,Obszar zabudowany,"22,3294444444444","52,2416666666667",Jezdnia,Opady deszczu,Światło dzienne,Zderzenie pojazdów boczne,1,0,0,Nieokreślone (puste pole),N,,,,,,,,,,,,,,,,,,
EWK-98684427M,2014,2014-12-14,11,POWIAT SIEDLECKI,SKÓRZEC - OBSZAR WIEJSKI,Droga wojewódzka,803,Jednojezdniowa dwukierunkowa,"Zakręt, łuk",Obszar zabudowany,"22,2591666666667","52,1730555555556",Jezdnia,Opady deszczu,Światło dzienne,Zderzenie pojazdów czołowe,1,0,2,Ciężko,N,,,,,,,,,,,,,,,,,,
EWK-98684427M,2014,2014-12-14,11,POWIAT SIEDLECKI,SKÓRZEC - OBSZAR WIEJSKI,Droga wojewódzka,803,Jednojezdniowa dwukierunkowa,"Zakręt, łuk",Obszar zabudowany,"22,2591666666667","52,1730555555556",Jezdnia,Opady deszczu,Światło dzienne,Zderzenie pojazdów czołowe,1,0,2,Lekko,N,,,,,,,,,,,,,,,,,,
EWK-98684427M,2014,2014-12-14,11,POWIAT SIEDLECKI,SKÓRZEC - OBSZAR WIEJSKI,Droga wojewódzka,803,Jednojezdniowa dwukierunkowa,"Zakręt, łuk",Obszar zabudowany,"22,2591666666667","52,1730555555556",Jezdnia,Opady deszczu,Światło dzienne,Zderzenie pojazdów czołowe,1,0,0,Nieokreślone (puste pole),N,,,,,,,,,,,,,,,,,,
EWK-98685961X,2014,2014-12-14,22,POWIAT GRÓJECKI,WARKA - OBSZAR WIEJSKI,Droga wojewódzka,731,Jednojezdniowa dwukierunkowa,Odcinek prosty,Obszar niezabudowany,"21,265","51,9069444444444","Skarpa, rów","Opady deszczu; Mgła, dym",Noc - droga oświetlona,Wywrócenie się pojazdu,1,0,1,Lekko,N,,,,,,,,,,,,,,,,,,