IDKSIP,year,date,hour,district,district_commune,road_category,road_number,type_of_road,road_geometry,area,Longitude,Latitude,char_place_of_the_event,weather_conditions,lighting,type_of_accident,num_of_accidents,num_of_fatalities,num_of_injured,type_of_injury,is_offender_intoxicated,,,,,,,,,,,,,,,,,,
EWK-98693188F,2014,2014-12-19,14,POWIAT SIERPECKI,SIERPC - OBSZAR MIEJSKI,Nieokreślone (puste pole),,Jednojezdniowa dwukierunkowa,Odcinek prosty,Obszar zabudowany,"19,6919444444444","52,8775",Przejście dla pieszych,Opady deszczu,Światło dzienne,Najechanie na pieszego,1,0,0,Nieokreślone (puste pole),N,,,,,,,,,,,,,,,,,,
EWK-98691940P,2014,2014-12-19,7,POWIAT RADOMSKI,PIONKI - OBSZAR MIEJSKI,Droga gminna,GMINNA,Jednojezdniowa dwukierunkowa,,Obszar zabudowany,"21,5772222222222","51,6025",Jezdnia,Opady deszczu,Światło dzienne,Zderzenie pojazdów boczne,1,0,1,Lekko,N,,,,,,,,,,,,,,,,,,
EWK-98691940P,2014,2014-12-19,7,POWIAT RADOMSKI,PIONKI - OBSZAR MIEJSKI,Droga gminna,GMINNA,Jednojezdniowa dwukierunkowa,,Obszar zabudowany,"21,5772222222222","51,6025",Jezdnia,Opady deszczu,Światło dzienne,Zderzenie pojazdów boczne,1,0,0,Nieokreślone (puste pole),N,,,,,,,,,,,,,,,,,,
EWK-98694548P,2014,2014-12-19,22,POWIAT BIAŁOBRZESKI,BIAŁOBRZEGI - OBSZAR WIEJSKI,Droga krajowa,S7D,Ekspresowa,"Zakręt, łuk",Obszar niezabudowany,"21,0469444444444","51,7419444444444",Jezdnia,Opady deszczu,Noc - droga nieoświetlona,Zderzenie pojazdów tylne,1,0,2,Lekko,N,,,,,,,,,,,,,,,,,,
EWK-98694548P,2014,2014-12-19,22,POWIAT BIAŁOBRZESKI,BIAŁOBRZEGI - OBSZAR WIEJSKI,Droga krajowa,S7D,Ekspresowa,"Zakręt, łuk",Obszar niezabudowany,"21,0469444444444","51,7419444444444",Jezdnia,Opady deszczu,Noc - droga nieoświetlona,Zderzenie pojazdów tylne,1,0,0,Nieokreślone (puste pole),N,,,,,,,,,,,,,,,,,,
EWK-98696488F,2014,2014-12-19,14,POWIAT RADOM,RADOM - OBSZAR MIEJSKI,Droga powiatowa,P5307W,Dwie jezdnie jednokierunkowe,Odcinek prosty,Obszar zabudowany,"21,2366666666667","51,5063888888889",Przejście dla pieszych,Pochmurno,Światło dzienne,Najechanie na pieszego,1,0,1,Ciężko,N,,,,,,,,,,,,,,,,,,
EWK-98696488F,2014,2014-12-19,14,POWIAT RADOM,RADOM - OBSZAR MIEJSKI,Droga powiatowa,P5307W,Dwie jezdnie jednokierunkowe,Odcinek prosty,Obszar zabudowany,"21,2366666666667","51,5063888888889",Przejście dla pieszych,Pochmurno,Światło dzienne,Najechanie na pieszego,1,0,0,Nieokreślone (puste pole),N,,,,,,,,,,,,,,,,,,
EWK-98696577N,2014,2014-12-19,17,POWIAT RADOMSKI,ZAKRZEW - OBSZAR WIEJSKI,Droga powiatowa,34404W,Jednojezdniowa dwukierunkowa,Odcinek prosty,Obszar zabudowany,"21,0441666666667","51,4677777777778",Jezdnia,Pochmurno,Noc - droga oświetlona,Zderzenie pojazdów czołowe,1,1,0,Nieokreślone (puste pole),T,,,,,,,,,,,,,,,,,,
EWK-98696541M,2014,2014-12-19,13,POWIAT RADOM,RADOM - OBSZAR MIEJSKI,Droga powiatowa,P1715W,Jednojezdniowa dwukierunkowa,"Zakręt, łuk",Obszar niezabudowany,"21,1888888888889","51,5466666666667",Jezdnia,Pochmurno,Światło dzienne,Zderzenie pojazdów czołowe,1,0,1,Ciężko,N,,,,,,,,,,,,,,,,,,
EWK-98696541M,2014,2014-12-19,13,POWIAT RADOM,RADOM - OBSZAR MIEJSKI,Droga powiatowa,P1715W,Jednojezdniowa dwukierunkowa,"Zakręt, łuk",Obszar niezabudowany,"21,1888888888889","51,5466666666667",Jezdnia,Pochmurno,Światło dzienne,Zderzenie pojazdów czołowe,1,0,0,Nieokreślone (puste pole),N,,,,,,,,,,,,,,,,,,
EWK-98697327P,2014,2014-12-19,13,POWIAT PUŁTUSKI,POKRZYWNICA - OBSZAR WIEJSKI,Droga krajowa,61,Jednojezdniowa dwukierunkowa,Odcinek prosty,Obszar niezabudowany,"21,1316666666667","52,7961111111111",Jezdnia,Pochmurno,Światło dzienne,Zderzenie pojazdów czołowe,1,1,0,Nieokreślone (puste pole),N,,,,,,,,,,,,,,,,,,
EWK-98695256K,2014,2014-12-20,19,POWIAT ŁOSICKI,SARNAKI - OBSZAR WIEJSKI,Droga krajowa,19,Jednojezdniowa dwukierunkowa,Odcinek prosty,Obszar niezabudowany,"22,8877777777778","52,3894444444444",Jezdnia,Dobre warunki atmosferyczne,Noc - droga nieoświetlona,Najechanie na pieszego,1,1,0,Nieokreślone (puste pole),N,,,,,,,,,,,,,,,,,,
EWK-98696362U,2014,2014-12-20,3,POWIAT PŁOŃSKI,DZIERZĄŻNIA - OBSZAR WIEJSKI,Droga krajowa,10,Jednojezdniowa dwukierunkowa,Odcinek prosty,Obszar zabudowany,"20,3297222222222","52,6955555555556",Jezdnia,Dobre warunki atmosferyczne,Noc - droga nieoświetlona,Wywrócenie się pojazdu,1,0,2,Ciężko,N,,,,,,,,,,,,,,,,,,
EWK-98696362U,2014,2014-12-20,3,POWIAT PŁOŃSKI,DZIERZĄŻNIA - OBSZAR WIEJSKI,Droga krajowa,10,Jednojezdniowa dwukierunkowa,Odcinek prosty,Obszar zabudowany,"20,3297222222222","52,6955555555556",Jezdnia,Dobre warunki atmosferyczne,Noc - droga nieoświetlona,Wywrócenie się pojazdu,1,0,3,Lekko,N,,,,,,,,,,,,,,,,,,
EWK-98693129M,2014,2014-12-20,5,POWIAT SOCHACZEWSKI,BROCHÓW - OBSZAR WIEJSKI,Droga wojewódzka,705,Jednojezdniowa dwukierunkowa,Odcinek prosty,Obszar zabudowany,"20,2905555555556","52,4761111111111",Jezdnia,Dobre warunki atmosferyczne,Noc - droga nieoświetlona,Zderzenie pojazdów czołowe,1,0,2,Lekko,N,,,,,,,,,,,,,,,,,,
EWK-98697141W,2014,2014-12-20,3,POWIAT KOZIENICKI,GŁOWACZÓW - OBSZAR WIEJSKI,Droga wojewódzka,730,Jednojezdniowa dwukierunkowa,"Zakręt, łuk",Obszar niezabudowany,"21,3405555555556","51,7022222222222",Pobocze,Opady deszczu,Noc - droga nieoświetlona,Najechanie na drzewo,1,0,1,Lekko,N,,,,,,,,,,,,,,,,,,
EWK-98693432C,2014,2014-12-20,20,POWIAT CIECHANOWSKI,SOŃSK - OBSZAR WIEJSKI,Droga powiatowa,P2421W,Jednojezdniowa dwukierunkowa,Odcinek prosty,Obszar niezabudowany,"20,7119444444444","52,9591666666667",Jezdnia,Opady deszczu,Noc - droga nieoświetlona,Najechanie na pieszego,1,1,0,Nieokreślone (puste pole),N,,,,,,,,,,,,,,,,,,
EWK-98696012N,2014,2014-12-20,19,POWIAT PŁOCK,PŁOCK - OBSZAR MIEJSKI,Droga powiatowa,P,Jednojezdniowa dwukierunkowa,Odcinek prosty,Obszar zabudowany,"19,8588888888889","52,6455555555556",Jezdnia,Opady deszczu,Noc - droga oświetlona,Najechanie na pieszego,1,0,1,Ciężko,N,,,,,,,,,,,,,,,,,,
EWK-98696012N,2014,2014-12-20,19,POWIAT PŁOCK,PŁOCK - OBSZAR MIEJSKI,Droga powiatowa,P,Jednojezdniowa dwukierunkowa,Odcinek prosty,Obszar zabudowany,"19,8588888888889","52,6455555555556",Jezdnia,Opady deszczu,Noc - droga oświetlona,Najechanie na pieszego,1,0,0,Nieokreślone (puste pole),N,,,,,,,,,,,,,,,,,,
EWK-98697073C,2014,2014-12-20,0,POWIAT RADOM,RADOM - OBSZAR MIEJSKI,Droga powiatowa,P5304W  ,Jednojezdniowa dwukierunkowa,Odcinek prosty,Obszar zabudowany,"21,2966666666667","51,4441666666667",Jezdnia,Opady deszczu,Noc - droga oświetlona,Najechanie na pieszego,1,0,1,Ciężko,N,,,,,,,,,,,,,,,,,,
EWK-98697073C,2014,2014-12-20,0,POWIAT RADOM,RADOM - OBSZAR MIEJSKI,Droga powiatowa,P5304W  ,Jednojezdniowa dwukierunkowa,Odcinek prosty,Obszar zabudowany,"21,2966666666667","51,4441666666667",Jezdnia,Opady deszczu,Noc - droga oświetlona,Najechanie na pieszego,1,0,0,Nieokreślone (puste pole),N,,,,,,,,,,,,,,,,,,
EWK-98696418X,2014,2014-12-20,22,POWIAT SIEDLCE,SIEDLCE - OBSZAR MIEJSKI,Droga wojewódzka,W628,Jednojezdniowa dwukierunkowa,Odcinek prosty,Obszar zabudowany,"22,3641666666667","52,1722222222222",Przejście dla pieszych,Opady deszczu,Noc - droga oświetlona,Najechanie na pieszego,1,0,1,Lekko,N,,,,,,,,,,,,,,,,,,
EWK-98696418X,2014,2014-12-20,22,POWIAT SIEDLCE,SIEDLCE - OBSZAR MIEJSKI,Droga wojewódzka,W628,Jednojezdniowa dwukierunkowa,Odcinek prosty,Obszar zabudowany,"22,3641666666667","52,1722222222222",Przejście dla pieszych,Opady deszczu,Noc - droga oświetlona,Najechanie na pieszego,1,0,0,Nieokreślone (puste pole),N,,,,,,,,,,,,,,,,,,
EWK-98693124R,2014,2014-12-20,18,POWIAT SOCHACZEWSKI,TERESIN - OBSZAR WIEJSKI,Droga powiatowa,3831W,Jednojezdniowa dwukierunkowa,Odcinek prosty,Obszar niezabudowany,"20,5108333333333","52,2669444444444",Jezdnia,Opady deszczu,Noc - droga nieoświetlona,Zderzenie pojazdów boczne,1,0,2,Lekko,N,,,,,,,,,,,,,,,,,,
EWK-98695229C,2014,2014-12-20,20,POWIAT OSTROŁĘKA,OSTROŁĘKA - OBSZAR MIEJSKI,Droga krajowa,61,Jednojezdniowa dwukierunkowa,Odcinek prosty,Obszar zabudowany,"21,6788888888889","53,2083333333333",Jezdnia,Pochmurno,Noc - droga oświetlona,Najechanie na pieszego,1,0,1,Ciężko,T,,,,,,,,,,,,,,,,,,
EWK-98695229C,2014,2014-12-20,20,POWIAT OSTROŁĘKA,OSTROŁĘKA - OBSZAR MIEJSKI,Droga krajowa,61,Jednojezdniowa dwukierunkowa,Odcinek prosty,Obszar zabudowany,"21,6788888888889","53,2083333333333",Jezdnia,Pochmurno,Noc - droga oświetlona,Najechanie na pieszego,1,0,0,Nieokreślone (puste pole),T,,,,,,,,,,,,,,,,,,
EWK-98695983E,2014,2014-12-20,8,POWIAT PŁOCKI,RADZANOWO - OBSZAR WIEJSKI,Droga wojewódzka,567,Jednojezdniowa dwukierunkowa,Odcinek prosty,Obszar zabudowany,"19,8766666666667","52,625","Wjazd, wyjazd z posesji, pola",Pochmurno,Światło dzienne,Zderzenie pojazdów tylne,1,0,2,Ciężko,N,,,,,,,,,,,,,,,,,,
EWK-98695983E,2014,2014-12-20,8,POWIAT PŁOCKI,RADZANOWO - OBSZAR WIEJSKI,Droga wojewódzka,567,Jednojezdniowa dwukierunkowa,Odcinek prosty,Obszar zabudowany,"19,8766666666667","52,625","Wjazd, wyjazd z posesji, pola",Pochmurno,Światło dzienne,Zderzenie pojazdów tylne,1,0,0,Nieokreślone (puste pole),N,,,,,,,,,,,,,,,,,,
EWK-98695320H,2014,2014-12-21,16,POWIAT WYSZKOWSKI,WYSZKÓW - OBSZAR MIEJSKI,Droga gminna,GMINNA,Jednojezdniowa dwukierunkowa,Odcinek prosty,Obszar zabudowany,"21,5027777777778","52,6619444444444",Przejście dla pieszych,Dobre warunki atmosferyczne,Noc - droga oświetlona,Najechanie na pieszego,1,1,0,Nieokreślone (puste pole),N,,,,,,,,,,,,,,,,,,
EWK-98694772G,2014,2014-12-21,20,POWIAT SZYDŁOWIECKI,OROŃSKO - OBSZAR WIEJSKI,Droga krajowa,7,Jednojezdniowa dwukierunkowa,Odcinek prosty,Obszar niezabudowany,"20,9761111111111","51,3016666666667","Skarpa, rów",Dobre warunki atmosferyczne,Noc - droga nieoświetlona,Wywrócenie się pojazdu,1,0,2,Lekko,N,,,,,,,,,,,,,,,,,,
EWK-98696396G,2014,2014-12-21,16,POWIAT PŁOŃSKI,SOCHOCIN - OBSZAR WIEJSKI,Droga krajowa,50,Jednojezdniowa dwukierunkowa,Odcinek prosty,Obszar niezabudowany,"20,5625","52,7772222222222",Jezdnia,Dobre warunki atmosferyczne,"Zmrok, świt",Zderzenie pojazdów boczne,1,0,1,Ciężko,N,,,,,,,,,,,,,,,,,,
EWK-98696396G,2014,2014-12-21,16,POWIAT PŁOŃSKI,SOCHOCIN - OBSZAR WIEJSKI,Droga krajowa,50,Jednojezdniowa dwukierunkowa,Odcinek prosty,Obszar niezabudowany,"20,5625","52,7772222222222",Jezdnia,Dobre warunki atmosferyczne,"Zmrok, świt",Zderzenie pojazdów boczne,1,0,0,Nieokreślone (puste pole),N,,,,,,,,,,,,,,,,,,
EWK-98694913T,2014,2014-12-21,19,POWIAT CIECHANOWSKI,OPINOGÓRA GÓRNA - OBSZAR WIEJSKI,Droga wojewódzka,617,Jednojezdniowa dwukierunkowa,Odcinek prosty,Obszar niezabudowany,"20,8066666666667","53,01",Jezdnia,Opady deszczu,Noc - droga nieoświetlona,Najechanie na pieszego,1,1,0,Nieokreślone (puste pole),T,,,,,,,,,,,,,,,,,,
EWK-98703907M,2014,2014-12-22,16,POWIAT MAKOWSKI,MŁYNARZE - OBSZAR WIEJSKI,Droga krajowa,61,Jednojezdniowa dwukierunkowa,Odcinek prosty,Obszar zabudowany,"21,4555555555556","53,04",Jezdnia,Opady deszczu,Noc - droga nieoświetlona,Najechanie na pieszego,1,1,0,Nieokreślone (puste pole),N,,,,,,,,,,,,,,,,,,
EWK-98693654C,2014,2014-12-22,16,POWIAT OSTROŁĘKA,OSTROŁĘKA - OBSZAR MIEJSKI,Droga powiatowa,P5104W,Jednojezdniowa dwukierunkowa,Odcinek prosty,Obszar zabudowany,"21,6405555555556","53,1",Jezdnia,Opady deszczu,Noc - droga oświetlona,Najechanie na pieszego,1,0,1,Lekko,N,,,,,,,,,,,,,,,,,,
EWK-98693654C,2014,2014-12-22,16,POWIAT OSTROŁĘKA,OSTROŁĘKA - OBSZAR MIEJSKI,Droga powiatowa,P5104W,Jednojezdniowa dwukierunkowa,Odcinek prosty,Obszar zabudowany,"21,6405555555556","53,1",Jezdnia,Opady deszczu,Noc - droga oświetlona,Najechanie na pieszego,1,0,0,Nieokreślone (puste pole),N,,,,,,,,,,,,,,,,,,
EWK-98704440H,2014,2014-12-22,15,POWIAT SOKOŁOWSKI,BIELANY - OBSZAR WIEJSKI,Droga krajowa,63,Jednojezdniowa dwukierunkowa,Odcinek prosty,Obszar niezabudowany,"22,3713888888889","52,3730555555556",Jezdnia,Opady deszczu,Światło dzienne,Wywrócenie się pojazdu,1,0,3,Ciężko,N,,,,,,,,,,,,,,,,,,
EWK-98693724P,2014,2014-12-22,20,POWIAT RADOMSKI,PIONKI - OBSZAR MIEJSKI,Nieokreślone (puste pole),G,Jednojezdniowa dwukierunkowa,Odcinek prosty,Obszar niezabudowany,"21,5722222222222","51,6083333333333",Jezdnia,Opady deszczu,Noc - droga nieoświetlona,Zdarzenie z pasażerem,1,0,4,Lekko,N,,,,,,,,,,,,,,,,,,
EWK-98699563M,2014,2014-12-22,16,POWIAT BIAŁOBRZESKI,STARA BŁOTNICA - OBSZAR WIEJSKI,Droga gminna,GMINNA,Jednojezdniowa dwukierunkowa,Odcinek prosty,Obszar niezabudowany,"21,0613888888889","51,5891666666667",Jezdnia,Opady deszczu,Noc - droga nieoświetlona,Zderzenie pojazdów boczne,1,0,4,Lekko,N,,,,,,,,,,,,,,,,,,
EWK-98699563M,2014,2014-12-22,16,POWIAT BIAŁOBRZESKI,STARA BŁOTNICA - OBSZAR WIEJSKI,Droga gminna,GMINNA,Jednojezdniowa dwukierunkowa,Odcinek prosty,Obszar niezabudowany,"21,0613888888889","51,5891666666667",Jezdnia,Opady deszczu,Noc - droga nieoświetlona,Zderzenie pojazdów boczne,1,0,0,Nieokreślone (puste pole),N,,,,,,,,,,,,,,,,,,
EWK-98697212K,2014,2014-12-22,8,POWIAT GRÓJECKI,GRÓJEC - OBSZAR MIEJSKI,Droga wojewódzka,722,Jednojezdniowa dwukierunkowa,Odcinek prosty,Obszar niezabudowany,"20,92","51,955",Jezdnia,Opady deszczu,Światło dzienne,Zderzenie pojazdów boczne,1,0,1,Ciężko,N,,,,,,,,,,,,,,,,,,
EWK-98697212K,2014,2014-12-22,8,POWIAT GRÓJECKI,GRÓJEC - OBSZAR MIEJSKI,Droga wojewódzka,722,Jednojezdniowa dwukierunkowa,Odcinek prosty,Obszar niezabudowany,"20,92","51,955",Jezdnia,Opady deszczu,Światło dzienne,Zderzenie pojazdów boczne,1,0,0,Nieokreślone (puste pole),N,,,,,,,,,,,,,,,,,,
EWK-98693661D,2014,2014-12-22,16,POWIAT OSTROŁĘKA,OSTROŁĘKA - OBSZAR MIEJSKI,Droga krajowa,61,Jednojezdniowa dwukierunkowa,Odcinek prosty,Obszar zabudowany,"21,7455555555556","53,1358333333333","Most, wiadukt, łącznica, tunel",Opady deszczu,Noc - droga oświetlona,Zderzenie pojazdów tylne,1,0,1,Lekko,T,,,,,,,,,,,,,,,,,,
EWK-98693661D,2014,2014-12-22,16,POWIAT OSTROŁĘKA,OSTROŁĘKA - OBSZAR MIEJSKI,Droga krajowa,61,Jednojezdniowa dwukierunkowa,Odcinek prosty,Obszar zabudowany,"21,7455555555556","53,1358333333333","Most, wiadukt, łącznica, tunel",Opady deszczu,Noc - droga oświetlona,Zderzenie pojazdów tylne,1,0,0,Nieokreślone (puste pole),T,,,,,,,,,,,,,,,,,,
EWK-98697961L,2014,2014-12-22,7,POWIAT RADOMSKI,KOWALA - OBSZAR WIEJSKI,Droga gminna,GMINNA,Jednojezdniowa dwukierunkowa,Odcinek prosty,Obszar niezabudowany,"21,1763888888889","51,3188888888889",Jezdnia,Opady deszczu,"Zmrok, świt",Zderzenie pojazdów tylne,1,0,1,Ciężko,N,,,,,,,,,,,,,,,,,,
EWK-98697961L,2014,2014-12-22,7,POWIAT RADOMSKI,KOWALA - OBSZAR WIEJSKI,Droga gminna,GMINNA,Jednojezdniowa dwukierunkowa,Odcinek prosty,Obszar niezabudowany,"21,1763888888889","51,3188888888889",Jezdnia,Opady deszczu,"Zmrok, świt",Zderzenie pojazdów tylne,1,0,0,Nieokreślone (puste pole),N,,,,,,,,,,,,,,,,,,
EWK-98693784R,2014,2014-12-22,19,POWIAT RADOM,RADOM - OBSZAR MIEJSKI,Droga krajowa,7,Jednojezdniowa dwukierunkowa,Odcinek prosty,Obszar zabudowany,"21,1477777777778","51,4513888888889",Przejście dla pieszych,Pochmurno,Noc - droga oświetlona,Najechanie na pieszego,1,0,1,Lekko,N,,,,,,,,,,,,,,,,,,
EWK-98693784R,2014,2014-12-22,19,POWIAT RADOM,RADOM - OBSZAR MIEJSKI,Droga krajowa,7,Jednojezdniowa dwukierunkowa,Odcinek prosty,Obszar zabudowany,"21,1477777777778","51,4513888888889",Przejście dla pieszych,Pochmurno,Noc - droga oświetlona,Najechanie na pieszego,1,0,0,Nieokreślone (puste pole),N,,,,,,,,,,,,,,,,,,
EWK-98709899X,2014,2014-12-23,9,POWIAT OSTROŁĘCKI,ŁYSE - OBSZAR WIEJSKI,Droga wojewódzka,645,Jednojezdniowa dwukierunkowa,"Zakręt, łuk",Obszar niezabudowany,"21,69","53,3561111111111",Jezdnia,Dobre warunki atmosferyczne,Światło dzienne,Wywrócenie się pojazdu,1,0,1,Ciężko,N,,,,,,,,,,,,,,,,,,
EWK-98698489P,2014,2014-12-23,18,POWIAT SOCHACZEWSKI,SOCHACZEW - OBSZAR MIEJSKI,Droga powiatowa,3847W,Jednojezdniowa dwukierunkowa,Odcinek prosty,Obszar zabudowany,"20,2966666666667","52,3411111111111",Jezdnia,Opady deszczu,Noc - droga oświetlona,Najechanie na pieszego,1,0,1,Lekko,N,,,,,,,,,,,,,,,,,,
EWK-98698489P,2014,2014-12-23,18,POWIAT SOCHACZEWSKI,SOCHACZEW - OBSZAR MIEJSKI,Droga powiatowa,3847W,Jednojezdniowa dwukierunkowa,Odcinek prosty,Obszar zabudowany,"20,2966666666667","52,3411111111111",Jezdnia,Opady deszczu,Noc - droga oświetlona,Najechanie na pieszego,1,0,0,Nieokreślone (puste pole),N,,,,,,,,,,,,,,,,,,
EWK-98698560M,2014,2014-12-23,16,POWIAT RADOMSKI,PIONKI - OBSZAR WIEJSKI,Droga wojewódzka,691,Jednojezdniowa dwukierunkowa,Odcinek prosty,Obszar zabudowany,"21,5216666666667","51,5266666666667",Jezdnia,Opady deszczu,Noc - droga oświetlona,Najechanie na pieszego,1,0,1,Ciężko,N,,,,,,,,,,,,,,,,,,
EWK-98698560M,2014,2014-12-23,16,POWIAT RADOMSKI,PIONKI - OBSZAR WIEJSKI,Droga wojewódzka,691,Jednojezdniowa dwukierunkowa,Odcinek prosty,Obszar zabudowany,"21,5216666666667","51,5266666666667",Jezdnia,Opady deszczu,Noc - droga oświetlona,Najechanie na pieszego,1,0,0,Nieokreślone (puste pole),N,,,,,,,,,,,,,,,,,,
EWK-98700391K,2014,2014-12-23,18,POWIAT PŁOCK,PŁOCK - OBSZAR MIEJSKI,Droga powiatowa,P,Jednojezdniowa dwukierunkowa,,Obszar zabudowany,"19,7294444444444","52,5916666666667",Jezdnia,Opady deszczu,Noc - droga oświetlona,Najechanie na pieszego,1,0,1,Ciężko,T,,,,,,,,,,,,,,,,,,
EWK-98700391K,2014,2014-12-23,18,POWIAT PŁOCK,PŁOCK - OBSZAR MIEJSKI,Droga powiatowa,P,Jednojezdniowa dwukierunkowa,,Obszar zabudowany,"19,7294444444444","52,5916666666667",Jezdnia,Opady deszczu,Noc - droga oświetlona,Najechanie na pieszego,1,0,0,Nieokreślone (puste pole),T,,,,,,,,,,,,,,,,,,
EWK-98700406X,2014,2014-12-23,15,POWIAT PŁOCK,PŁOCK - OBSZAR MIEJSKI,Inna,I2,Jednojezdniowa dwukierunkowa,Odcinek prosty,Obszar zabudowany,"19,8341666666667","52,5877777777778",Jezdnia,Opady deszczu,Noc - droga oświetlona,Najechanie na pieszego,1,0,1,Lekko,N,,,,,,,,,,,,,,,,,,
EWK-98700406X,2014,2014-12-23,15,POWIAT PŁOCK,PŁOCK - OBSZAR MIEJSKI,Inna,I2,Jednojezdniowa dwukierunkowa,Odcinek prosty,Obszar zabudowany,"19,8341666666667","52,5877777777778",Jezdnia,Opady deszczu,Noc - droga oświetlona,Najechanie na pieszego,1,0,0,Nieokreślone (puste pole),N,,,,,,,,,,,,,,,,,,
EWK-98705225D,2014,2014-12-23,19,POWIAT WĘGROWSKI,ŁOCHÓW - OBSZAR WIEJSKI,Droga powiatowa,36110W,Jednojezdniowa dwukierunkowa,,Obszar zabudowany,"21,9677777777778","52,5861111111111",Jezdnia,Opady deszczu,Noc - droga oświetlona,Najechanie na pieszego,1,0,1,Lekko,N,,,,,,,,,,,,,,,,,,
EWK-98705225D,2014,2014-12-23,19,POWIAT WĘGROWSKI,ŁOCHÓW - OBSZAR WIEJSKI,Droga powiatowa,36110W,Jednojezdniowa dwukierunkowa,,Obszar zabudowany,"21,9677777777778","52,5861111111111",Jezdnia,Opady deszczu,Noc - droga oświetlona,Najechanie na pieszego,1,0,0,Nieokreślone (puste pole),N,,,,,,,,,,,,,,,,,,
EWK-98705649R,2014,2014-12-23,16,POWIAT WĘGROWSKI,WĘGRÓW - OBSZAR MIEJSKI,Droga powiatowa,P,Jednojezdniowa dwukierunkowa,"Zakręt, łuk",Obszar zabudowany,"22,1597222222222","52,5480555555556",Jezdnia,Opady deszczu,Noc - droga oświetlona,Najechanie na pieszego,1,0,1,Lekko,N,,,,,,,,,,,,,,,,,,
EWK-98705649R,2014,2014-12-23,16,POWIAT WĘGROWSKI,WĘGRÓW - OBSZAR MIEJSKI,Droga powiatowa,P,Jednojezdniowa dwukierunkowa,"Zakręt, łuk",Obszar zabudowany,"22,1597222222222","52,5480555555556",Jezdnia,Opady deszczu,Noc - droga oświetlona,Najechanie na pieszego,1,0,0,Nieokreślone (puste pole),N,,,,,,,,,,,,,,,,,,
EWK-98698588T,2014,2014-12-23,16,POWIAT SOKOŁOWSKI,SOKOŁÓW PODLASKI - OBSZAR MIEJSKI,Droga krajowa,62,Jednojezdniowa dwukierunkowa,Odcinek prosty,Obszar zabudowany,"22,2963888888889","52,4708333333333",Przejście dla pieszych,Opady deszczu,Noc - droga oświetlona,Najechanie na pieszego,1,0,1,Lekko,N,,,,,,,,,,,,,,,,,,
EWK-98698588T,2014,2014-12-23,16,POWIAT SOKOŁOWSKI,SOKOŁÓW PODLASKI - OBSZAR MIEJSKI,Droga krajowa,62,Jednojezdniowa dwukierunkowa,Odcinek prosty,Obszar zabudowany,"22,2963888888889","52,4708333333333",Przejście dla pieszych,Opady deszczu,Noc - droga oświetlona,Najechanie na pieszego,1,0,0,Nieokreślone (puste pole),N,,,,,,,,,,,,,,,,,,
EWK-98700472C,2014,2014-12-23,16,POWIAT OSTROWSKI,OSTRÓW MAZOWIECKA - OBSZAR MIEJSKI,Droga gminna,GMINNA,Jednojezdniowa dwukierunkowa,Odcinek prosty,Obszar zabudowany,"21,9913888888889","52,8575",Przejście dla pieszych,Opady deszczu,Noc - droga oświetlona,Najechanie na pieszego,1,0,1,Lekko,N,,,,,,,,,,,,,,,,,,
EWK-98700472C,2014,2014-12-23,16,POWIAT OSTROWSKI,OSTRÓW MAZOWIECKA - OBSZAR MIEJSKI,Droga gminna,GMINNA,Jednojezdniowa dwukierunkowa,Odcinek prosty,Obszar zabudowany,"21,9913888888889","52,8575",Przejście dla pieszych,Opady deszczu,Noc - droga oświetlona,Najechanie na pieszego,1,0,0,Nieokreślone (puste pole),N,,,,,,,,,,,,,,,,,,
EWK-98700209G,2014,2014-12-23,16,POWIAT PRZASNYSKI,PRZASNYSZ - OBSZAR MIEJSKI,Droga wojewódzka,544,Jednojezdniowa dwukierunkowa,Odcinek prosty,Obszar zabudowany,"20,9530555555556","53,0486111111111",Jezdnia,Opady deszczu,"Zmrok, świt",Najechanie na pieszego,1,1,0,Nieokreślone (puste pole),N,,,,,,,,,,,,,,,,,,
EWK-98701800R,2014,2014-12-23,17,POWIAT RADOM,RADOM - OBSZAR MIEJSKI,Droga krajowa,9,Jednojezdniowa dwukierunkowa,Odcinek prosty,Obszar zabudowany,"21,2411111111111","51,4352777777778",Jezdnia,Opady deszczu,"Zmrok, świt",Najechanie na pieszego,1,0,1,Ciężko,N,,,,,,,,,,,,,,,,,,
EWK-98701800R,2014,2014-12-23,17,POWIAT RADOM,RADOM - OBSZAR MIEJSKI,Droga krajowa,9,Jednojezdniowa dwukierunkowa,Odcinek prosty,Obszar zabudowany,"21,2411111111111","51,4352777777778",Jezdnia,Opady deszczu,"Zmrok, świt",Najechanie na pieszego,1,0,0,Nieokreślone (puste pole),N,,,,,,,,,,,,,,,,,,
EWK-98698532Q,2014,2014-12-23,15,POWIAT RADOMSKI,PIONKI - OBSZAR MIEJSKI,Droga powiatowa,P3523W,Jednojezdniowa dwukierunkowa,Odcinek prosty,Obszar zabudowany,"21,5708333333333","51,5419444444444",Przejście dla pieszych,Opady deszczu,"Zmrok, świt",Najechanie na pieszego,1,0,1,Lekko,N,,,,,,,,,,,,,,,,,,