IDKSIP,year,date,hour,district,district_commune,road_category,road_number,type_of_road,road_geometry,area,Longitude,Latitude,char_place_of_the_event,weather_conditions,lighting,type_of_accident,num_of_accidents,num_of_fatalities,num_of_injured,type_of_injury,is_offender_intoxicated,,,,,,,,,,,,,,,,,,
EWK-98698532Q,2014,2014-12-23,15,POWIAT RADOMSKI,PIONKI - OBSZAR MIEJSKI,Droga powiatowa,P3523W,Jednojezdniowa dwukierunkowa,Odcinek prosty,Obszar zabudowany,"21,5708333333333","51,5419444444444",Przejście dla pieszych,Opady deszczu,"Zmrok, świt",Najechanie na pieszego,1,0,0,Nieokreślone (puste pole),N,,,,,,,,,,,,,,,,,,
EWK-98699263T,2014,2014-12-23,7,POWIAT LIPSKI,LIPSKO - OBSZAR MIEJSKI,Droga krajowa,79,Jednojezdniowa dwukierunkowa,Odcinek prosty,Obszar zabudowany,"21,7561111111111","51,2022222222222",Jezdnia,Opady deszczu,Światło dzienne,Najechanie na pieszego,1,1,0,Nieokreślone (puste pole),N,,,,,,,,,,,,,,,,,,
EWK-98698793A,2014,2014-12-23,23,POWIAT SIERPECKI,ZAWIDZ - OBSZAR WIEJSKI,Droga krajowa,10,Jednojezdniowa dwukierunkowa,,Obszar niezabudowany,"19,9952777777778","52,8205555555556",Jezdnia,Opady deszczu,Noc - droga nieoświetlona,Zderzenie pojazdów czołowe,1,0,1,Lekko,T,,,,,,,,,,,,,,,,,,
EWK-98698793A,2014,2014-12-23,23,POWIAT SIERPECKI,ZAWIDZ - OBSZAR WIEJSKI,Droga krajowa,10,Jednojezdniowa dwukierunkowa,,Obszar niezabudowany,"19,9952777777778","52,8205555555556",Jezdnia,Opady deszczu,Noc - droga nieoświetlona,Zderzenie pojazdów czołowe,1,0,0,Nieokreślone (puste pole),T,,,,,,,,,,,,,,,,,,
EWK-98698467N,2014,2014-12-23,16,POWIAT SOCHACZEWSKI,SOCHACZEW - OBSZAR WIEJSKI,Droga gminna,GMINNA,Jednojezdniowa dwukierunkowa,Odcinek prosty,Obszar zabudowany,"20,2627777777778","52,2647222222222",Jezdnia,Opady deszczu,Noc - droga oświetlona,Zderzenie pojazdów czołowe,1,0,1,Ciężko,N,,,,,,,,,,,,,,,,,,
EWK-98698467N,2014,2014-12-23,16,POWIAT SOCHACZEWSKI,SOCHACZEW - OBSZAR WIEJSKI,Droga gminna,GMINNA,Jednojezdniowa dwukierunkowa,Odcinek prosty,Obszar zabudowany,"20,2627777777778","52,2647222222222",Jezdnia,Opady deszczu,Noc - droga oświetlona,Zderzenie pojazdów czołowe,1,0,0,Nieokreślone (puste pole),N,,,,,,,,,,,,,,,,,,
EWK-98701026T,2014,2014-12-23,19,POWIAT KOZIENICKI,MAGNUSZEW - OBSZAR WIEJSKI,Droga krajowa,79,Jednojezdniowa dwukierunkowa,Odcinek prosty,Obszar niezabudowany,"21,4308333333333","51,8272222222222",Jezdnia,Opady deszczu,Noc - droga nieoświetlona,Zderzenie pojazdów tylne,1,0,1,Lekko,N,,,,,,,,,,,,,,,,,,
EWK-98701026T,2014,2014-12-23,19,POWIAT KOZIENICKI,MAGNUSZEW - OBSZAR WIEJSKI,Droga krajowa,79,Jednojezdniowa dwukierunkowa,Odcinek prosty,Obszar niezabudowany,"21,4308333333333","51,8272222222222",Jezdnia,Opady deszczu,Noc - droga nieoświetlona,Zderzenie pojazdów tylne,1,0,0,Nieokreślone (puste pole),N,,,,,,,,,,,,,,,,,,
EWK-98709759H,2014,2014-12-23,16,POWIAT GARWOLIŃSKI,GARWOLIN - OBSZAR WIEJSKI,Droga krajowa,76,Jednojezdniowa dwukierunkowa,Odcinek prosty,Obszar zabudowany,"21,7061111111111","51,9022222222222",Jezdnia,Opady deszczu,Noc - droga nieoświetlona,Zderzenie pojazdów tylne,1,0,1,Lekko,N,,,,,,,,,,,,,,,,,,
EWK-98709759H,2014,2014-12-23,16,POWIAT GARWOLIŃSKI,GARWOLIN - OBSZAR WIEJSKI,Droga krajowa,76,Jednojezdniowa dwukierunkowa,Odcinek prosty,Obszar zabudowany,"21,7061111111111","51,9022222222222",Jezdnia,Opady deszczu,Noc - droga nieoświetlona,Zderzenie pojazdów tylne,1,0,0,Nieokreślone (puste pole),N,,,,,,,,,,,,,,,,,,
EWK-98698915R,2014,2014-12-23,5,POWIAT PRZYSUSKI,POTWORÓW - OBSZAR WIEJSKI,Droga wojewódzka,740,Jednojezdniowa dwukierunkowa,Odcinek prosty,Obszar zabudowany,"20,8286111111111","51,5361111111111",Jezdnia,Pochmurno,"Zmrok, świt",Zderzenie pojazdów czołowe,1,0,5,Lekko,N,,,,,,,,,,,,,,,,,,
EWK-98698915R,2014,2014-12-23,5,POWIAT PRZYSUSKI,POTWORÓW - OBSZAR WIEJSKI,Droga wojewódzka,740,Jednojezdniowa dwukierunkowa,Odcinek prosty,Obszar zabudowany,"20,8286111111111","51,5361111111111",Jezdnia,Pochmurno,"Zmrok, świt",Zderzenie pojazdów czołowe,1,1,0,Nieokreślone (puste pole),N,,,,,,,,,,,,,,,,,,
EWK-98699379N,2014,2014-12-24,16,POWIAT CIECHANOWSKI,OJRZEŃ - OBSZAR WIEJSKI,Droga krajowa,50,Jednojezdniowa dwukierunkowa,Odcinek prosty,Obszar niezabudowany,"20,6083333333333","52,8744444444444",Jezdnia,Opady deszczu,Noc - droga nieoświetlona,Najechanie na pieszego,1,1,0,Nieokreślone (puste pole),N,,,,,,,,,,,,,,,,,,
EWK-98709752H,2014,2014-12-24,16,POWIAT GARWOLIŃSKI,SOBOLEW - OBSZAR WIEJSKI,Droga krajowa,17,Jednojezdniowa dwukierunkowa,Odcinek prosty,Obszar niezabudowany,"21,835","51,8527777777778","Skarpa, rów",Opady deszczu,Noc - droga nieoświetlona,Zdarzenie z pasażerem,1,0,1,Lekko,T,,,,,,,,,,,,,,,,,,
EWK-98709752H,2014,2014-12-24,16,POWIAT GARWOLIŃSKI,SOBOLEW - OBSZAR WIEJSKI,Droga krajowa,17,Jednojezdniowa dwukierunkowa,Odcinek prosty,Obszar niezabudowany,"21,835","51,8527777777778","Skarpa, rów",Opady deszczu,Noc - droga nieoświetlona,Zdarzenie z pasażerem,1,0,0,Nieokreślone (puste pole),T,,,,,,,,,,,,,,,,,,
EWK-98707320E,2014,2014-12-24,8,POWIAT SIEDLECKI,KOTUŃ - OBSZAR WIEJSKI,Droga krajowa,2,Jednojezdniowa dwukierunkowa,,Obszar zabudowany,"21,9866666666667","52,2386111111111",Jezdnia,Opady deszczu,Światło dzienne,Zderzenie pojazdów boczne,1,0,3,Lekko,N,,,,,,,,,,,,,,,,,,
EWK-98707320E,2014,2014-12-24,8,POWIAT SIEDLECKI,KOTUŃ - OBSZAR WIEJSKI,Droga krajowa,2,Jednojezdniowa dwukierunkowa,,Obszar zabudowany,"21,9866666666667","52,2386111111111",Jezdnia,Opady deszczu,Światło dzienne,Zderzenie pojazdów boczne,1,0,0,Nieokreślone (puste pole),N,,,,,,,,,,,,,,,,,,
EWK-98707124W,2014,2014-12-24,18,POWIAT ŻYRARDOWSKI,MSZCZONÓW - OBSZAR WIEJSKI,Droga krajowa,K50B,Jednojezdniowa dwukierunkowa,Odcinek prosty,Obszar niezabudowany,"20,5930555555556","52,0594444444444",Jezdnia,Opady deszczu,Noc - droga nieoświetlona,Zderzenie pojazdów czołowe,1,0,2,Ciężko,N,,,,,,,,,,,,,,,,,,
EWK-98704461A,2014,2014-12-24,21,POWIAT WYSZKOWSKI,WYSZKÓW - OBSZAR MIEJSKI,Droga gminna,G440718W,Jednojezdniowa dwukierunkowa,Odcinek prosty,Obszar zabudowany,"21,5258333333333","52,6175",Jezdnia,Pochmurno,Noc - droga oświetlona,Najechanie na pieszego,1,0,1,Ciężko,N,,,,,,,,,,,,,,,,,,
EWK-98704461A,2014,2014-12-24,21,POWIAT WYSZKOWSKI,WYSZKÓW - OBSZAR MIEJSKI,Droga gminna,G440718W,Jednojezdniowa dwukierunkowa,Odcinek prosty,Obszar zabudowany,"21,5258333333333","52,6175",Jezdnia,Pochmurno,Noc - droga oświetlona,Najechanie na pieszego,1,0,0,Nieokreślone (puste pole),N,,,,,,,,,,,,,,,,,,
EWK-98701515Q,2014,2014-12-24,11,POWIAT GRÓJECKI,JASIENIEC - OBSZAR WIEJSKI,Droga gminna,GMINNA,Jednojezdniowa dwukierunkowa,Odcinek prosty,Obszar zabudowany,"21,0063888888889","51,8533333333333",Jezdnia,Pochmurno,Światło dzienne,Zderzenie pojazdów boczne,1,0,1,Lekko,N,,,,,,,,,,,,,,,,,,
EWK-98701515Q,2014,2014-12-24,11,POWIAT GRÓJECKI,JASIENIEC - OBSZAR WIEJSKI,Droga gminna,GMINNA,Jednojezdniowa dwukierunkowa,Odcinek prosty,Obszar zabudowany,"21,0063888888889","51,8533333333333",Jezdnia,Pochmurno,Światło dzienne,Zderzenie pojazdów boczne,1,0,0,Nieokreślone (puste pole),N,,,,,,,,,,,,,,,,,,
EWK-98704335M,2014,2014-12-24,10,POWIAT RADOM,RADOM - OBSZAR MIEJSKI,Droga powiatowa,P3528W,Jednojezdniowa dwukierunkowa,,Obszar zabudowany,"21,3263888888889","51,5183333333333",Jezdnia,Pochmurno,Światło dzienne,Zderzenie pojazdów czołowe,1,0,1,Lekko,N,,,,,,,,,,,,,,,,,,
EWK-98704335M,2014,2014-12-24,10,POWIAT RADOM,RADOM - OBSZAR MIEJSKI,Droga powiatowa,P3528W,Jednojezdniowa dwukierunkowa,,Obszar zabudowany,"21,3263888888889","51,5183333333333",Jezdnia,Pochmurno,Światło dzienne,Zderzenie pojazdów czołowe,1,0,0,Nieokreślone (puste pole),N,,,,,,,,,,,,,,,,,,
EWK-98700618E,2014,2014-12-25,1,POWIAT SOCHACZEWSKI,IŁÓW - OBSZAR WIEJSKI,Droga wojewódzka,575,Jednojezdniowa dwukierunkowa,Odcinek prosty,Obszar zabudowany,"20,0997222222222","52,3952777777778",Jezdnia,Opady deszczu,Noc - droga oświetlona,Najechanie na drzewo,1,1,0,Nieokreślone (puste pole),N,,,,,,,,,,,,,,,,,,
EWK-98700616C,2014,2014-12-25,1,POWIAT KOZIENICKI,GŁOWACZÓW - OBSZAR WIEJSKI,Droga powiatowa,P1716W,Jednojezdniowa dwukierunkowa,Odcinek prosty,Obszar niezabudowany,"21,3888888888889","51,6369444444444",Jezdnia,Opady deszczu,Noc - droga nieoświetlona,Najechanie na pieszego,1,1,0,Nieokreślone (puste pole),T,,,,,,,,,,,,,,,,,,
EWK-98702603U,2014,2014-12-25,21,N,POWIAT PRZASNYSKI, Spadek,P3216W,Droga powiatowa,Odcinek prosty,Obszar niezabudowany,"20,9433333333333","53,2183333333333","Skarpa, rów","Opady śniegu, gradu",Noc - droga nieoświetlona,Najechanie na drzewo,1,0,3,Ciężko,Jednojezdniowa dwukierunkowa,,,,,,,,,,,,,,,,,,PRZASNYSZ - OBSZAR WIEJSKI
EWK-98702603U,2014,2014-12-25,21,N,POWIAT PRZASNYSKI, Spadek,P3216W,Droga powiatowa,Odcinek prosty,Obszar niezabudowany,"20,9433333333333","53,2183333333333","Skarpa, rów","Opady śniegu, gradu",Noc - droga nieoświetlona,Najechanie na drzewo,1,0,1,Lekko,Jednojezdniowa dwukierunkowa,,,,,,,,,,,,,,,,,,PRZASNYSZ - OBSZAR WIEJSKI
EWK-98701975D,2014,2014-12-25,18,POWIAT ŁOSICKI,ŁOSICE - OBSZAR WIEJSKI,Droga krajowa,19,Jednojezdniowa dwukierunkowa,Odcinek prosty,Obszar niezabudowany,"22,8375","52,2980555555556",Jezdnia,"Opady śniegu, gradu",Noc - droga nieoświetlona,Zderzenie pojazdów czołowe,1,0,1,Ciężko,N,,,,,,,,,,,,,,,,,,
EWK-98701975D,2014,2014-12-25,18,POWIAT ŁOSICKI,ŁOSICE - OBSZAR WIEJSKI,Droga krajowa,19,Jednojezdniowa dwukierunkowa,Odcinek prosty,Obszar niezabudowany,"22,8375","52,2980555555556",Jezdnia,"Opady śniegu, gradu",Noc - droga nieoświetlona,Zderzenie pojazdów czołowe,1,0,0,Nieokreślone (puste pole),N,,,,,,,,,,,,,,,,,,
EWK-98701999F,2014,2014-12-25,18,POWIAT ŁOSICKI,ŁOSICE - OBSZAR MIEJSKI,Droga krajowa,19,Jednojezdniowa dwukierunkowa,Odcinek prosty,Obszar zabudowany,"22,8391666666667","52,2858333333333",Jezdnia,"Opady śniegu, gradu",Noc - droga nieoświetlona,Zderzenie pojazdów czołowe,1,0,1,Ciężko,N,,,,,,,,,,,,,,,,,,
EWK-98701999F,2014,2014-12-25,18,POWIAT ŁOSICKI,ŁOSICE - OBSZAR MIEJSKI,Droga krajowa,19,Jednojezdniowa dwukierunkowa,Odcinek prosty,Obszar zabudowany,"22,8391666666667","52,2858333333333",Jezdnia,"Opady śniegu, gradu",Noc - droga nieoświetlona,Zderzenie pojazdów czołowe,1,1,0,Nieokreślone (puste pole),N,,,,,,,,,,,,,,,,,,
EWK-98707374T,2014,2014-12-25,17,POWIAT SOKOŁOWSKI,SABNIE - OBSZAR WIEJSKI,Droga powiatowa,36157W,Jednojezdniowa dwukierunkowa,Odcinek prosty,Obszar niezabudowany,"22,4047222222222","52,5005555555556",Jezdnia,"Opady śniegu, gradu",Noc - droga nieoświetlona,Zderzenie pojazdów czołowe,1,0,3,Lekko,N,,,,,,,,,,,,,,,,,,
EWK-98703653E,2014,2014-12-25,16,POWIAT LIPSKI,SOLEC NAD WISŁĄ - OBSZAR WIEJSKI,Droga gminna,GMINNA,Jednojezdniowa dwukierunkowa,Odcinek prosty,Obszar zabudowany,"21,7791666666667","51,1447222222222",Jezdnia,Pochmurno,Noc - droga oświetlona,Najechanie na pieszego,1,0,1,Ciężko,N,,,,,,,,,,,,,,,,,,
EWK-98703653E,2014,2014-12-25,16,POWIAT LIPSKI,SOLEC NAD WISŁĄ - OBSZAR WIEJSKI,Droga gminna,GMINNA,Jednojezdniowa dwukierunkowa,Odcinek prosty,Obszar zabudowany,"21,7791666666667","51,1447222222222",Jezdnia,Pochmurno,Noc - droga oświetlona,Najechanie na pieszego,1,0,0,Nieokreślone (puste pole),N,,,,,,,,,,,,,,,,,,
EWK-98699579K,2014,2014-12-26,3,POWIAT BIAŁOBRZESKI,STARA BŁOTNICA - OBSZAR WIEJSKI,Droga powiatowa,34410W,Jednojezdniowa dwukierunkowa,Odcinek prosty,Obszar niezabudowany,"21,1483333333333","51,6313888888889",Jezdnia,Opady deszczu,Noc - droga nieoświetlona,Najechanie na pieszego,1,0,1,Lekko,T,,,,,,,,,,,,,,,,,,
EWK-98699579K,2014,2014-12-26,3,POWIAT BIAŁOBRZESKI,STARA BŁOTNICA - OBSZAR WIEJSKI,Droga powiatowa,34410W,Jednojezdniowa dwukierunkowa,Odcinek prosty,Obszar niezabudowany,"21,1483333333333","51,6313888888889",Jezdnia,Opady deszczu,Noc - droga nieoświetlona,Najechanie na pieszego,1,0,0,Nieokreślone (puste pole),T,,,,,,,,,,,,,,,,,,
EWK-98704317T,2014,2014-12-26,22,POWIAT RADOM,RADOM - OBSZAR MIEJSKI,Droga powiatowa,P5347W,Jednokierunkowa,Odcinek prosty,Obszar zabudowany,"21,2830555555556","51,4191666666667",Przystanek komunikacji publicznej,Pochmurno,Noc - droga oświetlona,Najechanie na pieszego,1,0,1,Ciężko,N,,,,,,,,,,,,,,,,,,
EWK-98704317T,2014,2014-12-26,22,POWIAT RADOM,RADOM - OBSZAR MIEJSKI,Droga powiatowa,P5347W,Jednokierunkowa,Odcinek prosty,Obszar zabudowany,"21,2830555555556","51,4191666666667",Przystanek komunikacji publicznej,Pochmurno,Noc - droga oświetlona,Najechanie na pieszego,1,0,0,Nieokreślone (puste pole),N,,,,,,,,,,,,,,,,,,
EWK-98705653W,2014,2014-12-27,3,POWIAT GARWOLIŃSKI,GARWOLIN - OBSZAR WIEJSKI,Droga krajowa,76,Jednojezdniowa dwukierunkowa,,Obszar zabudowany,"21,6802777777778","52,0161111111111",Pobocze,Dobre warunki atmosferyczne,Noc - droga oświetlona,"Najechanie na słup, znak",1,1,0,Nieokreślone (puste pole),N,,,,,,,,,,,,,,,,,,
EWK-98708108X,2014,2014-12-27,20,POWIAT ŻYRARDOWSKI,MSZCZONÓW - OBSZAR MIEJSKI,Droga gminna,GMINNA,Jednojezdniowa dwukierunkowa,,Obszar zabudowany,"20,6461111111111","52,0377777777778",Jezdnia,Dobre warunki atmosferyczne,Noc - droga oświetlona,Zderzenie pojazdów boczne,1,0,1,Lekko,N,,,,,,,,,,,,,,,,,,
EWK-98708108X,2014,2014-12-27,20,POWIAT ŻYRARDOWSKI,MSZCZONÓW - OBSZAR MIEJSKI,Droga gminna,GMINNA,Jednojezdniowa dwukierunkowa,,Obszar zabudowany,"20,6461111111111","52,0377777777778",Jezdnia,Dobre warunki atmosferyczne,Noc - droga oświetlona,Zderzenie pojazdów boczne,1,0,0,Nieokreślone (puste pole),N,,,,,,,,,,,,,,,,,,
EWK-98703962Y,2014,2014-12-27,13,POWIAT PRZASNYSKI,CHORZELE - OBSZAR WIEJSKI,Droga powiatowa,3209W,Jednojezdniowa dwukierunkowa,,Obszar zabudowany,"21,1975","53,3919444444444",Jezdnia,Dobre warunki atmosferyczne,Światło dzienne,Zderzenie pojazdów boczne,1,0,1,Lekko,N,,,,,,,,,,,,,,,,,,
EWK-98703962Y,2014,2014-12-27,13,POWIAT PRZASNYSKI,CHORZELE - OBSZAR WIEJSKI,Droga powiatowa,3209W,Jednojezdniowa dwukierunkowa,,Obszar zabudowany,"21,1975","53,3919444444444",Jezdnia,Dobre warunki atmosferyczne,Światło dzienne,Zderzenie pojazdów boczne,1,0,0,Nieokreślone (puste pole),N,,,,,,,,,,,,,,,,,,
EWK-98699610F,2014,2014-12-27,17,POWIAT GOSTYNIŃSKI,SANNIKI - OBSZAR WIEJSKI,Droga powiatowa,P1454W,Jednojezdniowa dwukierunkowa,Odcinek prosty,Obszar niezabudowany,"19,9597222222222","52,3908333333333",Jezdnia,"Opady śniegu, gradu",Noc - droga nieoświetlona,Najechanie na pieszego,1,1,0,Nieokreślone (puste pole),N,,,,,,,,,,,,,,,,,,
EWK-98701623U,2014,2014-12-27,22,POWIAT OSTROŁĘCKI,OLSZEWO-BORKI - OBSZAR WIEJSKI,Droga powiatowa,2543W,Jednojezdniowa dwukierunkowa,"Zakręt, łuk",Obszar zabudowany,"21,3833333333333","53,2380555555556",Pobocze,Pochmurno,Noc - droga oświetlona,Najechanie na drzewo,1,0,1,Lekko,N,,,,,,,,,,,,,,,,,,
EWK-98708146A,2014,2014-12-28,14,POWIAT ŻYRARDOWSKI,WISKITKI - OBSZAR WIEJSKI,Droga gminna,GMINNA,Jednojezdniowa dwukierunkowa,,Obszar zabudowany,"20,5388888888889","52,2091666666667",Jezdnia,Dobre warunki atmosferyczne,Światło dzienne,Zderzenie pojazdów boczne,1,0,1,Lekko,N,,,,,,,,,,,,,,,,,,
EWK-98708146A,2014,2014-12-28,14,POWIAT ŻYRARDOWSKI,WISKITKI - OBSZAR WIEJSKI,Droga gminna,GMINNA,Jednojezdniowa dwukierunkowa,,Obszar zabudowany,"20,5388888888889","52,2091666666667",Jezdnia,Dobre warunki atmosferyczne,Światło dzienne,Zderzenie pojazdów boczne,1,0,0,Nieokreślone (puste pole),N,,,,,,,,,,,,,,,,,,
EWK-98708130P,2014,2014-12-29,17,POWIAT ŻYRARDOWSKI,ŻYRARDÓW - OBSZAR MIEJSKI,Droga powiatowa,P4730W,Jednojezdniowa dwukierunkowa,,Obszar zabudowany,"20,4402777777778","52,0802777777778",Jezdnia,Dobre warunki atmosferyczne,Noc - droga oświetlona,Zderzenie pojazdów boczne,1,0,1,Lekko,N,,,,,,,,,,,,,,,,,,
EWK-98708130P,2014,2014-12-29,17,POWIAT ŻYRARDOWSKI,ŻYRARDÓW - OBSZAR MIEJSKI,Droga powiatowa,P4730W,Jednojezdniowa dwukierunkowa,,Obszar zabudowany,"20,4402777777778","52,0802777777778",Jezdnia,Dobre warunki atmosferyczne,Noc - droga oświetlona,Zderzenie pojazdów boczne,1,0,0,Nieokreślone (puste pole),N,,,,,,,,,,,,,,,,,,
EWK-98702941L,2014,2014-12-29,9,POWIAT CIECHANOWSKI,GLINOJECK - OBSZAR WIEJSKI,Droga krajowa,60,Jednojezdniowa dwukierunkowa,Odcinek prosty,Obszar niezabudowany,"20,4466666666667","52,9530555555556",Jezdnia,Dobre warunki atmosferyczne,Światło dzienne,Zderzenie pojazdów tylne,1,1,0,Nieokreślone (puste pole),N,,,,,,,,,,,,,,,,,,
EWK-98707984A,2014,2014-12-29,18,POWIAT WYSZKOWSKI,WYSZKÓW - OBSZAR WIEJSKI,Droga krajowa,62,Jednojezdniowa dwukierunkowa,Odcinek prosty,Obszar niezabudowany,"21,6744444444444","52,7086111111111",Jezdnia,"Opady śniegu, gradu",Noc - droga nieoświetlona,Wywrócenie się pojazdu,1,0,1,Lekko,N,,,,,,,,,,,,,,,,,,
EWK-98704404R,2014,2014-12-29,16,POWIAT RADOM,RADOM - OBSZAR MIEJSKI,Droga powiatowa,P5335W,Jednojezdniowa dwukierunkowa,,Obszar zabudowany,"21,1688888888889","51,4555555555556",Jezdnia,Pochmurno,Noc - droga oświetlona,Zderzenie pojazdów boczne,1,0,2,Lekko,N,,,,,,,,,,,,,,,,,,
EWK-98707813J,2014,2014-12-30,17,POWIAT CIECHANOWSKI,CIECHANÓW - OBSZAR MIEJSKI,Droga krajowa,60,Jednojezdniowa dwukierunkowa,,Obszar zabudowany,"20,6386111111111","52,9152777777778",Jezdnia,Dobre warunki atmosferyczne,Noc - droga oświetlona,Najechanie na pieszego,1,0,1,Lekko,N,,,,,,,,,,,,,,,,,,
EWK-98707813J,2014,2014-12-30,17,POWIAT CIECHANOWSKI,CIECHANÓW - OBSZAR MIEJSKI,Droga krajowa,60,Jednojezdniowa dwukierunkowa,,Obszar zabudowany,"20,6386111111111","52,9152777777778",Jezdnia,Dobre warunki atmosferyczne,Noc - droga oświetlona,Najechanie na pieszego,1,0,0,Nieokreślone (puste pole),N,,,,,,,,,,,,,,,,,,
EWK-98708140U,2014,2014-12-30,11,POWIAT ŻYRARDOWSKI,ŻYRARDÓW - OBSZAR MIEJSKI,Droga powiatowa,P4730W,Jednojezdniowa dwukierunkowa,,Obszar zabudowany,"20,5138888888889","52,1038888888889",Jezdnia,Dobre warunki atmosferyczne,Światło dzienne,Zderzenie pojazdów boczne,1,0,2,Lekko,N,,,,,,,,,,,,,,,,,,
EWK-98708140U,2014,2014-12-30,11,POWIAT ŻYRARDOWSKI,ŻYRARDÓW - OBSZAR MIEJSKI,Droga powiatowa,P4730W,Jednojezdniowa dwukierunkowa,,Obszar zabudowany,"20,5138888888889","52,1038888888889",Jezdnia,Dobre warunki atmosferyczne,Światło dzienne,Zderzenie pojazdów boczne,1,0,0,Nieokreślone (puste pole),N,,,,,,,,,,,,,,,,,,
EWK-98705537N,2014,2014-12-30,20,POWIAT PŁOCK,PŁOCK - OBSZAR MIEJSKI,Droga powiatowa,P,Jednojezdniowa dwukierunkowa,Odcinek prosty,Obszar zabudowany,"19,795","52,6369444444445",Jezdnia,Dobre warunki atmosferyczne,Noc - droga oświetlona,Zderzenie pojazdów tylne,1,0,1,Ciężko,N,,,,,,,,,,,,,,,,,,
EWK-98705537N,2014,2014-12-30,20,POWIAT PŁOCK,PŁOCK - OBSZAR MIEJSKI,Droga powiatowa,P,Jednojezdniowa dwukierunkowa,Odcinek prosty,Obszar zabudowany,"19,795","52,6369444444445",Jezdnia,Dobre warunki atmosferyczne,Noc - droga oświetlona,Zderzenie pojazdów tylne,1,0,4,Lekko,N,,,,,,,,,,,,,,,,,,
EWK-98705537N,2014,2014-12-30,20,POWIAT PŁOCK,PŁOCK - OBSZAR MIEJSKI,Droga powiatowa,P,Jednojezdniowa dwukierunkowa,Odcinek prosty,Obszar zabudowany,"19,795","52,6369444444445",Jezdnia,Dobre warunki atmosferyczne,Noc - droga oświetlona,Zderzenie pojazdów tylne,1,0,0,Nieokreślone (puste pole),N,,,,,,,,,,,,,,,,,,
EWK-98705671P,2014,2014-12-30,12,POWIAT SIERPECKI,SIERPC - OBSZAR MIEJSKI,Droga wojewódzka,541,Jednojezdniowa dwukierunkowa,Odcinek prosty,Obszar zabudowany,"19,7563888888889","52,9461111111111",Jezdnia,Dobre warunki atmosferyczne,Światło dzienne,Zderzenie pojazdów tylne,1,0,1,Lekko,N,,,,,,,,,,,,,,,,,,
EWK-98705671P,2014,2014-12-30,12,POWIAT SIERPECKI,SIERPC - OBSZAR MIEJSKI,Droga wojewódzka,541,Jednojezdniowa dwukierunkowa,Odcinek prosty,Obszar zabudowany,"19,7563888888889","52,9461111111111",Jezdnia,Dobre warunki atmosferyczne,Światło dzienne,Zderzenie pojazdów tylne,1,0,0,Nieokreślone (puste pole),N,,,,,,,,,,,,,,,,,,
EWK-98707354M,2014,2014-12-30,13,POWIAT SOKOŁOWSKI,KOSÓW LACKI - OBSZAR WIEJSKI,Droga powiatowa,36124W,Jednojezdniowa dwukierunkowa,Odcinek prosty,Obszar niezabudowany,"22,2563888888889","52,7458333333333",Pobocze,Pochmurno,Światło dzienne,Najechanie na drzewo,1,1,0,Nieokreślone (puste pole),N,,,,,,,,,,,,,,,,,,
EWK-98706610G,2014,2014-12-30,8,POWIAT OSTROŁĘCKI,KADZIDŁO - OBSZAR WIEJSKI,Droga krajowa,53,Jednojezdniowa dwukierunkowa,,Obszar niezabudowany,"21,5311111111111","53,3683333333333",Jezdnia,Pochmurno,Światło dzienne,Zderzenie pojazdów boczne,1,0,1,Lekko,N,,,,,,,,,,,,,,,,,,
EWK-98706610G,2014,2014-12-30,8,POWIAT OSTROŁĘCKI,KADZIDŁO - OBSZAR WIEJSKI,Droga krajowa,53,Jednojezdniowa dwukierunkowa,,Obszar niezabudowany,"21,5311111111111","53,3683333333333",Jezdnia,Pochmurno,Światło dzienne,Zderzenie pojazdów boczne,1,0,0,Nieokreślone (puste pole),N,,,,,,,,,,,,,,,,,,
EWK-98708479Y,2014,2014-12-30,15,POWIAT WYSZKOWSKI,WYSZKÓW - OBSZAR WIEJSKI,Droga krajowa,62,Jednojezdniowa dwukierunkowa,Odcinek prosty,Obszar niezabudowany,"21,4511111111111","52,6197222222222",Jezdnia,Pochmurno,Światło dzienne,Zderzenie pojazdów boczne,1,0,1,Lekko,T,,,,,,,,,,,,,,,,,,
EWK-98708479Y,2014,2014-12-30,15,POWIAT WYSZKOWSKI,WYSZKÓW - OBSZAR WIEJSKI,Droga krajowa,62,Jednojezdniowa dwukierunkowa,Odcinek prosty,Obszar niezabudowany,"21,4511111111111","52,6197222222222",Jezdnia,Pochmurno,Światło dzienne,Zderzenie pojazdów boczne,1,0,0,Nieokreślone (puste pole),T,,,,,,,,,,,,,,,,,,
EWK-98710089C,2014,2014-12-31,15,POWIAT RADOMSKI,SKARYSZEW - OBSZAR WIEJSKI,Droga powiatowa,34441W,Jednojezdniowa dwukierunkowa,,Obszar zabudowany,"21,1775","51,4855555555556",Jezdnia,Pochmurno,Światło dzienne,Zderzenie pojazdów boczne,1,0,2,Ciężko,N,,,,,,,,,,,,,,,,,,
EWK-98710089C,2014,2014-12-31,15,POWIAT RADOMSKI,SKARYSZEW - OBSZAR WIEJSKI,Droga powiatowa,34441W,Jednojezdniowa dwukierunkowa,,Obszar zabudowany,"21,1775","51,4855555555556",Jezdnia,Pochmurno,Światło dzienne,Zderzenie pojazdów boczne,1,0,0,Nieokreślone (puste pole),N,,,,,,,,,,,,,,,,,,